0,0,-0.189922398564174,0
0,0,-0.207355552889648,0
0,0,-0.224686775451382,0
0,0,-0.241872470818112,0
0,0,-0.258877354917777,0
0,0,-0.275658459591505,0
0,0,-0.292176266678585,0
0,0,-0.308390317109717,0
0,0,-0.324259681361307,0
0,0,-0.339745938999328,0
0,0,-0.354807846863991,0
0,0,-0.369406514066975,0
0,0,-0.383504147446649,0
0,0,-0.397061385660396,0
0,0,-0.410042317363762,0
0,0,-0.42241103121229,0
0,0,-0.434131772679622,0
0,0,-0.445171766783261,0
0,0,-0.455497611268321,0
0,0,-0.465078569787582,0
0,0,-0.473884533266216,0
0,0,-0.481887117628471,0
0,0,-0.489060134251974,0
0,0,-0.495377551332444,0
0,0,-0.500815846155173,0
0,0,-0.505354475549315,0
0,0,-0.508973053162119,0
0,0,-0.511654329002802,0
0,0,-0.513381993989162,0
0,0,-0.514142875400964,0
0,0,-0.513924741426559,0
0,0,-0.51271912388865,0
0,0,-0.510518652336629,0
0,0,-0.507317838137064,0
0,0,-0.503115740381366,0
0,0,-0.497910634070457,0
0,0,-0.49170628283869,0
0,0,-0.484507077592811,0
0,0,-0.476319918329135,0
0,0,-0.467155939132623,0
0,0,-0.45702627408824,0
0,0,-0.445945350461006,0
0,0,-0.433930731877905,0
0,0,-0.421000766056409,0
0,0,-0.407177407530248,0
0,0,-0.392482924469347,0
0,0,-0.376944446404671,0
0,0,-0.360588946049086,0
0,0,-0.343446846113616,0
0,0,-0.325549823854072,0
0,0,-0.306931281525339,0
0,0,-0.28762901228905,0
0,0,-0.267679397943958,0
0,0,-0.247123681649852,0
0,0,-0.226002792930326,0
0,0,-0.204360327216644,0
0,0,-0.182241448121045,0
0,0,-0.159692103346263,0
0,0,-0.136759808776011,0
0,0,-0.113493805293081,0
0,0,-0.0899445883250493,0
0,0,-0.0661624964813942,0
0,0,-0.0422002206430639,0
0,0,-0.0181104516910088,0
0,0,0.00605223767664542,0
0,0,0.0302351565789503,0
0,0,0.0543823209548968,0
0,0,0.0784385308339663,0
0,0,0.102348272609445,0
0,0,0.126055875856521,0
0,0,0.149505199696087,0
0,0,0.172640730521428,0
0,0,0.195406641089635,0
0,0,0.217747260975895,0
0,0,0.239608487936376,0
0,0,0.260935278818658,0
0,0,0.281674472287498,0
0,0,0.301772750189554,0
0,0,0.32117961709725,0
0,0,0.339843793492519,0
0,0,0.357716508946865,0
0,0,0.374750090758474,0
0,0,0.390898120770322,0
0,0,0.406117003551146,0
0,0,0.420364555032567,0
0,0,0.433601413871972,0
0,0,0.445788532362943,0
0,0,0.456892351432494,0
0,0,0.466880096098131,0
0,0,0.475722284557416,0
0,0,0.483393355460367,0
0,0,0.489869942910371,0
0,0,0.49513260146327,0
0,0,0.499164708400667,0
0,0,0.501954972819503,0
0,0,0.503493671997698,0
0,0,0.503777042300898,0
0,0,0.502803986002416,0
0,0,0.500577012191823,0
0,0,0.497103020865432,0
0,0,0.49239283247201,0
0,0,0.486460090186088,0
0,0,0.47932314172514,0
0,0,0.471003627986699,0
0,0,0.46152616941216,0
0,0,0.450918836441076,0
0,0,0.439213619965453,0
0,0,0.426444706330668,0
0,0,0.412649731880257,0
0,0,0.397869155683519,0
0,0,0.382145945899324,0
0,0,0.365525109321817,0
0,0,0.348054945925199,0
0,0,0.329785637500853,0
0,0,0.310767836294451,0
0,0,0.291056585458415,0
0,0,0.270706614508967,0
0,0,0.249774221143314,0
0,0,0.228317428057737,0
0,0,0.206395042039012,0
0,0,0.184066810782499,0
0,0,0.161392638801659,0
0,0,0.138433841972834,0
0,0,0.11525079526378,0
0,0,0.0919049713689357,0
0,0,0.0684565884379584,0
0,0,0.0449669623471904,0
0,0,0.0214959976100924,0
0,0,-0.00189671489607279,0
0,0,-0.0251523683845305,0
0,0,-0.0482126265228019,0
0,0,-0.0710211916136819,0
0,0,-0.0935227068685547,0
0,0,-0.115663540497882,0
0,0,-0.137390060712127,0
0,0,-0.158653183446596,0
0,0,-0.179402883728006,0
0,0,-0.199593213853625,0
0,0,-0.219179010211211,0
0,0,-0.238117775096188,0
0,0,-0.256370774438337,0
0,0,-0.273899117349335,0
0,0,-0.290668460665709,0
0,0,-0.306647127131648,0
0,0,-0.32180547812662,0
0,0,-0.336117168210149,0
0,0,-0.349558517849428,0
0,0,-0.362108670237415,0
0,0,-0.373749277656636,0
0,0,-0.384466540114462,0
0,0,-0.394247441708753,0
0,0,-0.403082730171724,0
0,0,-0.410965975961354,0
0,0,-0.417893885897584,0
0,0,-0.423865205435629,0
0,0,-0.42888150275647,0
0,0,-0.432947639221147,0
0,0,-0.436070671644073,0
0,0,-0.438259695474936,0
0,0,-0.439527099343481,0
0,0,-0.439887153696634,0
0,0,-0.43935632443469,0
0,0,-0.437953429729419,0
0,0,-0.435699483205958,0
0,0,-0.432616753034234,0
0,0,-0.428730486928036,0
0,0,-0.424067187145934,0
0,0,-0.41865445367319,0
0,0,-0.412522866038924,0
0,0,-0.405702062863671,0
0,0,-0.398225289584221,0
0,0,-0.390125164364969,0
0,0,-0.381436344005589,0
0,0,-0.372193955760046,0
0,0,-0.3624337541547,0
0,0,-0.352192120988299,0
0,0,-0.341505281241498,0
0,0,-0.33041087125783,0
0,0,-0.318946056926538,0
0,0,-0.307147220046371,0
0,0,-0.295051996960865,0
0,0,-0.282697239923065,0
0,0,-0.270119017095525,0
0,0,-0.257354023913192,0
0,0,-0.244437073993835,0
0,0,-0.23140266731903,0
0,0,-0.218285617506545,0
0,0,-0.205118229084582,0
0,0,-0.191932492945146,0
0,0,-0.178760086344045,0
0,0,-0.165630804719911,0
0,0,-0.152573345784691,0
0,0,-0.13961625043223,0
0,0,-0.126785550466808,0
0,0,-0.114106023147919,0
0,0,-0.101602759371254,0
0,0,-0.0892981841248335,0
0,0,-0.0772136246699958,0
0,0,-0.0653699378137833,0
0,0,-0.0537857849098651,0
0,0,-0.0424790432214203,0
0,0,-0.0314661786487458,0
0,0,-0.0207624025473532,0
0,0,-0.0103812012736765,0
0,0,-0.000335120275560707,0
0,0,0.00936517681632609,0
0,0,0.0187105945522961,0
0,0,0.0276932920274462,0
0,0,0.03630652606356,0
0,0,0.0445455921176949,0
0,0,0.0524071970097924,0
0,0,0.0598902430131658,0
0,0,0.0669931619468338,0
0,0,0.0737179924460722,0
0,0,0.0800670867823512,0
0,0,0.0860434244995345,0
0,0,0.0916524942310541,0
0,0,0.0968991573379501,0
0,0,0.101790941088929,0
0,0,0.10633443184411,0
0,0,0.110538254598887,0
0,0,0.114410563894358,0
0,0,0.117961082452604,0
0,0,0.12119906254141,0
0,0,0.124133599610464,0
0,0,0.12677488683614,0
0,0,0.129132960576714,0
0,0,0.131216759463776,0
0,0,0.133037103946092,0
0,0,0.134602932655252,0
0,0,0.135923341040943,0
0,0,0.137008051825245,0
0,0,0.137865219549258,0
0,0,0.13850299875408,0
0,0,0.138929857617008,0
0,0,0.139152696134355,0
0,0,0.139178571120536,0
0,0,0.139014068935668,0
0,0,0.138665148667477,0
0,0,0.138136671677005,0
0,0,0.137433812961486,0
0,0,0.136560806609569,0
0,0,0.135521102619411,0
0,0,0.134318307807267,0
0,0,0.132954774444609,0
0,0,0.131432541166711,0
0,0,0.129753332972652,0
0,0,0.127918404407216,0
0,0,0.125928225924697,0
0,0,0.123783424797489,0
0,0,0.121484628297983,0
0,0,0.119029954609001,0
0,0,0.11641909009435,0
0,0,0.113650466573046,0
0,0,0.110722359046013,0
0,0,0.107632885696072,0
0,0,0.104380478342244,0
0,0,0.100962471076862,0
0,0,0.0973769820827484,0
0,0,0.0936208749979417,0
0,0,0.0896933657319525,0
0,0,0.0855908474685247,0
0,0,0.0813117520266777,0
0,0,0.0768551384978238,0
0,0,0.072218654610491,0
0,0,0.0674015162741903,0
0,0,0.0624026257622339,0
0,0,0.0572208853479361,0
0,0,0.0518569223036891,0
0,0,0.0463102661751986,0
0,0,0.0405821715072492,0
0,0,0.0346727951179391,0
0,0,0.028585430187327,0
0,0,0.022321331260198,0
0,0,0.0158834778804153,0
0,0,0.00927673140901852,0
0,0,0.00250485548036128,0
0,0,-0.00442744536261475,0
0,0,-0.0115132711235941,0
0,0,-0.0187466627148505,0
0,0,-0.0261202496857756,0
0,0,-0.0336263479495643,0
0,0,-0.0412557052384303,0
0,0,-0.0489992261026858,0
0,0,-0.0568462469116636,0
0,0,-0.0647864176708909,0
0,0,-0.0728075065687181,0
0,0,-0.0808974386115952,0
0,0,-0.0890424138068927,0
0,0,-0.097229573070569,0
0,0,-0.10544307777472,0
0,0,-0.113667873381931,0
0,0,-0.121889062172887,0
0,0,-0.130088923702506,0
0,0,-0.138250207980003,0
0,0,-0.146356135468882,0
0,0,-0.154388044815476,0
0,0,-0.162328058756605,0
0,0,-0.170157202302404,0
0,0,-0.177857441371594,0
0,0,-0.185409016883821,0
0,0,-0.192792953849218,0
0,0,-0.199990120459822,0
0,0,-0.206982012180062,0
0,0,-0.213749967656267,0
0,0,-0.220275168716671,0
0,0,-0.226540365370487,0
0,0,-0.232527837172632,0
0,0,-0.238220804586616,0
0,0,-0.24360280171214,0
0,0,-0.248658930829889,0
0,0,-0.253374607856744,0
0,0,-0.257735405527681,0
0,0,-0.261728464758661,0
0,0,-0.265340769647543,0
0,0,-0.268562440654151,0
0,0,-0.271382030057325,0
0,0,-0.273790442407378,0
0,0,-0.275778739072719,0
0,0,-0.277338451876054,0
0,0,-0.278463151275362,0
0,0,-0.279146564546721,0
0,0,-0.279382889420502,0
0,0,-0.27916851908045,0
0,0,-0.278499062619819,0
0,0,-0.277372638221432,0
0,0,-0.275787677704309,0
0,0,-0.273743553796056,0
0,0,-0.271241207405264,0
0,0,-0.268281893076717,0
0,0,-0.26486906080857,0
0,0,-0.261006160598983,0
0,0,-0.256698053808994,0
0,0,-0.251951483616822,0
0,0,-0.246773036382583,0
0,0,-0.241171180283574,0
0,0,-0.235155167587581,0
0,0,-0.228734564198585,0
0,0,-0.221922386018726,0
0,0,-0.214729767132965,0
0,0,-0.20717082117013,0
0,0,-0.19925997539524,0
0,0,-0.191013538890496,0
0,0,-0.1824475071019,0
0,0,-0.173579286838336,0
0,0,-0.16442785308967,0
0,0,-0.155011867209571,0
0,0,-0.145352499641279,0
0,0,-0.135470920828031,0
0,0,-0.125387830758772,0
0,0,-0.11512690896631,0
0,0,-0.104711364529157,0
0,0,-0.0941655042525146,0
0,0,-0.0835125372148948,0
0,0,-0.0727781815843803,0
0,0,-0.061987371438563,0
0,0,-0.0511653544912313,0
0,0,-0.0403370648199768,0
0,0,-0.0295275933204897,0
0,0,-0.0187631286151474,0
0,0,-0.00806860478154048,0
0,0,0.00253151455703171,0
0,0,0.0130116680505863,0
0,0,0.023348176166315,0
0,0,0.0335172025533121,0
0,0,0.0434955381330648,0
0,0,0.0532612283718439,0
0,0,0.0627926323721166,0
0,0,0.0720679524182528,0
0,0,0.081068213520386,0
0,0,0.0897733429619645,0
0,0,0.0981649930255151,0
0,0,0.106225756902153,0
0,0,0.113939325509678,0
0,0,0.121289389765894,0
0,0,0.128261522405778,0
0,0,0.1348419234367,0
0,0,0.141017733774619,0
0,0,0.146777192062182,0
0,0,0.152109791486816,0
0,0,0.15700439796356,0
0,0,0.161453484223707,0
0,0,0.165448111635667,0
0,0,0.168982164293617,0
0,0,0.172049055837436,0
0,0,0.174644238542282,0
0,0,0.176764419228094,0
0,0,0.178406775169109,0
0,0,0.179569895002442,0
0,0,0.180254406000488,0
0,0,0.180460464981343,0
0,0,0.18019105148887,0
0,0,0.179450085975522,0
0,0,0.178241175257554,0
0,0,0.176571219331281,0
0,0,0.174447275011115,0
0,0,0.171876712747665,0
0,0,0.168869098444913,0
0,0,0.16543415482494,0
0,0,0.161583172790805,0
0,0,0.157326972791276,0
0,0,0.152678884364687,0
0,0,0.147650982504589,0
0,0,0.14225722402171,0
0,0,0.136511722544875,0
0,0,0.130428121248617,0
0,0,0.124021788306545,0
0,0,0.117308091892269,0
0,0,0.110301616088909,0
0,0,0.103018356342469,0
0,0,0.0954744649170471,0
0,0,0.0876851531681566,0
0,0,0.0796668869960944,0
0,0,0.0714361323011565,0
0,0,0.0630088845293457,0
0,0,0.0544011391266641,0
0,0,0.0456296756296051,0
0,0,0.0367108031203665,0
0,0,0.0276597329544608,0
0,0,0.0184941855769691,0
0,0,0.00922905870720725,0
0,0,-0.000119181754528186,0
0,0,-0.00953501081652863,0
0,0,-0.0190027466689877,0
0,0,-0.0285062370478053,0
0,0,-0.0380304274155673,0
0,0,-0.0475599495986633,0
0,0,-0.0570786513329931,0
0,0,-0.0665719485354366,0
0,0,-0.0760249434866782,0
0,0,-0.085422111195009,0
0,0,-0.0947472993963288,0
0,0,-0.103986394461812,0
0,0,-0.113123557763554,0
0,0,-0.122143107491749,0
0,0,-0.131029518654689,0
0,0,-0.139767109442566,0
0,0,-0.148340354863674,0
0,0,-0.156732945835813,0
0,0,-0.164929671003471,0
0,0,-0.172914691738744,0
0,0,-0.180671698959434,0
0,0,-0.188185481310027,0
0,0,-0.195440043344523,0
0,0,-0.202419703253113,0
0,0,-0.209108936044091,0
0,0,-0.215492530361944,0
0,0,-0.221555431669258,0
0,0,-0.227282428610521,0
0,0,-0.232659407556907,0
0,0,-0.237672098061493,0
0,0,-0.242307484222139,0
0,0,-0.246551138773824,0
0,0,-0.250391143541094,0
0,0,-0.253814639439909,0
0,0,-0.256810492385305,0
0,0,-0.25936850920091,0
0,0,-0.261478026256054,0
0,0,-0.263130575373443,0
0,0,-0.26431847246627,0
0,0,-0.265033876629634,0
0,0,-0.26527224013869,0
0,0,-0.2650285448143,0
0,0,-0.26429902702211,0
0,0,-0.263082118581141,0
0,0,-0.261377819491392,0
0,0,-0.259186913843353,0
0,0,-0.256510812999907,0
0,0,-0.253354064685897,0
0,0,-0.249721687080463,0
0,0,-0.245620266543721,0
0,0,-0.241058114434871,0
0,0,-0.236044483021697,0
0,0,-0.230590192752965,0
0,0,-0.224707318622228,0
0,0,-0.218410287894505,0
0,0,-0.211713057380526,0
0,0,-0.204631936162489,0
0,0,-0.19718417423118,0
0,0,-0.189387335213582,0
0,0,-0.181261491826249,0
0,0,-0.172826089513338,0
0,0,-0.164102141899993,0
0,0,-0.155112073974233,0
0,0,-0.145878153905986,0
0,0,-0.136422963501372,0
0,0,-0.126771750474179,0
0,0,-0.116948821629607,0
0,0,-0.106978640590953,0
0,0,-0.0968867687082035,0
0,0,-0.0866998650580265,0
0,0,-0.0764438046266046,0
0,0,-0.0661439919458227,0
0,0,-0.055828183819038,0
0,0,-0.045521784778138,0
0,0,-0.0352512970816938,0
0,0,-0.0250425957158866,0
0,0,-0.0149213988487983,0
0,0,-0.00491264055802143,0
0,0,0.00495811780645972,0
0,0,0.0146676671661321,0
0,0,0.0241913870796,0
0,0,0.0335065389226439,0
0,0,0.0425913249796332,0
0,0,0.0514231634444469,0
0,0,0.0599816679643363,0
0,0,0.0682472362770443,0
0,0,0.076199482029822,0
0,0,0.0838203711413927,0
0,0,0.091092339984773,0
0,0,0.0979995499320585,0
0,0,0.104525535082953,0
0,0,0.110656652262924,0
0,0,0.116378787843147,0
0,0,0.121680023648169,0
0,0,0.126548755138733,0
0,0,0.130975102774661,0
0,0,0.134950284742462,0
0,0,0.138465519228643,0
0,0,0.141514533509283,0
0,0,0.144091525314753,0
0,0,0.14619194692021,0
0,0,0.147812505145594,0
0,0,0.148950690901336,0
0,0,0.149605406460749,0
0,0,0.149776808641932,0
0,0,0.149466151989669,0
0,0,0.148674847866843,0
0,0,0.147406189453512,0
0,0,0.145664567656424,0
0,0,0.143454843836618,0
0,0,0.140783917990407,0
0,0,0.137658690114109,0
0,0,0.134087314748821,0
0,0,0.130079200980427,0
0,0,0.125643757894811,0
0,0,0.120792746849328,0
0,0,0.115537301928941,0
0,0,0.1098894981272,0
0,0,0.10386266498244,0
0,0,0.0974701320329976,0
0,0,0.0907261697257955,0
0,0,0.083644578053464,0
0,0,0.0762405683715146,0
0,0,0.0685282543087733,0
0,0,0.0605234744931442,0
0,0,0.0522411266439435,0
0,0,0.0436968925709778,0
0,0,0.0349067677202488,0
0,0,0.0258864339015636,0
0,0,0.0166520433790223,0
0,0,0.00722084614341156,0
0,0,-0.00239006463257929,0
0,0,-0.0121635957762616,0
0,0,-0.0220810859339655,0
0,0,-0.0321245010244143,0
0,0,-0.042274709239644,0
0,0,-0.052512265135495,0
0,0,-0.0628164687230223,0
0,0,-0.0731667768313806,0
0,0,-0.083542489471625,0
0,0,-0.0939211816557325,0
0,0,-0.104281682940465,0
0,0,-0.114600156974916,0
0,0,-0.124854178771064,0
0,0,-0.135019284705609,0
0,0,-0.145072579336236,0
0,0,-0.154989442221548,0
0,0,-0.164745096102051,0
0,0,-0.174315390990643,0
0,0,-0.183675392809733,0
0,0,-0.192800481117925,0
0,0,-0.201665721837626,0
0,0,-0.210246180891244,0
0,0,-0.218518806018365,0
0,0,-0.226458663141396,0
0,0,-0.23404285681802,0
0,0,-0.241248334787821,0
0,0,-0.248053926607562,0
0,0,-0.254437677743513,0
0,0,-0.26037888820673,0
0,0,-0.265859053461642,0
0,0,-0.270858728064089,0
0,0,-0.275361132477577,0
0,0,-0.279349173529419,0
0,0,-0.282808267136494,0
0,0,-0.285725240578565,0
0,0,-0.288086607499198,0
0,0,-0.289882801994413,0
0,0,-0.291102533161147,0
0,0,-0.291739057821185,0
0,0,-0.291785005523918,0
0,0,-0.291235671726403,0
0,0,-0.290086979158091,0
0,0,-0.288337830092295,0
0,0,-0.28598712680233,0
0,0,-0.283037064741568,0
0,0,-0.279490309817676,0
0,0,-0.275351252937399,0
0,0,-0.270626794097053,0
0,0,-0.265324303747247,0
0,0,-0.259453190973864,0
0,0,-0.253025060316161,0
0,0,-0.246051359495297,0
0,0,-0.238546986230587,0
0,0,-0.230526838241348,0
0,0,-0.222008479154562,0
0,0,-0.213009315779116,0
0,0,-0.203549107195364,0
0,0,-0.193649651118937,0
0,0,-0.183332274811172,0
0,0,-0.172620971441072,0
0,0,-0.161540518268132,0
0,0,-0.150116476642337,0
0,0,-0.138375662458453,0
0,0,-0.12634583251984,0
0,0,-0.114056468628932,0
0,0,-0.101537052588165,0
0,0,-0.0888189480171526,0
0,0,-0.0759338321717036,0
0,0,-0.0629136959438216,0
0,0,-0.0497920984064932,0
0,0,-0.0366030690869975,0
0,0,-0.023380637512614,0
0,0,-0.0101599309373099,0
0,0,0.00302376656685177,0
0,0,0.0161359550182967,0
0,0,0.0291404094363721,0
0,0,0.0420016889309163,0
0,0,0.0546840389755698,0
0,0,0.0671513914077797,0
0,0,0.079369873518363,0
0,0,0.0913029466904716,0
0,0,0.102917522305414,0
0,0,0.114179100381617,0
0,0,0.125054278664192,0
0,0,0.135510752624939,0
0,0,0.145517315462343,0
0,0,0.155043544465379,0
0,0,0.164060428285908,0
0,0,0.17254099421106,0
0,0,0.180458739982264,0
0,0,0.187789986066712,0
0,0,0.194512777930675,0
0,0,0.200606572403308,0
0,0,0.206053805857626,0
0,0,0.210838482847628,0
0,0,0.214947744289273,0
0,0,0.218369985643303,0
0,0,0.221096268278129,0
0,0,0.223121730832712,0
0,0,0.224441041491716,0
0,0,0.225052945710358,0
0,0,0.224958384397226,0
0,0,0.224161905277164,0
0,0,0.222666801530231,0
0,0,0.220481854969918,0
0,0,0.217616788318306,0
0,0,0.214081951569867,0
0,0,0.209892085625818,0
0,0,0.205061147296887,0
0,0,0.199607170664352,0
0,0,0.193548346627588,0
0,0,0.186905531993636,0
0,0,0.179699426751442,0
0,0,0.171953710433814,0
0,0,0.16369268984595,0
0,0,0.154941299065442,0
0,0,0.145726667623257,0
0,0,0.136075297777966,0
0,0,0.126016671332005,0
0,0,0.115579329179222,0
0,0,0.104793066758248,0
0,0,0.0936892476886972,0
0,0,0.0822982946815927,0
0,0,0.0706528259013317,0
0,0,0.0587840481494288,0
0,0,0.0467248932264774,0
0,0,0.0345078224787765,0
0,0,0.0221657677069196,0
0,0,0.00973197434769557,0
0,0,-0.00276140988879281,0
0,0,-0.0152823941105394,0
0,0,-0.0277978896988544,0
0,0,-0.0402763762160264,0
0,0,-0.0526869604967369,0
0,0,-0.0649993766480604,0
0,0,-0.0771832019589715,0
0,0,-0.0892105228080163,0
0,0,-0.101053111937542,0
0,0,-0.112684153452782,0
0,0,-0.124078242821848,0
0,0,-0.135211700511933,0
0,0,-0.146060219717837,0
0,0,-0.156602629996323,0
0,0,-0.166818858630837,0
0,0,-0.176689616995318,0
0,0,-0.186197341462784,0
0,0,-0.195325566132937,0
0,0,-0.204059079650265,0
0,0,-0.212384866112629,0
0,0,-0.220289909617889,0
0,0,-0.227764016989673,0
0,0,-0.234795897324918,0
0,0,-0.241378650627312,0
0,0,-0.247503181447164,0
0,0,-0.253163217060555,0
0,0,-0.258353582470246,0
0,0,-0.2630692594971,0
0,0,-0.267307111779156,0
0,0,-0.271064159772551,0
0,0,-0.2743391489325,0
0,0,-0.277130981532317,0
0,0,-0.279440284844393,0
0,0,-0.28126784295922,0
0,0,-0.282615380875876,0
0,0,-0.283485094047734,0
0,0,-0.283880275654853,0
0,0,-0.283805159785881,0
0,0,-0.283264137347563,0
0,0,-0.282261756064744,0
0,0,-0.280804288661346,0
0,0,-0.278898007861291,0
0,0,-0.276550597751385,0
0,0,-0.273768644691747,0
0,0,-0.270560773677769,0
0,0,-0.266936550613433,0
0,0,-0.262904600494134,0
0,0,-0.258474489223852,0
0,0,-0.253657978159944,0
0,0,-0.24846541729688,0
0,0,-0.242909195264407,0
0,0,-0.237001230237979,0
0,0,-0.230754694937834,0
0,0,-0.224183075720403,0
0,0,-0.217300015760219,0
0,0,-0.2101202559585,0
0,0,-0.202659321306953,0
0,0,-0.19493257997919,0
0,0,-0.186956811511703,0
0,0,-0.178748168168592,0
0,0,-0.170324684031135,0
0,0,-0.161703765908216,0
0,0,-0.152904388789702,0
0,0,-0.143943802666378,0
0,0,-0.134842237072896,0
0,0,-0.125618353362925,0
0,0,-0.116291596980625,0
0,0,-0.106882667914939,0
0,0,-0.097411168428126,0
0,0,-0.0878971712367381,0
0,0,-0.0783613763297197,0
0,0,-0.0688243268779162,0
0,0,-0.0593060955978807,0
0,0,-0.0498280097509493,0
0,0,-0.0404102988717724,0
0,0,-0.0310735061311956,0
0,0,-0.0218381747000658,0
0,0,-0.0127246909311308,0
0,0,-0.00375297072284519,0
0,0,0.00505691320823942,0
0,0,0.0136856722360614,0
0,0,0.0221144881888529,0
0,0,0.0303250133491406,0
0,0,0.0382987431813528,0
0,0,0.0460190549670956,0
0,0,0.0534691691698757,0
0,0,0.0606329335255922,0
0,0,0.067495763951126,0
0,0,0.0740432331814549,0
0,0,0.0802629525868319,0
0,0,0.0861420630832161,0
0,0,0.091669744221841,0
0,0,0.096837057371117,0
0,0,0.101634122990866,0
0,0,0.106053570630479,0
0,0,0.110089911656524,0
0,0,0.113737814253667,0
0,0,0.116993201151358,0
0,0,0.119853406441931,0
0,0,0.122317802852991,0
0,0,0.124385919930248,0
0,0,0.126059482672776,0
0,0,0.127340059261559,0
0,0,0.128232511057636,0
0,0,0.128740601695361,0
0,0,0.128871074352949,0
0,0,0.128630829026716,0
0,0,0.128028647530154,0
0,0,0.127072998040558,0
0,0,0.125774544188596,0
0,0,0.12414442005923,0
0,0,0.122193916555522,0
0,0,0.119936206397708,0
0,0,0.117383678215536,0
0,0,0.114550288819732,0
0,0,0.111449838202927,0
0,0,0.108096439993947,0
0,0,0.104504364639714,0
0,0,0.100688666677644,0
0,0,0.0966633029184631,0
0,0,0.0924439551719785,0
0,0,0.0880445802489174,0
0,0,0.0834794485962036,0
0,0,0.0787634579331531,0
0,0,0.0739108787066898,0
0,0,0.0689348836370507,0
0,0,0.0638494295349636,0
0,0,0.0586683163930584,0
0,0,0.0534039328410811,0
0,0,0.0480697652354662,0
0,0,0.0426778885697638,0
0,0,0.0372405346556235,0
0,0,0.0317696216684975,0
0,0,0.0262772246019369,0
0,0,0.0207741639047079,0
0,0,0.0152722009341653,0
0,0,0.0097818425028795,0
0,0,0.00431359542342036,0
0,0,-0.00112203349164108,0
0,0,-0.00651579197452001,0
0,0,-0.0118570163945479,0
0,0,-0.0171377090287237,0
0,0,-0.0223478335187709,0
0,0,-0.0274793921416886,0
0,0,-0.032524387174475,0
0,0,-0.0374740368036398,0
0,0,-0.0423219114871611,0
0,0,-0.047059543047744,0
0,0,-0.0516806587614664,0
0,0,-0.0561792995406017,0
0,0,-0.0605482517526381,0
0,0,-0.0647818699460468,0
0,0,-0.0688748223054926,0
0,0,-0.0728219338337398,0
0,0,-0.0766178727154547,0
0,0,-0.0802588753162828,0
0,0,-0.0837400802751843,0
0,0,-0.0870589785025913,0
0,0,-0.0902122768184433,0
0,0,-0.0931976229512694,0
0,0,-0.0960121941753054,0
0,0,-0.0986559904905505,0
0,0,-0.101127286897926,0
0,0,-0.103426240215531,0
0,0,-0.105553791351952,0
0,0,-0.107510097125289,0
0,0,-0.109297980261306,0
0,0,-0.11091853848669,0
0,0,-0.112374908163401,0
0,0,-0.113670539289598,0
0,0,-0.11480872504534,0
0,0,-0.115794483609765,0
0,0,-0.116632362707715,0
0,0,-0.117327694154527,0
0,0,-0.117886437037926,0
0,0,-0.118315334536128,0
0,0,-0.118621757099743,0
0,0,-0.118812447906988,0
0,0,-0.118896031953256,0
0,0,-0.118880977415842,0
0,0,-0.118776850198728,0
0,0,-0.118592432115406,0
0,0,-0.118338073160348,0
0,0,-0.118023496055633,0
0,0,-0.117659834886224,0
0,0,-0.117256341919909,0
0,0,-0.116824308059745,0
0,0,-0.116374867390696,0
0,0,-0.11591711536245,0
0,0,-0.115463440604754,0
0,0,-0.115022311294902,0
0,0,-0.114604391063564,0
0,0,-0.114219402632819,0
0,0,-0.113876598270453,0
0,0,-0.113584446153762,0
0,0,-0.113351728096236,0
0,0,-0.113186285002779,0
0,0,-0.113095330505903,0
0,0,-0.113085450965725,0
0,0,-0.113163232742365,0
0,0,-0.113332596288272,0
0,0,-0.113597932510195,0
0,0,-0.113963945951075,0
0,0,-0.114432988882381,0
0,0,-0.11500788402988,0
0,0,-0.115689572302161,0
0,0,-0.116479465062104,0
0,0,-0.117376150946829,0
0,0,-0.118380570864922,0
0,0,-0.119490372544915,0
0,0,-0.120701635534354,0
0,0,-0.122012634834161,0
0,0,-0.123417881810904,0
0,0,-0.124912201467347,0
0,0,-0.126490889260548,0
0,0,-0.128145790649408,0
0,0,-0.129871730636689,0
0,0,-0.131660084227001,0
0,0,-0.133502853697339,0
0,0,-0.135391414052313,0
0,0,-0.137316513024135,0
0,0,-0.139269368799315,0
0,0,-0.141239788201477,0
0,0,-0.143218205326641,0
0,0,-0.145193799726039,0
0,0,-0.147156848677592,0
0,0,-0.149096531732534,0
0,0,-0.151002969350687,0
0,0,-0.152865184265186,0
0,0,-0.154673610572049,0
0,0,-0.15641742782251,0
0,0,-0.158087383748784,0
0,0,-0.15967375562879,0
0,0,-0.161167291194742,0
0,0,-0.162559522269346,0
0,0,-0.163840726130521,0
0,0,-0.165003532327659,0
0,0,-0.166039315865366,0
0,0,-0.16694086311113,0
0,0,-0.167700646796245,0
0,0,-0.168310512379613,0
0,0,-0.168765441682094,0
0,0,-0.169057750616883,0
0,0,-0.169181793732451,0
0,0,-0.169130984668679,0
0,0,-0.168900305246428,0
0,0,-0.168484894104659,0
0,0,-0.16788004670043,0
0,0,-0.167081528945093,0
0,0,-0.166084793113804,0
0,0,-0.164887486935092,0
0,0,-0.163486474046997,0
0,0,-0.161879088541851,0
0,0,-0.160063605420574,0
0,0,-0.158038926956482,0
0,0,-0.155803641786691,0
0,0,-0.153358220365496,0
0,0,-0.1507023490567,0
0,0,-0.147837282405088,0
0,0,-0.144763647683052,0
0,0,-0.141484267616357,0
0,0,-0.138001180840279,0
0,0,-0.134317680534875,0
0,0,-0.130437373516403,0
0,0,-0.126364337055411,0
0,0,-0.122103275694842,0
0,0,-0.117659834886224,0
0,0,-0.1130388759906,0
0,0,-0.108247142186186,0
0,0,-0.103291533469295,0
0,0,-0.0981789498362426,0
0,0,-0.0929170753738349,0
0,0,-0.0875142214412683,0
0,0,-0.0819783857615441,0
0,0,-0.0763186637843504,0
0,0,-0.0705441509593739,0
0,0,-0.0646642563724995,0
0,0,-0.0586885459277087,0
0,0,-0.0526258014384924,0
0,0,-0.0464866865355196,0
0,0,-0.0402802966684781,0
0,0,-0.0340169818318392,0
0,0,-0.0277052102028992,0
0,0,-0.0213551749580314,0
0,0,-0.0149748738202381,0
0,0,-0.00857497042018629,0
0,0,-0.00216299202658399,0
0,0,0.00425259318327398,0
0,0,0.0106633170320922,0
0,0,0.0170611817968689,0
0,0,0.0234394442993877,0
0,0,0.0297894795442553,0
0,0,0.0361057988980393,0
0,0,0.0423807182739344,0
0,0,0.0486090626747051,0
0,0,0.0547840889221343,0
0,0,0.0609003083827897,0
0,0,0.0669520756051414,0
0,0,0.072934215591953,0
0,0,0.0788413965278902,0
0,0,0.0846690706881099,0
0,0,0.0904123767115714,0
0,0,0.0960667668734312,0
0,0,0.101628791175532,0
0,0,0.107093274620637,0
0,0,0.11245755130108,0
0,0,0.117717387128214,0
0,0,0.122868861649585,0
0,0,0.127908838503234,0
0,0,0.132833397236708,0
0,0,0.137638146943262,0
0,0,0.142320578533327,0
0,0,0.146876457918255,0
0,0,0.151301080555105,0
0,0,0.155589898719031,0
0,0,0.159737894230897,0
0,0,0.163739421639173,0
0,0,0.167588678674228,0
0,0,0.171278451703554,0
0,0,0.174802781639424,0
0,0,0.178153357122639,0
0,0,0.181323591793082,0
0,0,0.18430470383726,0
0,0,0.18708822507788,0
0,0,0.189665530519546,0
0,0,0.192028151984964,0
0,0,0.194167464478741,0
0,0,0.196073588460697,0
0,0,0.197738526207833,0
0,0,0.199152711816165,0
0,0,0.200307206654106,0
0,0,0.20119338572626,0
0,0,0.201802310401039,0
0,0,0.202125355683049,0
0,0,0.202153269304504,0
0,0,0.201878523996697,0
0,0,0.201292181128039,0
0,0,0.200386086157431,0
0,0,0.199152868634263,0
0,0,0.197583903563142,0
0,0,0.195672761402048,0
0,0,0.193411601246077,0
0,0,0.19079383673511,0
0,0,0.187813665599519,0
0,0,0.184464344661089,0
0,0,0.180742110285464,0
0,0,0.176640689748722,0
0,0,0.172157730779394,0
0,0,0.167289626561222,0
0,0,0.162034338458933,0
0,0,0.156389200564859,0
0,0,0.150355624241882,0
0,0,0.143932041309023,0
0,0,0.137120804037752,0
0,0,0.129923323790952,0
0,0,0.122342893748682,0
0,0,0.114383434363393,0
0,0,0.106049806996126,0
0,0,0.0973485980069986,0
0,0,0.0882857664837384,0
0,0,0.078870251057934,0
0,0,0.0691103630887835,0
0,0,0.0590158252983659,0
0,0,0.0485993399526252,0
0,0,0.0378707865917387,0
0,0,0.0268449061169251,0
0,0,0.0155356553389112,0
0,0,0.0039573047046213,0
0,0,-0.00787352306755007,0
0,0,-0.0199406757135027,0
0,0,-0.0322267464243513,0
0,0,-0.0447127602102302,0
0,0,-0.057379898899372,0
0,0,-0.070208246593323,0
0,0,-0.0831760055764516,0
0,0,-0.0962631031322062,0
0,0,-0.109446330182074,0
0,0,-0.122702948101834,0
0,0,-0.136009590994878,0
0,0,-0.149341795237905,0
0,0,-0.162674469935226,0
0,0,-0.175982524191152,0
0,0,-0.189240553473795,0
0,0,-0.20242236916078,0
0,0,-0.215501155357338,0
0,0,-0.228450723441091,0
0,0,-0.241243473426781,0
0,0,-0.253853216692032,0
0,0,-0.266252353251584,0
0,0,-0.278415321755453,0
0,0,-0.290314992672674,0
0,0,-0.301924550108479,0
0,0,-0.313220314530059,0
0,0,-0.324175626860745,0
0,0,-0.334766493931532,0
0,0,-0.344969863482005,0
0,0,-0.35476174234316,0
0,0,-0.364120803253662,0
0,0,-0.37302430758929,0
0,0,-0.381452809905886,0
0,0,-0.389385767032602,0
0,0,-0.396804203979573,0
0,0,-0.403690870756012,0
0,0,-0.410026792372054,0
0,0,-0.415796914290285,0
0,0,-0.420985397882799,0
0,0,-0.425577659066478,0
0,0,-0.429559897848691,0
0,0,-0.432921293780673,0
0,0,-0.435648830960284,0
0,0,-0.43773388439213,0
0,0,-0.43916688817223,0
0,0,-0.439941412758564,0
0,0,-0.440050871791012,0
0,0,-0.439490247090436,0
0,0,-0.43825765683966,0
0,0,-0.43635027831292,0
0,0,-0.433768738782606,0
0,0,-0.430513822339209,0
0,0,-0.426588978980886,0
0,0,-0.421998599614384,0
0,0,-0.416748956963625,0
0,0,-0.410847578297317,0
0,0,-0.404303715883243,0
0,0,-0.397128660624465,0
0,0,-0.389335114786927,0
0,0,-0.380937819271847,0
0,0,-0.371952612707127,0
0,0,-0.36239643144736,0
0,0,-0.352290445935785,0
0,0,-0.341653944798461,0
0,0,-0.330511078022493,0
0,0,-0.318885054686391,0
0,0,-0.306802063412534,0
0,0,-0.294288292823298,0
0,0,-0.281373224721119,0
0,0,-0.268086027272236,0
0,0,-0.254458064096261,0
0,0,-0.240521482903299,0
0,0,-0.226309058675844,0
0,0,-0.211855448213568,0
0,0,-0.197196406042829,0
0,0,-0.182366745781397,0
0,0,-0.16740394695471,0
0,0,-0.152344548179617,0
0,0,-0.137226656253945,0
0,0,-0.12208806433933,0
0,0,-0.106967663324089,0
0,0,-0.0919027759155627,0
0,0,-0.0769318225477765,0
0,0,-0.062093850927148,0
0,0,-0.047424929216231,0
0,0,-0.0329628505766594,0
0,0,-0.0187436831709876,0
0,0,-0.0048022406169852,0
0,0,0.00882744755806786,0
0,0,0.0221121359173819,0
0,0,0.0350203040232466,0
0,0,0.0475230973456184,0
0,0,0.0595911909001594,0
0,0,0.071198709700689,0
0,0,0.0823205628515176,0
0,0,0.0929344821827196,0
0,0,0.10302070861394,0
0,0,0.11255963988292,0
0,0,0.121534966907461,0
0,0,0.129932262422541,0
0,0,0.137740705979396,0
0,0,0.144949006674962,0
0,0,0.151550578149123,0
0,0,0.157539774950348,0
0,0,0.162913147080478,0
0,0,0.167669910449025,0
0,0,0.17181069232838,0
0,0,0.175339256352897,0
0,0,0.178259993429322,0
0,0,0.180580744462557,0
0,0,0.182310761720389,0
0,0,0.183459924742995,0
0,0,0.184042190341103,0
0,0,0.184071358507343,0
0,0,0.183563424687716,0
0,0,0.182535482054913,0
0,0,0.181007603325485,0
0,0,0.178999704397885,0
0,0,0.176534523896334,0
0,0,0.17363480044505,0
0,0,0.170325468121625,0
0,0,0.166631461003652,0
0,0,0.16258022225829,0
0,0,0.158199351870801,0
0,0,0.15351739073503,0
0,0,0.148563663835316,0
0,0,0.143368750700781,0
0,0,0.137963544496743,0
0,0,0.132378624752325,0
0,0,0.126646609631924,0
0,0,0.120799333209447,0
0,0,0.114868159104506,0
0,0,0.108886175935792,0
0,0,0.102885060959115,0
0,0,0.0968969618845772,0
0,0,0.0909530855136929,0
0,0,0.0850852659203691,0
0,0,0.0793240826337285,0
0,0,0.073699801546697,0
0,0,0.0682422180979061,0
0,0,0.0629792459088119,0
0,0,0.057939269055163,0
0,0,0.0531484761593366,0
0,0,0.0486328990256106,0
0,0,0.0444159035505969,0
0,0,0.0405205419947103,0
0,0,0.0369684552554841,0
0,0,0.0337789319589794,0
0,0,0.0309700061864739,0
0,0,0.028558143838264,0
0,0,0.0265566744526853,0
0,0,0.0249786139318766,0
0,0,0.023833371361722,0
0,0,0.0231294149195169,0
0,0,0.0228717627843995,0
0,0,0.0230635513183306,0
0,0,0.0237057214298986,0
0,0,0.0247960776657312,0
0,0,0.0263305427552782,0
0,0,0.0283031576108135,0
0,0,0.0307037290559629,0
0,0,0.0335212798238618,0
0,0,0.0367404417409005,0
0,0,0.0403453761791741,0
0,0,0.0443169513307191,0
0,0,0.0486335262980029,0
0,0,0.0532723624568063,0
0,0,0.0582075848209489,0
0,0,0.0634125343137601,0
0,0,0.0688588268594903,0
0,0,0.0745160397471152,0
0,0,0.0803532798113165,0
0,0,0.086337615251501,0
0,0,0.0924362710851734,0
0,0,0.0986139632402696,0
0,0,0.10483666218951,0
0,0,0.11106829977034,0
0,0,0.117273435092597,0
0,0,0.123416940902316,0
0,0,0.129461651310254,0
0,0,0.135373223152937,0
0,0,0.141115588267811,0
0,0,0.1466542466733,0
0,0,0.151955168842126,0
0,0,0.156984482065106,0
0,0,0.161709254541648,0
0,0,0.166097809015943,0
0,0,0.170118938686476,0
0,0,0.173743161750811,0
0,0,0.1769420941332,0
0,0,0.179687979030284,0
0,0,0.181955568728276,0
0,0,0.183719615513387,0
0,0,0.184958321669987,0
0,0,0.185650830391034,0
0,0,0.185777225778073,0
0,0,0.185321198748905,0
0,0,0.184265812948941,0
0,0,0.182599150202727,0
0,0,0.180307880971927,0
0,0,0.177383537079247,0
0,0,0.173817807165489,0
0,0,0.169604732142927,0
0,0,0.164741018831501,0
0,0,0.159224628595937,0
0,0,0.153056502344823,0
0,0,0.146238678713433,0
0,0,0.138776019062808,0
0,0,0.130674482480674,0
0,0,0.12194222350813,0
0,0,0.112590219412042,0
0,0,0.102629917913566,0
0,0,0.0920751190053339,0
0,0,0.0809415044971511,0
0,0,0.0692461675617058,0
0,0,0.0570079263707666,0
0,0,0.0442470104589829,0
0,0,0.0309855311781821,0
0,0,0.0172463839706811,0
0,0,0.00305465973217012,0
0,0,-0.0115632960968759,0
0,0,-0.0265798835311984,0
0,0,-0.0419675025855386,0
0,0,-0.057695416912675,0
0,0,-0.0737332038015844,0
0,0,-0.0900494996326537,0
0,0,-0.10661137260529,0
0,0,-0.123385890918899,0
0,0,-0.14033839777381,0
0,0,-0.157434393188449,0
0,0,-0.174638122636457,0
0,0,-0.191914145227672,0
0,0,-0.209226235981442,0
0,0,-0.226538169917114,0
0,0,-0.243812781145446,0
0,0,-0.261014158321984,0
0,0,-0.278105135557485,0
0,0,-0.295048703780806,0
0,0,-0.311807853920805,0
0,0,-0.328346988269222,0
0,0,-0.344629725027306,0
0,0,-0.36061936876011,0
0,0,-0.376280008123178,0
0,0,-0.391576672680641,0
0,0,-0.40647376472424,0
0,0,-0.420937881999086,0
0,0,-0.434934054069312,0
0,0,-0.448427624135246,0
0,0,-0.461389110394453,0
0,0,-0.473785267410142,0
0,0,-0.485586299743681,0
0,0,-0.496763196046929,0
0,0,-0.507287572244138,0
0,0,-0.517133553349125,0
0,0,-0.526274009830927,0
0,0,-0.534686046247225,0
0,0,-0.542345355792822,0
0,0,-0.549232022569261,0
0,0,-0.555324248860913,0
0,0,-0.560604627858892,0
0,0,-0.565055909572412,0
0,0,-0.568662569009764,0
0,0,-0.57141159026881,0
0,0,-0.573290584719802,0
0,0,-0.574289672822561,0
0,0,-0.574400543217892,0
0,0,-0.573617236818067,0
0,0,-0.571935676352537,0
0,0,-0.56935350954983,0
0,0,-0.565869795501359,0
0,0,-0.561487200114791,0
0,0,-0.556208702933988,0
0,0,-0.550039792592384,0
0,0,-0.542989250903469,0
0,0,-0.535066016498832,0
0,0,-0.52628185073583,0
0,0,-0.516650867243287,0
0,0,-0.506187806922421,0
0,0,-0.494911487945001,0
0,0,-0.482840101210401,0
0,0,-0.46999560125235,0
0,0,-0.456400883513164,0
0,0,-0.442081195706635,0
0,0,-0.427063667363723,0
0,0,-0.411376055287789,0
0,0,-0.395049252644149,0
0,0,-0.378115093506712,0
0,0,-0.360606196039873,0
0,0,-0.342557530679501,0
0,0,-0.32400516558815,0
0,0,-0.304985325746474,0
0,0,-0.285535490679908,0
0,0,-0.265695178549166,0
0,0,-0.245503123424468,0
0,0,-0.224999313920821,0
0,0,-0.204223895471329,0
0,0,-0.183217954417683,0
0,0,-0.162021479374892,0
0,0,-0.140676654411332,0
0,0,-0.119223781778208,0
0,0,-0.0977042614534058,0
0,0,-0.0761593365967183,0
0,0,-0.0546296230955423,0
0,0,-0.0331555800191786,0
0,0,-0.0117771959826343,0
0,0,0.00946601085338061,0
0,0,0.030534992782447,0
0,0,0.051391643006736,0
0,0,0.0719991092732031,0
0,0,0.0923200688745085,0
0,0,0.112320178647177,0
0,0,0.131964468155341,0
0,0,0.151220946506994,0
0,0,0.170057936446329,0
0,0,0.188445328898517,0
0,0,0.206355210242104,0
0,0,0.223760137309926,0
0,0,0.240634862388198,0
0,0,0.256955705944111,0
0,0,0.272700556625839,0
0,0,0.287849812171123,0
0,0,0.302384183953902,0
0,0,0.316287049255781,0
0,0,0.329543196721247,0
0,0,0.342139453630064,0
0,0,0.35406390180678,0
0,0,0.365306504893117,0
0,0,0.375858637893682,0
0,0,0.385713400812161,0
0,0,0.394865618651317,0
0,0,0.403311684594896,0
0,0,0.411048462280935,0
0,0,0.418075481255141,0
0,0,0.424392741517513,0
0,0,0.430002281703327,0
0,0,0.434906454084053,0
0,0,0.439109179112143,0
0,0,0.442615631784833,0
0,0,0.445431457553654,0
0,0,0.447563870051115,0
0,0,0.449020239727826,0
0,0,0.449809505215378,0
0,0,0.449940918781555,0
0,0,0.449424987238927,0
0,0,0.448272217400066,0
0,0,0.446493429713736,0
0,0,0.444101796900177,0
0,0,0.441108766680545,0
0,0,0.437527668593177,0
0,0,0.433371518540212,0
0,0,0.428653646059985,0
0,0,0.423387694327027,0
0,0,0.417586836061576,0
0,0,0.411265498528654,0
0,0,0.404436540812302,0
0,0,0.397113449268953,0
0,0,0.389310023891237,0
0,0,0.381039437399391,0
0,0,0.37231345115077,0
0,0,0.36314539468371,0
0,0,0.35354734299176,0
0,0,0.343530900614178,0
0,0,0.333108769816907,0
0,0,0.322290986958223,0
0,0,0.311090567940265,0
0,0,0.299516921848917,0
0,0,0.287581496405337,0
0,0,0.275295268876391,0
0,0,0.262668432438451,0
0,0,0.249712748448873,0
0,0,0.236438096447835,0
0,0,0.222857021883182,0
0,0,0.208979404295091,0
0,0,0.194817475495212,0
0,0,0.180383624113292,0
0,0,0.165689454688587,0
0,0,0.150748296759432,0
0,0,0.135573166227968,0
0,0,0.120177863086823,0
0,0,0.10457681460102,0
0,0,0.088784918489873,0
0,0,0.0728175429269939,0
0,0,0.056690369722189,0
0,0,0.0404209625024405,0
0,0,0.0240257871680454,0
0,0,0.00752413234506588,0
0,0,-0.00906581106712345,0
0,0,-0.0257230294433819,0
0,0,-0.0424283909757457,0
0,0,-0.0591593138580937,0
0,0,-0.0758943140109917,0
0,0,-0.0926101823559253,0
0,0,-0.109283866632481,0
0,0,-0.125890903217359,0
0,0,-0.142407612577752,0
0,0,-0.158807649273188,0
0,0,-0.175066392862268,0
0,0,-0.191157184268322,0
0,0,-0.207054932595661,0
0,0,-0.222732037859025,0
0,0,-0.238162468254137,0
0,0,-0.253319407886226,0
0,0,-0.268176040860524,0
0,0,-0.282706021736557,0
0,0,-0.296881907347163,0
0,0,-0.310678449978555,0
0,0,-0.324069461008356,0
0,0,-0.33702953590468,0
0,0,-0.349533583771836,0
0,0,-0.361557454622723,0
0,0,-0.373078096196926,0
0,0,-0.384072456234029,0
0,0,-0.394518423382206,0
0,0,-0.404395140834414,0
0,0,-0.4136825358741,0
0,0,-0.4223616335114,0
0,0,-0.430414242846939,0
0,0,-0.437824525252811,0
0,0,-0.444576642101112,0
0,0,-0.450657420671605,0
0,0,-0.456053060971661,0
0,0,-0.460753526643003,0
0,0,-0.464748624509257,0
0,0,-0.468030827301717,0
0,0,-0.470593235024068,0
0,0,-0.472430359042877,0
0,0,-0.473540317540967,0
0,0,-0.473919346883985,0
0,0,-0.473569015252913,0
0,0,-0.472490106738238,0
0,0,-0.470685600883827,0
0,0,-0.468160515868816,0
0,0,-0.464919713054244,0
0,0,-0.460973385616487,0
0,0,-0.456328433551859,0
0,0,-0.450997559126304,0
0,0,-0.444992680515273,0
0,0,-0.438327597711397,0
0,0,-0.431018462978775,0
0,0,-0.423082212672,0
0,0,-0.414537664962838,0
0,0,-0.405404108477351,0
0,0,-0.395703497749268,0
0,0,-0.385457787312318,0
0,0,-0.374692381698387,0
0,0,-0.363430646804086,0
0,0,-0.351700653068969,0
0,0,-0.339528745933511,0
0,0,-0.326942995837263,0
0,0,-0.313973668673154,0
0,0,-0.300649775789325,0
0,0,-0.287001739896798,0
0,0,-0.273061238251384,0
0,0,-0.258859948108892,0
0,0,-0.244429860361325,0
0,0,-0.229803906809277,0
0,0,-0.215014862435244,0
0,0,-0.200095659039818,0
0,0,-0.185080482968379,0
0,0,-0.170002893293909,0
0,0,-0.154896449089396,0
0,0,-0.139795807154512,0
0,0,-0.124733585653653,0
0,0,-0.109745068658884,0
0,0,-0.0948633447888956,0
0,0,-0.0801218162985753,0
0,0,-0.0655538854428115,0
0,0,-0.0511913862955098,0
0,0,-0.037066937021068,0
0,0,-0.0232108035124121,0
0,0,-0.0096537221167623,0
0,0,0.00357655036252402,0
0,0,0.0164510025773053,0
0,0,0.028943602723303,0
0,0,0.0410297303591212,0
0,0,0.0526847650433639,0
0,0,0.0638875363327931,0
0,0,0.0746168737841697,0
0,0,0.0848544296800204,0
0,0,0.0945816994847741,0
0,0,0.103783942297213,0
0,0,0.112447514942804,0
0,0,0.120559871973705,0
0,0,0.128110192941147,0
0,0,0.135089382395444,0
0,0,0.141491794885064,0
0,0,0.147311000867988,0
0,0,0.152545275345137,0
0,0,0.157192109226942,0
0,0,0.161252600240088,0
0,0,0.164729100656049,0
0,0,0.167625217291077,0
0,0,0.169947693323391,0
0,0,0.171703899203599,0
0,0,0.17290449856237,0
0,0,0.173559057303685,0
0,0,0.173681218602076,0
0,0,0.173284782450173,0
0,0,0.172385117021585,0
0,0,0.170998845034708,0
0,0,0.169142746026034,0
0,0,0.166837519984506,0
0,0,0.164100887355208,0
0,0,0.160954175399475,0
0,0,0.157418240924349,0
0,0,0.153514568009265,0
0,0,0.149265895278442,0
0,0,0.14469417726561,0
0,0,0.139822779867379,0
0,0,0.134674755344165,0
0,0,0.129273940046873,0
0,0,0.123644013508311,0
0,0,0.117808812079384,0
0,0,0.111791544838607,0
0,0,0.105616204954981,0
0,0,0.0993066287794142,0
0,0,0.092885554936124,0
0,0,0.0863754084131341,0
0,0,0.0797995551070558,0
0,0,0.0731793222792254,0
0,0,0.0665355667366858,0
0,0,0.0598902430131658,0
0,0,0.0532626397347264,0
0,0,0.0466728296179204,0
0,0,0.0401397876526133,0
0,0,0.0336820183743765,0
0,0,0.0273173990463889,0
0,0,0.0210627092051439,0
0,0,0.0149336306604473,0
0,0,0.00894647249449743,0
0,0,0.00311503469992469,0
0,0,-0.00254547136775973,0
0,0,-0.00802344116929876,0
0,0,-0.0133061724387487,0
0,0,-0.0183823742730499,0
0,0,-0.0232421671320246,0
0,0,-0.0278766123840822,0
0,0,-0.0322761441252412,0
0,0,-0.0364349600858738,0
0,0,-0.0403460034515661,0
0,0,-0.0440047264974758,0
0,0,-0.0474067383168558,0
0,0,-0.0505495298201375,0
0,0,-0.053429807827262,0
0,0,-0.0560474155201305,0
0,0,-0.0584025097168417,0
0,0,-0.0604950904173952,0
0,0,-0.0623273530751639,0
0,0,-0.0639019635978152,0
0,0,-0.0652226856197022,0
0,0,-0.0662935964113749,0
0,0,-0.0671206550605594,0
0,0,-0.0677091933825901,0
0,0,-0.0680664250099778,0
0,0,-0.0681994067571349,0
0,0,-0.06811723407375,0
0,0,-0.0678282183190198,0
0,0,-0.0673422390331224,0
0,0,-0.0666701166648241,0
0,0,-0.0658215739362051,0
0,0,-0.0648088426589135,0
0,0,-0.0636429000998151,0
0,0,-0.0623366053429496,0
0,0,-0.0609021901999665,0
0,0,-0.0593525137549077,0
0,0,-0.057699964637519,0
0,0,-0.0559584996585287,0
0,0,-0.0541405074476834,0
0,0,-0.0522597879976131,0
0,0,-0.0503299844828492,0
0,0,-0.0483630150788441,0
0,0,-0.046372993414424,0
0,0,-0.0443729353917275,0
0,0,-0.0423749160043063,0
0,0,-0.0403924216085931,0
0,0,-0.0384373703800408,0
0,0,-0.0365229350388868,0
0,0,-0.0346591519434074,0
0,0,-0.0328590369957419,0
0,0,-0.0311329401903613,0
0,0,-0.0294912115217396,0
0,0,-0.0279442009843472,0
0,0,-0.0264997494830883,0
0,0,-0.0251685206486308,0
0,0,-0.0239571008410941,0
0,0,-0.0228731741472817,0
0,0,-0.0219225428368235,0
0,0,-0.0211119500879358,0
0,0,-0.0204467277159526,0
0,0,-0.019931423445717,0
0,0,-0.0195694872753875,0
0,0,-0.0193640555669249,0
0,0,-0.0193182646822907,0
0,0,-0.0194339964386611,0
0,0,-0.0197131326532133,0
0,0,-0.0201555165078493,0
0,0,-0.0207624025473532,0
0,0,-0.0215328498631373,0
0,0,-0.0224667016371023,0
0,0,-0.0235622328701711,0
0,0,-0.0248167776546755,0
0,0,-0.0262284541734396,0
0,0,-0.0277942828825992,0
0,0,-0.0295103433297029,0
0,0,-0.0313722446080058,0
0,0,-0.0333755958107617,0
0,0,-0.035515221940734,0
0,0,-0.0377853207282945,0
0,0,-0.0401804035400118,0
0,0,-0.0426934135614722,0
0,0,-0.0453174507963617,0
0,0,-0.0480449879759723,0
0,0,-0.0508692819220881,0
0,0,-0.0537815508212175,0
0,0,-0.0567736401322605,0
0,0,-0.0598373953141185,0
0,0,-0.0629629368266132,0
0,0,-0.0661416396743515,0
0,0,-0.0693645652257439,0
0,0,-0.0726205793958271,0
0,0,-0.0759009003711099,0
0,0,-0.0791954917933172,0
0,0,-0.0824943173041716,0
0,0,-0.0857868700911036,0
0,0,-0.089063427432033,0
0,0,-0.0923137961505862,0
0,0,-0.0955273126160946,0
0,0,-0.0986958222874589,0
0,0,-0.10180709335303,0
0,0,-0.104854068998395,0
0,0,-0.107826085592886,0
0,0,-0.11071451814111,0
0,0,-0.113510271193378,0
0,0,-0.116205503844788,0
0,0,-0.11879127746375,0
0,0,-0.121260378417753,0
0,0,-0.123604808983795,0
0,0,-0.125817355529367,0
0,0,-0.127890961240055,0
0,0,-0.129819667028132,0
0,0,-0.131596572897285,0
0,0,-0.133216660668374,0
0,0,-0.13467350079938,0
0,0,-0.135962075111165,0
0,0,-0.137077522242687,0
0,0,-0.138015137651006,0
0,0,-0.138770687247474,0
0,0,-0.139340877852031,0
0,0,-0.139721945830325,0
0,0,-0.139910598002295,0
0,0,-0.13990526618696,0
0,0,-0.139702970840459,0
0,0,-0.139303084690398,0
0,0,-0.138704353191993,0
0,0,-0.137906305890951,0
0,0,-0.136909099605368,0
0,0,-0.135713204789538,0
0,0,-0.13431971917015,0
0,0,-0.132730210928183,0
0,0,-0.130946718698912,0
0,0,-0.128971751571906,0
0,0,-0.126807975454831,0
0,0,-0.124458683527749,0
0,0,-0.121927796243109,0
0,0,-0.119218449962873,0
0,0,-0.116335035593788,0
0,0,-0.113282884951186,0
0,0,-0.110065448033227,0
0,0,-0.106689154381929,0
0,0,-0.103159335812627,0
0,0,-0.0994814809587545,0
0,0,-0.0956623329985269,0
0,0,-0.091708635110161,0
0,0,-0.0876276009261681,0
0,0,-0.0834267577152542,0
0,0,-0.0791144168366182,0
0,0,-0.0746993601037508,0
0,0,-0.0701903693301438,0
0,0,-0.0655974808740727,0
0,0,-0.0609302606395202,0
0,0,-0.0561995290752515,0
0,0,-0.0514156361757399,0
0,0,-0.0465908137526335,0
0,0,-0.0417363527089935,0
0,0,-0.036863857584076,0
0,0,-0.0319854033714326,0
0,0,-0.027115103699888,0
0,0,-0.0222637790182091,0
0,0,-0.0174458565914174,0
0,0,-0.0126735682311626,0
0,0,-0.00795992983958316,0
0,0,-0.00331842777311264,0
0,0,0.00123901979279606,0
0,0,0.00569939695600352,0
0,0,0.0100501582686654,0
0,0,0.0142796991915242,0
0,0,0.0183765720034217,0
0,0,0.0223293289831992,0
0,0,0.0261285610449729,0
0,0,0.0297636045580749,0
0,0,0.0332253640728168,0
0,0,0.0365050577757076,0
0,0,0.0395951583980403,0
0,0,0.0424878250349117,0
0,0,0.0451756872357125,0
0,0,0.0476530995489126,0
0,0,0.0499137892505899,0
0,0,0.0519521108892136,0
0,0,0.0537630462856455,0
0,0,0.0553420477150426,0
0,0,0.0566851947249527,0
0,0,0.0577874691362379,0
0,0,0.058645420950741,0
0,0,0.0592562274426967,0
0,0,0.0596158113415552,0
0,0,0.0597208794672577,0
0,0,0.0595693931845287,0
0,0,0.059158059313309,0
0,0,0.0584845255821282,0
0,0,0.0575465965376132,0
0,0,0.056342860816881,0
0,0,0.0548711229665593,0
0,0,0.0531307557142553,0
0,0,0.051120347697087,0
0,0,0.0488408398236424,0
0,0,0.046291134367235,0
0,0,0.0434735835993358,0
0,0,0.0403885011561416,0
0,0,0.0370390233996125,0
0,0,0.0334286003279065,0
0,0,0.029560211484887,0
0,0,0.0254393455039859,0
0,0,0.0210716478367334,0
0,0,0.0164641752975427,0
0,0,0.0116235142465322,0
0,0,0.0065592305876836,0
0,0,0.00128089022497901,0
0,0,-0.00420115684710942,0
0,0,-0.00987452199883476,0
0,0,-0.0157280711452349,0
0,0,-0.0217475338393852,0
0,0,-0.0279195805429512,0
0,0,-0.034227745355636,0
0,0,-0.0406580714667121,0
0,0,-0.0471928384310975,0
0,0,-0.0538154235303988,0
0,0,-0.0605088904100245,0
0,0,-0.0672545777163054,0
0,0,-0.07403476500416,0
0,0,-0.0808314181923108,0
0,0,-0.0876246213823045,0
0,0,-0.0943964973109616,0
0,0,-0.101128070988417,0
0,0,-0.107799426516216,0
0,0,-0.114392686631179,0
0,0,-0.120887151344363,0
0,0,-0.12726557066498,0
0,0,-0.133508812785066,0
0,0,-0.139599000441443,0
0,0,-0.145517315462343,0
0,0,-0.151247605583665,0
0,0,-0.15677120945174,0
0,0,-0.162073229347252,0
0,0,-0.167137042551807,0
0,0,-0.171947124073695,0
0,0,-0.176489360284092,0
0,0,-0.180748853463681,0
0,0,-0.184713214982715,0
0,0,-0.188369428939055,0
0,0,-0.191706361247739,0
0,0,-0.19471319146,0
0,0,-0.197379569581366,0
0,0,-0.199697654706935,0
0,0,-0.201658508205115,0
0,0,-0.203256641442476,0
0,0,-0.204485938513192,0
0,0,-0.20534263578291,0
0,0,-0.205823910525866,0
0,0,-0.205927410470587,0
0,0,-0.205652508344683,0
0,0,-0.205000145056741,0
0,0,-0.203972045605839,0
0,0,-0.20257056226345,0
0,0,-0.20080071320871,0
0,0,-0.198666262075974,0
0,0,-0.196172854316771,0
0,0,-0.193327860381711,0
0,0,-0.190137552994716,0
0,0,-0.186610086696886,0
0,0,-0.182754400119809,0
0,0,-0.178578177350292,0
0,0,-0.1740922388371,0
0,0,-0.169306464120411,0
0,0,-0.164230732740404,0
0,0,-0.158876649236335,0
0,0,-0.153256445419853,0
0,0,-0.147381098557823,0
0,0,-0.141264095006676,0
0,0,-0.134918450668555,0
0,0,-0.128357651899891,0
0,0,-0.121596282783804,0
0,0,-0.114647986494825,0
0,0,-0.107528444842763,0
0,0,-0.100252869183127,0
0,0,-0.0928363140533324,0
0,0,-0.0852955589898717,0
0,0,-0.0776455017120614,0
0,0,-0.0699035490287864,0
0,0,-0.06208475547746,0
0,0,-0.0542066846850661,0
0,0,-0.0462851752795086,0
0,0,-0.0383366931610845,0
0,0,-0.0303770769576975,0
0,0,-0.0224235766601353,0
0,0,-0.0144909331696156,0
0,0,-0.00659608284072843,0
0,0,0.00124591978911126,0
0,0,0.00901970654629292,0
0,0,0.0167103797115016,0
0,0,0.0243033552016172,0
0,0,0.0317843625697156,0
0,0,0.0391400722774615,0
0,0,0.0463560570598329,0
0,0,0.0534200851051818,0
0,0,0.0603196109656623,0
0,0,0.0670422460115276,0
0,0,0.0735760720673251,0
0,0,0.0799110527747786,0
0,0,0.0860352699584355,0
0,0,0.0919397849867059,0
0,0,0.0976140910470196,0
0,0,0.103049092689689,0
0,0,0.108236164919321,0
0,0,0.113166682740522,0
0,0,0.11783264843029,0
0,0,0.122226848356115,0
0,0,0.126341598431192,0
0,0,0.130170155477303,0
0,0,0.133705462680037,0
0,0,0.136941560951666,0
0,0,0.139871550295877,0
0,0,0.142489314806843,0
0,0,0.14478889539684,0
0,0,0.146764960250533,0
0,0,0.148412020734489,0
0,0,0.149724274579081,0
0,0,0.150697174059464,0
0,0,0.151326328268893,0
0,0,0.151606405392033,0
0,0,0.151533955430728,0
0,0,0.151105214750624,0
0,0,0.15031610608117,0
0,0,0.149163649878505,0
0,0,0.147645493871156,0
0,0,0.145759442605752,0
0,0,0.143502516538429,0
0,0,0.14087440203299,0
0,0,0.137873530908455,0
0,0,0.134500216801021,0
0,0,0.130755714255471,0
0,0,0.126640336908002,0
0,0,0.122156280211987,0
0,0,0.117307778256073,0
0,0,0.11209812422032,0
0,0,0.106532179465768,0
0,0,0.100616530352535,0
0,0,0.0943585473312303,0
0,0,0.0877654440343651,0
0,0,0.0808480409107053,0
0,0,0.0736155902280371,0
0,0,0.0660804806161068,0
0,0,0.058254943886564,0
0,0,0.0501529368501359,0
0,0,0.0417888867718446,0
0,0,0.0331792595519862,0
0,0,0.0243398938184658,0
0,0,0.0152891372887562,0
0,0,0.00604565131652723,0
0,0,-0.003371589108356,0
0,0,-0.0129418839969486,0
0,0,-0.0226448469965024,0
0,0,-0.0324594644818771,0
0,0,-0.0423620569202653,0
0,0,-0.0523312970503303,0
0,0,-0.0623431917030683,0
0,0,-0.0723753158904561,0
0,0,-0.082402892353001,0
0,0,-0.0924028688302863,0
0,0,-0.102351252153309,0
0,0,-0.112223735516868,0
0,0,-0.121996482570061,0
0,0,-0.131646597870567,0
0,0,-0.141149774613189,0
0,0,-0.150483744628,0
0,0,-0.159625298836488,0
0,0,-0.168553423613513,0
0,0,-0.177245380334854,0
0,0,-0.185681723556353,0
0,0,-0.193841596470966,0
0,0,-0.20170665136122,0
0,0,-0.209258226873447,0
0,0,-0.216479543471153,0
0,0,-0.223354762526434,0
0,0,-0.229867888593287,0
0,0,-0.236006376223867,0
0,0,-0.241757052697938,0
0,0,-0.247108940748634,0
0,0,-0.252051690381484,0
0,0,-0.256576990237289,0
0,0,-0.260676999411148,0
0,0,-0.264346229269628,0
0,0,-0.267580132087884,0
0,0,-0.270374944231564,0
0,0,-0.272728313429196,0
0,0,-0.274639455590291,0
0,0,-0.276108370714848,0
0,0,-0.277136313347651,0
0,0,-0.27772579257827,0
0,0,-0.277880572041058,0
0,0,-0.277604415370369,0
0,0,-0.276904222562518,0
0,0,-0.275784384524249,0
0,0,-0.274253212614762,0
0,0,-0.272318547738958,0
0,0,-0.269988858074133,0
0,0,-0.267273552706171,0
0,0,-0.264182667993348,0
0,0,-0.260726710748234,0
0,0,-0.256917285510086,0
0,0,-0.252766310454357,0
0,0,-0.248286017392696,0
0,0,-0.24348863813675,0
0,0,-0.238388599951543,0
0,0,-0.232997664194429,0
0,0,-0.227331826311411,0
0,0,-0.221404102204627,0
0,0,-0.2152289191391,0
0,0,-0.208821802106538,0
0,0,-0.202196864735766,0
0,0,-0.195368377473708,0
0,0,-0.188351551675876,0
0,0,-0.181161285061586,0
0,0,-0.173812004895861,0
0,0,-0.166317824807526,0
0,0,-0.158693642515896,0
0,0,-0.150953414831699,0
0,0,-0.143111098565663,0
0,0,-0.135179866438026,0
0,0,-0.127173675259514,0
0,0,-0.119105070477974,0
0,0,-0.110987224813641,0
0,0,-0.102832997350558,0
0,0,-0.0946533653555889,0
0,0,-0.0864605606403825,0
0,0,-0.0782658741079992,0
0,0,-0.0700805966614994,0
0,0,-0.0619146078410616,0
0,0,-0.0537791985497463,0
0,0,-0.0456833074191428,0
0,0,-0.0376375980799194,0
0,0,-0.0296508523455675,0
0,0,-0.021732322483873,0
0,0,-0.0138900062178375,0
0,0,-0.00613362626954084,0
0,0,0.00153038781899761,0
0,0,0.00909325423428431,0
0,0,0.0165480729800063,0
0,0,0.0238881008779459,0
0,0,0.0311069083860829,0
0,0,0.0381975955081024,0
0,0,0.0451551440648663,0
0,0,0.0519734381505499,0
0,0,0.058647459586016,0
0,0,0.0651704651930471,0
0,0,0.0715385345191917,0
0,0,0.0777457084767239,0
0,0,0.0837861847960149,0
0,0,0.0896554157522211,0
0,0,0.0953465013490276,0
0,0,0.1008541097711,0
0,0,0.106171811476419,0
0,0,0.111293020104864,0
0,0,0.116211933386808,0
0,0,0.120920867235446,0
0,0,0.125413392108756,0
0,0,0.129682921646622,0
0,0,0.133722085398432,0
0,0,0.137522728823088,0
0,0,0.141078736014766,0
0,0,0.144381168341876,0
0,0,0.147422655353809,0
0,0,0.15019551296376,0
0,0,0.152690802540139,0
0,0,0.154900683178044,0
0,0,0.156817313972571,0
0,0,0.158431442655934,0
0,0,0.159734914687034,0
0,0,0.160719418706674,0
0,0,0.161376016083264,0
0,0,0.161697022729999,0
0,0,0.161673813651486,0
0,0,0.161298704760919,0
0,0,0.160564482425788,0
0,0,0.159464089831679,0
0,0,0.157991097436573,0
0,0,0.15613970297084,0
0,0,0.15390520189154,0
0,0,0.151283046473827,0
0,0,0.148270100355742,0
0,0,0.144864324902008,0
0,0,0.141063524659254,0
0,0,0.136868797354165,0
0,0,0.13227951571435,0
0,0,0.127298345647474,0
0,0,0.121928109879305,0
0,0,0.116172728862292,0
0,0,0.11003847532036,0
0,0,0.103530837886939,0
0,0,0.0966589120117174,0
0,0,0.0894313226900891,0
0,0,0.0818576358260354,0
0,0,0.0739496127769113,0
0,0,0.0657216808077388,0
0,0,0.057186071730166,0
0,0,0.0483595650806867,0
0,0,0.0392587835776952,0
0,0,0.02990082039388,0
0,0,0.0203059050638914,0
0,0,0.0104937966680856,0
0,0,0.000485979285897553,0
0,0,-0.00969574936704298,0
0,0,-0.020027709757928,0
0,0,-0.0304860655358514,0
0,0,-0.0410454121689277,0
0,0,-0.0516809723976623,0
0,0,-0.0623662439634833,0
0,0,-0.0730745677897194,0
0,0,-0.0837785007092097,0
0,0,-0.094449658646205,0
0,0,-0.105060755251642,0
0,0,-0.115583406449771,0
0,0,-0.125988444074354,0
0,0,-0.136248424958228,0
0,0,-0.146333710480859,0
0,0,-0.156215759748401,0
0,0,-0.165867129593692,0
0,0,-0.175259122304787,0
0,0,-0.184364137896427,0
0,0,-0.193155203655743,0
0,0,-0.20160550368797,0
0,0,-0.209690417551709,0
0,0,-0.217383756624584,0
0,0,-0.224663095918574,0
0,0,-0.231505539991359,0
0,0,-0.237889604763507,0
0,0,-0.243795844790856,0
0,0,-0.249205441901639,0
0,0,-0.254101773377462,0
0,0,-0.258469941499009,0
0,0,-0.262296146273649,0
0,0,-0.265568312707833,0
0,0,-0.268277972624265,0
0,0,-0.270416030573257,0
0,0,-0.27197668428518,0
0,0,-0.27295632694378,0
0,0,-0.273353233549977,0
0,0,-0.273167717739969,0
0,0,-0.272401818149029,0
0,0,-0.271060552956296,0
0,0,-0.269150508521888,0
0,0,-0.266680780295493,0
0,0,-0.263662815998269,0
0,0,-0.260107906533277,0
0,0,-0.25603283143701,0
0,0,-0.251452645246883,0
0,0,-0.246386636588955,0
0,0,-0.240853466816899,0
0,0,-0.234874620010146,0
0,0,-0.228472834792918,0
0,0,-0.221671163425629,0
0,0,-0.214494696803969,0
0,0,-0.206968839459825,0
0,0,-0.199119780015572,0
0,0,-0.19097355027549,0
0,0,-0.182558534315328,0
0,0,-0.173901704847953,0
0,0,-0.165030818676722,0
0,0,-0.1559730053326,0
0,0,-0.146757432981825,0
0,0,-0.137410760701071,0
0,0,-0.127961529384183,0
0,0,-0.118436868562127,0
0,0,-0.108863907765868,0
0,0,-0.0992700901625655,0
0,0,-0.0896819180107938,0
0,0,-0.080125736751027,0
0,0,-0.0706272645513476,0
0,0,-0.0612126900341318,0
0,0,-0.0519061631864811,0
0,0,-0.0427323044497923,0
0,0,-0.0337151069930679,0
0,0,-0.02487715262243,0
0,0,-0.0162419640525876,0
0,0,-0.00783071172677896,0
0,0,0.000335120275560596,0
0,0,0.00823451832929134,0
0,0,0.0158480369902529,0
0,0,0.0231574853590701,0
0,0,0.0301438884458776,0
0,0,0.0367903098960844,0
0,0,0.043080911081786,0
0,0,0.0490001670112743,0
0,0,0.0545345913281159,0
0,0,0.0596706976758774,0
0,0,0.0643970383334,0
0,0,0.0687029496700153,0
0,0,0.0725794930541344,0
0,0,0.0760188275808533,0
0,0,0.079014366890054,0
0,0,0.0815607791664019,0
0,0,0.0836550848660342,0
0,0,0.0852946180812835,0
0,0,0.0864795356302479,0
0,0,0.0872103079672217,0
0,0,0.087489444181774,0
0,0,0.0873213351806506,0
0,0,0.086710842324891,0
0,0,0.0856650224289084,0
0,0,0.0841928141242925,0
0,0,0.0823037833150246,0
0,0,0.0800089072679699,0
0,0,0.0773218291576594,0
0,0,0.0742560353405264,0
0,0,0.0708268939901815,0
0,0,0.0670511846431172,0
0,0,0.0629467845625127,0
0,0,0.0585326687382337,0
0,0,0.0538293803411263,0
0,0,0.048857462542037,0
0,0,0.0436393403289885,0
0,0,0.0381985364166908,0
0,0,0.0325581030655584,0
0,0,0.0267432879893803,0
0,0,0.0207785548114536,0
0,0,0.0146902489722534,0
0,0,0.00850377500366539,0
0,0,0.00224563516426302,0
0,0,-0.00405845237787184,0
0,0,-0.0103815149098729,0
0,0,-0.0166968933550682,0
0,0,-0.0229799672720628,0
0,0,-0.0292037639479898,0
0,0,-0.0353438197595509,0
0,0,-0.0413752006291546,0
0,0,-0.0472739133877964,0
0,0,-0.0530170625931597,0
0,0,-0.0585817528029277,0
0,0,-0.0639461863014688,0
0,0,-0.0690901335541334,0
0,0,-0.0739946195710557,0
0,0,-0.0786406693623697,0
0,0,-0.0830118170277796,0
0,0,-0.0870922239393803,0
0,0,-0.0908669923778567,0
0,0,-0.0943240473496566,0
0,0,-0.0974514706793285,0
0,0,-0.100238912372399,0
0,0,-0.102678061069672,0
0,0,-0.104762330411028,0
0,0,-0.106484820400153,0
0,0,-0.107843335583673,0
0,0,-0.108833955509138,0
0,0,-0.109456523358448,0
0,0,-0.109711823222094,0
0,0,-0.109601580099156,0
0,0,-0.10912924398779,0
0,0,-0.108299519430939,0
0,0,-0.10711899278872,0
0,0,-0.105596445874625,0
0,0,-0.103740817320245,0
0,0,-0.101561202575267,0
0,0,-0.0990714016323199,0
0,0,-0.0962838031211507,0
0,0,-0.0932122070343893,0
0,0,-0.0898730792723326,0
0,0,-0.0862819448266884,0
0,0,-0.082457621869225,0
0,0,-0.0784184581174143,0
0,0,-0.0741840558335156,0
0,0,-0.0697754286426686,0
0,0,-0.0652137469881123,0
0,0,-0.0605214358578696,0
0,0,-0.0557217043304535,0
0,0,-0.0508369773938874,0
0,0,-0.0458920323076649,0
0,0,-0.0409107054226917,0
0,0,-0.035916519453677,0
0,0,-0.030934878932508,0
0,0,-0.0259900906643832,0
0,0,-0.021105363727817,0
0,0,-0.0163059458365974,0
0,0,-0.0116147324330405,0
0,0,-0.0070563439585436,0
0,0,-0.002652891764933,0
0,0,0.0015722582511799,0
0,0,0.00559762201036085,0
0,0,0.00940202906937082,0
0,0,0.0129649362573636,0
0,0,0.0162668981301795,0
0,0,0.019289566970345,0
0,0,0.0220155359689749,0
0,0,0.0244286528619693,0
0,0,0.0265148040205023,0
0,0,0.0282600326338462,0
0,0,0.029652420526548,0
0,0,0.0306822449765283,0
0,0,0.0313397832617066,0
0,0,0.0316184490219646,0
0,0,0.031512283169576,0
0,0,0.0310170516158927,0
0,0,0.0301313429980326,0
0,0,0.028854059589309,0
0,0,0.0271864559345065,0
0,0,0.0251313547593899,0
0,0,0.0226934606069018,0
0,0,0.0198781052923755,0
0,0,0.0166937569931072,0
0,0,0.0131496679768819,0
0,0,0.00925634505627038,0
0,0,0.00502602004292108,0
0,0,0.00047312020185597,0
0,0,-0.00438808402000057,0
0,0,-0.00954081308615673,0
0,0,-0.0149671897334329,0
0,0,-0.0206483957900612,0
0,0,-0.026564044903294,0
0,0,-0.0326940643565793,0
0,0,-0.0390150882533051,0
0,0,-0.0455035938787623,0
0,0,-0.0521365289725358,0
0,0,-0.0588883321846407,0
0,0,-0.0657342262555839,0
0,0,-0.0726469248363014,0
0,0,-0.0796008665768102,0
0,0,-0.0865676674013595,0
0,0,-0.0935206682332794,0
0,0,-0.100432112269213,0
0,0,-0.107273301797214,0
0,0,-0.114017264104416,0
0,0,-0.120635615115069,0
0,0,-0.127101068480111,0
0,0,-0.133387121940969,0
0,0,-0.13946648914858,0
0,0,-0.145313451934861,0
0,0,-0.150903389858417,0
0,0,-0.156211996114048,0
0,0,-0.161215747987044,0
0,0,-0.165892847761775,0
0,0,-0.170222124995002,0
0,0,-0.174184604696859,0
0,0,-0.17776225278607,0
0,0,-0.180938132908043,0
0,0,-0.183698288252051,0
0,0,-0.186028918825464,0
0,0,-0.187919988270007,0
0,0,-0.189360519318814,0
0,0,-0.190343925611767,0
0,0,-0.190863777606846,0
0,0,-0.190916625305894,0
0,0,-0.190500116437438,0
0,0,-0.189614407819578,0
0,0,-0.188260910815196,0
0,0,-0.186443232240546,0
0,0,-0.184167644819553,0
0,0,-0.181440734912335,0
0,0,-0.178272225240971,0
0,0,-0.174672465799933,0
0,0,-0.170655570218048,0
0,0,-0.166234397579356,0
0,0,-0.161426197874644,0
0,0,-0.156248691548994,0
0,0,-0.150720069501781,0
0,0,-0.144861658994341,0
0,0,-0.138695414560404,0
0,0,-0.132243604369893,0
0,0,-0.125531005682304,0
0,0,-0.118583336665718,0
0,0,-0.11142694276061,0
0,0,-0.104088639861749,0
0,0,-0.096597282499179,0
0,0,-0.0889807842943541,0
0,0,-0.0812695679582992,0
0,0,-0.0734931152934499,0
0,0,-0.0656807512841445,0
0,0,-0.0578635259137987,0
0,0,-0.0500715482572414,0
0,0,-0.0423347705712022,0
0,0,-0.034682988294313,0
0,0,-0.0271458400471082,0
0,0,-0.0197528076320234,0
0,0,-0.0125300796714345,0
0,0,-0.00550635387728837,0
0,0,0.00129327885472597,0
0,0,0.00784419808321224,0
0,0,0.0141224106391669,0
0,0,0.0201061188069591,0
0,0,0.0257741521433503,0
0,0,0.0311073788403773,0
0,0,0.036088078452958,0
0,0,0.0406999418988945,0
0,0,0.0449279146407726,0
0,0,0.0487589807764535,0
0,0,0.0521812221304836,0
0,0,0.0551849159807833,0
0,0,0.0577622214224498,0
0,0,0.0599052975505796,0
0,0,0.061609753458427,0
0,0,0.0628716686935407,0
0,0,0.0636893182568412,0
0,0,0.0640623885121334,0
0,0,0.063991820368005,0
0,0,0.0634820047312019,0
0,0,0.0625363915998818,0
0,0,0.0611623514246531,0
0,0,0.0593680387466158,0
0,0,0.0571622353792605,0
0,0,0.0545567026799427,0
0,0,0.0515638292784093,0
0,0,0.0481971015310934,0
0,0,0.0444717307935074,0
0,0,0.0404038693297515,0
0,0,0.0360109239487112,0
0,0,0.0313126537307415,0
0,0,0.026327406393317,0
0,0,0.0210760387434792,0
0,0,0.0155803484968591,0
0,0,0.00986166291479385,0
0,0,0.00394303425769738,0
0,0,-0.00215311248640593,0
0,0,-0.00840231369421918,0
0,0,-0.0147819875596201,0
0,0,-0.0212672000050185,0
0,0,-0.0278347419518993,0
0,0,-0.034458738414083,0
0,0,-0.0411159803130562,0
0,0,-0.0477818472074227,0
0,0,-0.0544321891100809,0
0,0,-0.0610430128520275,0
0,0,-0.0675911093547487,0
0,0,-0.0740523286311426,0
0,0,-0.0804051866017756,0
0,0,-0.0866267878243292,0
0,0,-0.0926948641288795,0
0,0,-0.0985890291626779,0
0,0,-0.104287642028191,0
0,0,-0.109770786826966,0
0,0,-0.115019802205333,0
0,0,-0.120015242719132,0
0,0,-0.124738447014693,0
0,0,-0.129172635555524,0
0,0,-0.133301185623231,0
0,0,-0.137107944953711,0
0,0,-0.140577859009552,0
0,0,-0.143697598252419,0
0,0,-0.146453833143976,0
0,0,-0.148834488690671,0
0,0,-0.150828273989444,0
0,0,-0.152425779954413,0
0,0,-0.153617440681594,0
0,0,-0.154396356174674,0
0,0,-0.154755626437336,0
0,0,-0.15468976283615,0
0,0,-0.154195315372957,0
0,0,-0.153270245412483,0
0,0,-0.151912514319453,0
0,0,-0.150123690274847,0
0,0,-0.147904871005353,0
0,0,-0.145258879236735,0
0,0,-0.142191360420523,0
0,0,-0.13870701909966,0
0,0,-0.134814166633343,0
0,0,-0.130521114380769,0
0,0,-0.125838212336409,0
0,0,-0.12077643776713,0
0,0,-0.115348806575069,0
0,0,-0.109568961934759,0
0,0,-0.103451644747417,0
0,0,-0.0970136345495359,0
0,0,-0.0902726517861974,0
0,0,-0.0832465737205801,0
0,0,-0.0759559435235303,0
0,0,-0.068419893003012,0
0,0,-0.0606613176013419,0
0,0,-0.0527021718522491,0
0,0,-0.0445655080161491,0
0,0,-0.0362757897163394,0
0,0,-0.0278571669399226,0
0,0,-0.0193353578549793,0
0,0,-0.0107356101752989,0
0,0,-0.00208489661374855,0
0,0,0.00658981011680604,0
0,0,0.0152620077577912,0
0,0,0.0239037826877522,0
0,0,0.0324878485576263,0
0,0,0.0409858212916634,0
0,0,0.0493718259036839,0
0,0,0.0576166942274472,0
0,0,0.0656939240043815,0
0,0,0.0735770129759135,0
0,0,0.0812391452472745,0
0,0,0.0886544458322844,0
0,0,0.0957976670171552,0
0,0,0.102645129269079,0
0,0,0.109172525782856,0
0,0,0.115358215660953,0
0,0,0.121180087551544,0
0,0,0.126618382374273,0
0,0,0.131652870594489,0
0,0,0.136266929493799,0
0,0,0.140443152263316,0
0,0,0.144166798001824,0
0,0,0.147424380352888,0
0,0,0.150203353868663,0
0,0,0.152494152645168,0
0,0,0.154286426687931,0
0,0,0.155574216909225,0
0,0,0.156351721039422,0
0,0,0.156613920899383,0
0,0,0.156359875580521,0
0,0,0.155588173719952,0
0,0,0.154299599408168,0
0,0,0.152496191280443,0
0,0,0.150182497061621,0
0,0,0.147362280386055,0
0,0,0.144042127613863,0
0,0,0.140229722831853,0
0,0,0.135933220581121,0
0,0,0.131161559493258,0
0,0,0.125925246380834,0
0,0,0.120235258510714,0
0,0,0.114103827694547,0
0,0,0.107542715289686,0
0,0,0.100565564470664,0
0,0,0.093186488866307,0
0,0,0.0854196021054399,0
0,0,0.0772801155435747,0
0,0,0.0687844950810081,0
0,0,0.0599490497999393,0
0,0,0.0507902456006641,0
0,0,0.0413267438368525,0
0,0,0.0315759513173897,0
0,0,0.021557783940729,0
0,0,0.0112912166967365,0
0,0,0.000796165483865963,0
0,0,-0.00990682652703612,0
0,0,-0.0207976866194175,0
0,0,-0.0318538329871573,0
0,0,-0.0430553497318017,0
0,0,-0.0543791845929356,0
0,0,-0.0658038534911236,0
0,0,-0.0773072450745399,0
0,0,-0.088866777537062,0
0,0,-0.100460182708766,0
0,0,-0.112065349237825,0
0,0,-0.123658911227627,0
0,0,-0.135219070962542,0
0,0,-0.14672308981835,0
0,0,-0.158149326897518,0
0,0,-0.169475200393927,0
0,0,-0.180679696682435,0
0,0,-0.191741645319803,0
0,0,-0.202639248590401,0
0,0,-0.213352747413874,0
0,0,-0.223861284983178,0
0,0,-0.234145102217957,0
0,0,-0.24418491049215,0
0,0,-0.253961577997794,0
0,0,-0.263455816108826,0
0,0,-0.272648806653478,0
0,0,-0.281523613277161,0
0,0,-0.29006110417191,0
0,0,-0.298243715710743,0
0,0,-0.306055452447656,0
0,0,-0.313478123483275,0
0,0,-0.320496674280185,0
0,0,-0.327094952574287,0
0,0,-0.333258374282459,0
0,0,-0.338970943958701,0
0,0,-0.344220900245656,0
0,0,-0.348993502242107,0
0,0,-0.353276361318307,0
0,0,-0.357058186571196,0
0,0,-0.360328628006301,0
0,0,-0.363077806083445,0
0,0,-0.365296782171037,0
0,0,-0.366978185818469,0
0,0,-0.368116214756113,0
0,0,-0.368705537168634,0
0,0,-0.368738625787325,0
0,0,-0.368216107884579,0
0,0,-0.367133122099355,0
0,0,-0.36548919797736,0
0,0,-0.363284492336692,0
0,0,-0.360518848359252,0
0,0,-0.357196186497491,0
0,0,-0.353316977205706,0
0,0,-0.34888639548113,0
0,0,-0.343909145866706,0
0,0,-0.338391344268259,0
0,0,-0.33233863613732,0
0,0,-0.325759489651182,0
0,0,-0.318663157077632,0
0,0,-0.31105857704826,0
0,0,-0.30295672682993,0
0,0,-0.294369995052389,0
0,0,-0.285310927163482,0
0,0,-0.275792382247251,0
0,0,-0.2658300421135,0
0,0,-0.255439745390136,0
0,0,-0.244636546614572,0
0,0,-0.233439263958575,0
0,0,-0.221865304231031,0
0,0,-0.209934740148491,0
0,0,-0.19766670351892,0
0,0,-0.185082678421752,0
0,0,-0.172202423937342,0
0,0,-0.159050090052793,0
0,0,-0.145647160847539,0
0,0,-0.13201715903629,0
0,0,-0.11818407778805,0
0,0,-0.104172694362311,0
0,0,-0.0900073155642749,0
0,0,-0.0757136595620229,0
0,0,-0.0613169740693434,0
0,0,-0.0468443886172014,0
0,0,-0.0323219350098759,0
0,0,-0.0177761155059384,0
0,0,-0.00323343236396256,0
0,0,0.0112785144307932,0
0,0,0.0257347908007368,0
0,0,0.0401079535787066,0
0,0,0.0543730686871109,0
0,0,0.0685023793225927,0
0,0,0.0824726764066386,0
0,0,0.0962571440444799,0
0,0,0.109831789067113,0
0,0,0.123171677396945,0
0,0,0.136253756773562,0
0,0,0.149053877209861,0
0,0,0.161549143263526,0
0,0,0.173718384491317,0
0,0,0.185538705450919,0
0,0,0.196989406153385,0
0,0,0.208051041154558,0
0,0,0.218704008192177,0
0,0,0.228928391367791,0
0,0,0.238708195235396,0
0,0,0.248025385713714,0
0,0,0.256863810538646,0
0,0,0.265208885627072,0
0,0,0.273046810986362,0
0,0,0.280365197986769,0
0,0,0.287151187544252,0
0,0,0.293395841027221,0
0,0,0.299090690258381,0
0,0,0.304226639788045,0
0,0,0.308796632801799,0
0,0,0.312796435210995,0
0,0,0.316221185654594,0
0,0,0.319067747770635,0
0,0,0.321333926105744,0
0,0,0.323018622933235,0
0,0,0.324123092797894,0
0,0,0.324647962972111,0
0,0,0.324596683454044,0
0,0,0.323973801968538,0
0,0,0.322783866240435,0
0,0,0.321033462629855,0
0,0,0.31872886386072,0
0,0,0.315880576745601,0
0,0,0.312495501280812,0
0,0,0.308585398823708,0
0,0,0.304160933004956,0
0,0,0.299232767455226,0
0,0,0.293813447622363,0
0,0,0.287915989408506,0
0,0,0.281553722351989,0
0,0,0.274739505536855,0
0,0,0.267488079864321,0
0,0,0.259813245327017,0
0,0,0.251729115553768,0
0,0,0.24325058826389,0
0,0,0.234391463450014,0
0,0,0.225167422921944,0
0,0,0.215591953036116,0
0,0,0.205680108329942,0
0,0,0.195445845614151,0
0,0,0.184903592153763,0
0,0,0.174067304759508,0
0,0,0.162950783424013,0
0,0,0.151567671321812,0
0,0,0.139932238899827,0
0,0,0.128057502060198,0
0,0,0.115957103977456,0
0,0,0.103645628734721,0
0,0,0.0911364058703286,0
0,0,0.0784441762854966,0
0,0,0.065583367245247,0
0,0,0.0525687196507973,0
0,0,0.03941544485766,0
0,0,0.0261393814937394,0
0,0,0.0127566818231357,0
0,0,-0.000716501890050458,0
0,0,-0.0142627628369338,0
0,0,-0.0278646942086295,0
0,0,-0.0415033210152718,0
0,0,-0.0551604523574855,0
0,0,-0.0688167996092093,0
0,0,-0.0824519764176944,0
0,0,-0.0960451259758984,0
0,0,-0.109575548294878,0
0,0,-0.123021288840903,0
0,0,-0.136359295353558,0
0,0,-0.149567926935312,0
0,0,-0.162622719962866,0
0,0,-0.175501406266294,0
0,0,-0.188179051768007,0
0,0,-0.200631663298998,0
0,0,-0.212835247690266,0
0,0,-0.224765654954707,0
0,0,-0.236398264650927,0
0,0,-0.247708142701333,0
0,0,-0.25867223684551,0
0,0,-0.269266240278258,0
0,0,-0.279466316648672,0
0,0,-0.289250197786826,0
0,0,-0.298595145068502,0
0,0,-0.307478890323774,0
0,0,-0.315880890381797,0
0,0,-0.323781072526018,0
0,0,-0.331160461766572,0
0,0,-0.338000083113592,0
0,0,-0.344283627484881,0
0,0,-0.349995726706828,0
0,0,-0.355122110332509,0
0,0,-0.359650389732178,0
0,0,-0.363568646730382,0
0,0,-0.366867785877433,0
0,0,-0.369539966268427,0
0,0,-0.371579542451836,0
0,0,-0.372982750793304,0
0,0,-0.373746298112773,0
0,0,-0.373870498046439,0
0,0,-0.373357232411478,0
0,0,-0.372209480751755,0
0,0,-0.370432888518798,0
0,0,-0.368034826163218,0
0,0,-0.365024702770897,0
0,0,-0.361412397882015,0
0,0,-0.357211397853003,0
0,0,-0.352435816312689,0
0,0,-0.34710196234327,0
0,0,-0.341227085935534,0
0,0,-0.334830475715541,0
0,0,-0.327933302126532,0
0,0,-0.320556421975547,0
0,0,-0.312723671613494,0
0,0,-0.304459201027472,0
0,0,-0.295788885203664,0
0,0,-0.286738599128248,0
0,0,-0.277334060969308,0
0,0,-0.267604438893084,0
0,0,-0.257577489702932,0
0,0,-0.247280970202209,0
0,0,-0.236744362193352,0
0,0,-0.2259968338426,0
0,0,-0.215067239679997,0
0,0,-0.203985845598469,0
0,0,-0.192781662946157,0
0,0,-0.181484330343596,0
0,0,-0.170123643229418,0
0,0,-0.158729553860352,0
0,0,-0.147328721313069,0
0,0,-0.135951881934791,0
0,0,-0.124626008438382,0
0,0,-0.113379484899593,0
0,0,-0.102239284031292,0
0,0,-0.0912315944558532,0
0,0,-0.0803829184318506,0
0,0,-0.0697180332187776,0
0,0,-0.0592618728942271,0
0,0,-0.0490378033548095,0
0,0,-0.0390682495885486,0
0,0,-0.0293754797653688,0
0,0,-0.019980507510411,0
0,0,-0.0109030919040303,0
0,0,-0.00216330566277989,0
0,0,0.00622160122255377,0
0,0,0.0142339083068899,0
0,0,0.0218574633261275,0
0,0,0.0290768981066567,0
0,0,0.0358779422015534,0
0,0,0.0422475797086788,0
0,0,0.0481738924525801,0
0,0,0.0536455895301966,0
0,0,0.0586531050375461,0
0,0,0.0631873435249415,0
0,0,0.0672412481779696,0
0,0,0.070808075818414,0
0,0,0.0738828082671363,0
0,0,0.0764613682535873,0
0,0,0.0785417171424918,0
0,0,0.0801221299347714,0
0,0,0.0812035475390145,0
0,0,0.0817873813181031,0
0,0,0.0818764539978027,0
0,0,0.0814757837572517,0
0,0,0.0805913296841763,0
0,0,0.079230932683479,0
0,0,0.07740353138675,0
0,0,0.0751196326065597,0
0,0,0.0723916249726548,0
0,0,0.0692326812052724,0
0,0,0.0656573853875329,0
0,0,0.0616829875102225,0
0,0,0.0573267375641286,0
0,0,0.0526069832667246,0
0,0,0.0475450518793474,0
0,0,0.0421611729366462,0
0,0,0.0364788691533311,0
0,0,0.0305213496079153,0
0,0,0.0243140188322852,0
0,0,0.0178813404497384,0
0,0,0.0112510712636322,0
0,0,0.0044493998963433,0
0,0,-0.00249560321257558,0
0,0,-0.00955445626068829,0
0,0,-0.0166998728989317,0
0,0,-0.0239014304162815,0
0,0,-0.0311305879188908,0
0,0,-0.0383572363319307,0
0,0,-0.04555236430726,0
0,0,-0.0526863332243446,0
0,0,-0.0597312294617298,0
0,0,-0.0666563166721948,0
0,0,-0.0734355630514606,0
0,0,-0.0800396436151904,0
0,0,-0.0864425265591051,0
0,0,-0.0926173959884363,0
0,0,-0.0985385337351015,0
0,0,-0.104181162539607,0
0,0,-0.109521602869144,0
0,0,-0.114536488827103,0
0,0,-0.119205277242636,0
0,0,-0.123506327218212,0
0,0,-0.12742176149065,0
0,0,-0.130933232342478,0
0,0,-0.134024744327693,0
0,0,-0.136682026999372,0
0,0,-0.138890966728688,0
0,0,-0.14064042943068,0
0,0,-0.141919437838482,0
0,0,-0.142718269230015,0
0,0,-0.143030650881357,0
0,0,-0.142849369159996,0
0,0,-0.142171914976364,0
0,0,-0.140993740605616,0
0,0,-0.139314532411556,0
0,0,-0.137133663121794,0
0,0,-0.134453171371602,0
0,0,-0.131275409432452,0
0,0,-0.127606022755875,0
0,0,-0.123448618158124,0
0,0,-0.118811663816498,0
0,0,-0.113703471090192,0
0,0,-0.1081326649746,0
0,0,-0.102110065918488,0
0,0,-0.0956479057335048,0
0,0,-0.0887582594132023,0
0,0,-0.0814555542226021,0
0,0,-0.0737545310629212,0
0,0,-0.0656702444715741,0
0,0,-0.0572201012574459,0
0,0,-0.0484210377751275,0
0,0,-0.0392920290144845,0
0,0,-0.0298522067834808,0
0,0,-0.0201225847072563,0
0,0,-0.0101237059566569,0
0,0,0.00012184766219514,0
0,0,0.0105908670707866,0
0,0,0.0212596727363112,0
0,0,0.0321023896725874,0
0,0,0.043093299711533,0
0,0,0.0542052733221834,0
0,0,0.0654099264287893,0
0,0,0.0766787181375028,0
0,0,0.087981696191594,0
0,0,0.0992889083343329,0
0,0,0.110568677309911,0
0,0,0.121789953134911,0
0,0,0.132920274463035,0
0,0,0.143926552675591,0
0,0,0.15477632642628,0
0,0,0.165436507096411,0
0,0,0.175873692431096,0
0,0,0.186053852903056,0
0,0,0.195944840802187,0
0,0,0.205512626601211,0
0,0,0.214724435317631,0
0,0,0.223548903331836,0
0,0,0.231953882933722,0
0,0,0.239908951412265,0
0,0,0.247383058784048,0
0,0,0.254347820973323,0
0,0,0.260775951631026,0
0,0,0.266640007589996,0
0,0,0.27191348659166,0
0,0,0.2765736500118,0
0,0,0.28059666149951,0
0,0,0.283960409702963,0
0,0,0.286645919632293,0
0,0,0.288634529933831,0
0,0,0.289909147434887,0
0,0,0.290454874416147,0
0,0,0.290259008611666,0
0,0,0.289311043208875,0
0,0,0.28759906003232,0
0,0,0.285117884084767,0
0,0,0.281861869914683,0
0,0,0.27782615616103,0
0,0,0.273011213278102,0
0,0,0.2674168844478,0
0,0,0.261046933304479,0
0,0,0.253905907572981,0
0,0,0.246001961794407,0
0,0,0.237343877782247,0
0,0,0.227944357802445,0
0,0,0.217816417757141,0
0,0,0.206976209910433,0
0,0,0.195442709252189,0
0,0,0.183234106681784,0
0,0,0.17037282718724,0
0,0,0.156882236665169,0
0,0,0.142788053283653,0
0,0,0.128115524756481,0
0,0,0.112892878341303,0
0,0,0.097150066294851,0
0,0,0.0809162567833628,0
0,0,0.064223440698844,0
0,0,0.0471031384790055,0
0,0,0.029590320559715,0
0,0,0.0117176051053698,0
0,0,-0.0064784692671811,0
0,0,-0.02496214803158,0
0,0,-0.0436972062071739,0
0,0,-0.0626453801780357,0
0,0,-0.0817693472368263,0
0,0,-0.101029746040931,0
0,0,-0.120387058429639,0
0,0,-0.13980082533365,0
0,0,-0.159231371774154,0
0,0,-0.17863745459136,0
0,0,-0.197977046534987,0
0,0,-0.217209688535735,0
0,0,-0.236293666979519,0
0,0,-0.255185543253176,0
0,0,-0.273844074196915,0
0,0,-0.292227389378554,0
0,0,-0.310294402456399,0
0,0,-0.328002458907778,0
0,0,-0.345310786027194,0
0,0,-0.36217955201774,0
0,0,-0.378567043265329,0
0,0,-0.394434055245448,0
0,0,-0.409741069797383,0
0,0,-0.424450921031895,0
0,0,-0.438523933970172,0
0,0,-0.451924510903955,0
0,0,-0.46461642685259,0
0,0,-0.47656643637929,0
0,0,-0.487739725866283,0
0,0,-0.498105872602546,0
0,0,-0.507634924331347,0
0,0,-0.516296144705468,0
0,0,-0.524063658738728,0
0,0,-0.530913473262123,0
0,0,-0.53681987010757,0
0,0,-0.541763560649007,0
0,0,-0.545724315351786,0
0,0,-0.548686452406099,0
0,0,-0.550633819547847,0
0,0,-0.551554498601575,0
0,0,-0.551438766845204,0
0,0,-0.55027972428242,0
0,0,-0.5480710981893,0
0,0,-0.544812731747746,0
0,0,-0.540503684049169,0
0,0,-0.535147091455531,0
0,0,-0.528749069872656,0
0,0,-0.521317773841644,0
0,0,-0.512864494265554,0
0,0,-0.503401619774135,0
0,0,-0.492946713994369,0
0,0,-0.481517497371337,0
0,0,-0.469134826712081,0
0,0,-0.455823008821802,0
0,0,-0.441606820959994,0
0,0,-0.426514804020502,0
0,0,-0.410576910260059,0
0,0,-0.393825601024963,0
0,0,-0.376295846751082,0
0,0,-0.358024029237166,0
0,0,-0.339049353007732,0
0,0,-0.319410865769197,0
0,0,-0.299151849316626,0
0,0,-0.278315742263183,0
0,0,-0.256948649129699,0
0,0,-0.235096831255102,0
0,0,-0.212809529522183,0
0,0,-0.190135984813736,0
0,0,-0.167128103920217,0
0,0,-0.143837323177793,0
0,0,-0.120317901648394,0
0,0,-0.0966242552120457,0
0,0,-0.0728107997487776,0
0,0,-0.0489343034100879,0
0,0,-0.0250518479836723,0
0,0,-0.00122051525722511,0
0,0,0.0225021425272649,0
0,0,0.046057004946827,0
0,0,0.0693862061232764,0
0,0,0.0924318801784276,0
0,0,0.115135063507409,0
0,0,0.137437419777742,0
0,0,0.159281239929338,0
0,0,0.180608971720208,0
0,0,0.201363533362658,0
0,0,0.221489411249974,0
0,0,0.240931719047832,0
0,0,0.259637452239088,0
0,0,0.277554390397087,0
0,0,0.294632979002841,0
0,0,0.31082538853644,0
0,0,0.326086455385643,0
0,0,0.340372113664894,0
0,0,0.353643315667775,0
0,0,0.365862581868848,0
0,0,0.376995255468443,0
0,0,0.387011070573633,0
0,0,0.395882427199158,0
0,0,0.403587057175094,0
0,0,0.410103162785811,0
0,0,0.415416787220579,0
0,0,0.419516012303948,0
0,0,0.422392683494817,0
0,0,0.42404319397693,0
0,0,0.424468955113172,0
0,0,0.423674985082678,0
0,0,0.42166943842655,0
0,0,0.418466271955514,0
0,0,0.414083206114651,0
0,0,0.408540470438612,0
0,0,0.401864724004068,0
0,0,0.394084507704865,0
0,0,0.385233537432088,0
0,0,0.375346940439702,0
0,0,0.364465489433204,0
0,0,0.352631995753366,0
0,0,0.339890995740036,0
0,0,0.326292200730302,0
0,0,0.311885792515543,0
0,0,0.296726030157688,0
0,0,0.280867015900571,0
0,0,0.26436630198618,0
0,0,0.247282852019386,0
0,0,0.229675629605061,0
0,0,0.211605793801451,0
0,0,0.193134817302995,0
0,0,0.174324956894625,0
0,0,0.155237998906978,0
0,0,0.135936356943082,0
0,0,0.116483228696457,0
0,0,0.0969397732253483,0
0,0,0.0773676200422939,0
0,0,0.057827300933146,0
0,0,0.0383790340475614,0
0,0,0.0190806852637246,0
0,0,-1.0036358276011e-05,0
0,0,-0.0188387149384135,0
0,0,-0.0373523459595425,0
0,0,-0.0554985521769099,0
0,0,-0.0732288767982139,0
0,0,-0.0904975289388197,0
0,0,-0.107258874532192,0
0,0,-0.123472297690932,0
0,0,-0.139097339345739,0
0,0,-0.154099029060746,0
0,0,-0.168441455491495,0
0,0,-0.182095450471748,0
0,0,-0.195030904926676,0
0,0,-0.207223041596785,0
0,0,-0.218648651403561,0
0,0,-0.229287347994257,0
0,0,-0.239122508650478,0
0,0,-0.248138765198614,0
0,0,-0.256325297189898,0
0,0,-0.263673165992741,0
0,0,-0.270177667064201,0
0,0,-0.275833468588943,0
0,0,-0.280642452384145,0
0,0,-0.284606186630787,0
0,0,-0.287728905417517,0
0,0,-0.290020017830218,0
0,0,-0.291487521591892,0
0,0,-0.292145530331365,0
0,0,-0.292008471313658,0
0,0,-0.291093908165754,0
0,0,-0.289421599968009,0
0,0,-0.287012246709368,0
0,0,-0.283889527922639,0
0,0,-0.280079004957804,0
0,0,-0.275607964163928,0
0,0,-0.270504162344368,0
0,0,-0.264797865392049,0
0,0,-0.258522005107565,0
0,0,-0.251708886019118,0
0,0,-0.244393478562574,0
0,0,-0.236611223628097,0
0,0,-0.228398659832534,0
0,0,-0.219793893973716,0
0,0,-0.210835660121863,0
0,0,-0.201563162801493,0
0,0,-0.192016233809512,0
0,0,-0.182235489033318,0
0,0,-0.17226170117841,0
0,0,-0.162135172495987,0
0,0,-0.151896675691548,0
0,0,-0.141587453924883,0
0,0,-0.131246711720506,0
0,0,-0.120914594511524,0
0,0,-0.11063109091294,0
0,0,-0.100433837268292,0
0,0,-0.0903609403754068,0
0,0,-0.0804487820330368,0
0,0,-0.0707340576761285,0
0,0,-0.0612515809224513,0
0,0,-0.0520336563002065,0
0,0,-0.043113372428085,0
0,0,-0.0345217792895045,0
0,0,-0.0262880450507035,0
0,0,-0.018439456060745,0
0,0,-0.0110022009420067,0
0,0,-0.0040010569539809,0
0,0,0.00254343273248492,0
0,0,0.00860931358366179,0
0,0,0.0141801196992541,0
0,0,0.0192392283608664,0
0,0,0.0237740941206543,0
0,0,0.0277731124393603,0
0,0,0.031228756048278,0
0,0,0.0341347522234845,0
0,0,0.0364874941487245,0
0,0,0.0382855704611158,0
0,0,0.0395311766140305,0
0,0,0.0402283898780189,0
0,0,0.0403831693408072,0
0,0,0.0400041399977888,0
0,0,0.0391032200244166,0
0,0,0.037692484414241,0
0,0,0.0357880854313635,0
0,0,0.033407429884668,0
0,0,0.030569492764021,0
0,0,0.0272949740583659,0
0,0,0.0236081805729034,0
0,0,0.0195324782042445,0
0,0,0.0150942123928637,0
0,0,0.0103198853973336,0
0,0,0.00523866538389473,0
0,0,-0.000120436299312243,0
0,0,-0.00572684012316493,0
0,0,-0.0115504370128349,0
0,0,-0.0175589224401211,0
0,0,-0.0237204623311167,0
0,0,-0.0300022817033271,0
0,0,-0.0363723896647464,0
0,0,-0.0427981680509785,0
0,0,-0.0492468418795279,0
0,0,-0.0556865770764875,0
0,0,-0.0620853827498523,0
0,0,-0.0684115816438144,0
0,0,-0.0746344374111527,0
0,0,-0.0807246250675298,0
0,0,-0.0866520355381177,0
0,0,-0.0923882847471664,0
0,0,-0.097905929527515,0
0,0,-0.103178781256787,0
0,0,-0.108181905857391,0
0,0,-0.11288989879744,0
0,0,-0.117281119179402,0
0,0,-0.12133423974194,0
0,0,-0.12502856049611,0
0,0,-0.128346831451124,0
0,0,-0.13127148898,0
0,0,-0.133787635363422,0
0,0,-0.135881941063054,0
0,0,-0.137542644721542,0
0,0,-0.138759396344414,0
0,0,-0.139524825481059,0
0,0,-0.139832502589459,0
0,0,-0.139678507217161,0
0,0,-0.139060487092694,0
0,0,-0.137978128579863,0
0,0,-0.136433470313942,0
0,0,-0.134430432747383,0
0,0,-0.131974347695519,0
0,0,-0.129073056063254,0
0,0,-0.125737691935551,0
0,0,-0.121978605306882,0
0,0,-0.117810537078463,0
0,0,-0.113250109968692,0
0,0,-0.108314730786451,0
0,0,-0.103023217703509,0
0,0,-0.0973986229802809,0
0,0,-0.0914627443323978,0
0,0,-0.0852398885650596,0
0,0,-0.0787564011187405,0
0,0,-0.0720387842520128,0
0,0,-0.0651151084044307,0
0,0,-0.0580145417422333,0
0,0,-0.0507671933402488,0
0,0,-0.0434028586371095,0
0,0,-0.0359543126153107,0
0,0,-0.0284511938953854,0
0,0,-0.0209262774598293,0
0,0,-0.0134123382911377,0
0,0,-0.00594011273653106,0
0,0,0.00145778103959437,0
0,0,0.00874997941762468,0
0,0,0.0159052755960458,0
0,0,0.02289356050003,0
0,0,0.0296834705099644,0
0,0,0.0362477192767863,0
0,0,0.0425569818161575,0
0,0,0.0485838149609168,0
0,0,0.0543029709972769,0
0,0,0.0596888885752527,0
0,0,0.0647183586163311,0
0,0,0.0693677015877048,0
0,0,0.0736171584090177,0
0,0,0.0774468131818158,0
0,0,0.0808378477343312,0
0,0,0.0837737961662679,0
0,0,0.0862396039402116,0
0,0,0.0882224119721209,0
0,0,0.0897099884503469,0
0,0,0.0906919833804178,0
0,0,0.0911610263117246,0
0,0,0.0911106877022463,0
0,0,0.0905354789185511,0
0,0,0.0894336749615599,0
0,0,0.0878046485588808,0
0,0,0.0856480860743176,0
0,0,0.0829680647784199,0
0,0,0.0797685051236392,0
0,0,0.0760566207424866,0
0,0,0.071839782085571,0
0,0,0.0671288096016585,0
0,0,0.0619354646481038,0
0,0,0.056273390399439,0
0,0,0.05015826866547,0
0,0,0.0436071926188857,0
0,0,0.0366388236133557,0
0,0,0.029274332092118,0
0,0,0.0215355157708041,0
0,0,0.013446054182221,0
0,0,0.00503056776776512,0
0,0,-0.00368365712350138,0
0,0,-0.0126690205063186,0
0,0,-0.0218974519411338,0
0,0,-0.0313386855350204,0
0,0,-0.0409618281226599,0
0,0,-0.0507358297206363,0
0,0,-0.0606286994369447,0
0,0,-0.0706084463795796,0
0,0,-0.0806419819298508,0
0,0,-0.0906968447414578,0
0,0,-0.100739632559515,0
0,0,-0.110737884037721,0
0,0,-0.1206574128307,0
0,0,-0.130466855318839,0
0,0,-0.14013280924725,0
0,0,-0.149623283723928,0
0,0,-0.15890785603785,0
0,0,-0.167953908024617,0
0,0,-0.176734310153266,0
0,0,-0.185217855622282,0
0,0,-0.193378983081679,0
0,0,-0.201188994819514,0
0,0,-0.208623584030586,0
0,0,-0.215658443909695,0
0,0,-0.222270208560229,0
0,0,-0.228438805265638,0
0,0,-0.234143377218878,0
0,0,-0.239367458519653,0
0,0,-0.244092858268587,0
0,0,-0.248305149200659,0
0,0,-0.251991315413729,0
0,0,-0.255138184187561,0
0,0,-0.25773713052676,0
0,0,-0.259778588527345,0
0,0,-0.261256128647295,0
0,0,-0.262163948616982,0
0,0,-0.262498598438249,0
0,0,-0.262258509930114,0
0,0,-0.261443683092579,0
0,0,-0.260055215652328,0
0,0,-0.258097028061815,0
0,0,-0.255573981682078,0
0,0,-0.252492976509433,0
0,0,-0.248861696630685,0
0,0,-0.244690492040306,0
0,0,-0.239989712732767,0
0,0,-0.234773001882602,0
0,0,-0.229053689028143,0
0,0,-0.222847299161102,0
0,0,-0.216170925454165,0
0,0,-0.209041347443826,0
0,0,-0.201478481028539,0
0,0,-0.193502242106757,0
0,0,-0.185132546576936,0
0,0,-0.176392133063293,0
0,0,-0.167304053826244,0
0,0,-0.157891361126205,0
0,0,-0.148178204950277,0
0,0,-0.138189205739856,0
0,0,-0.127950238481123,0
0,0,-0.117486237251669,0
0,0,-0.106823704310067,0
0,0,-0.0959891419148904,0
0,0,-0.085009209142809,0
0,0,-0.0739111923428862,0
0,0,-0.0627228483184787,0
0,0,-0.0514698952376698,0
0,0,-0.0401804035400118,0
0,0,-0.0288813459383722,0
0,0,-0.017599224691323,0
0,0,-0.00636148296602612,0
0,0,0.00480537697894623,0
0,0,0.01587579379361,0
0,0,0.0268238924917847,0
0,0,0.0376228571787012,0
0,0,0.048248851503454,0
0,0,0.0586775686608441,0
0,0,0.0688850154818665,0
0,0,0.0788481397061069,0
0,0,0.0885445163455423,0
0,0,0.097953759047424,0
0,0,0.107053129187533,0
0,0,0.115823651776004,0
0,0,0.124248390458246,0
0,0,0.132307115699609,0
0,0,0.139985243416972,0
0,0,0.147266934982432,0
0,0,0.154136979040477,0
0,0,0.16058377105185,0
0,0,0.166593981478214,0
0,0,0.172157260325099,0
0,0,0.177264825779014,0
0,0,0.181907739208366,0
0,0,0.186079257434942,0
0,0,0.189774362279602,0
0,0,0.192988819653699,0
0,0,0.195719336377173,0
0,0,0.197964971541436,0
0,0,0.199726509236978,0
0,0,0.201004263099996,0
0,0,0.201801996764843,0
0,0,0.202123944320166,0
0,0,0.201975123945104,0
0,0,0.20136259245407,0
0,0,0.200294190751966,0
0,0,0.198778543834187,0
0,0,0.196825688059007,0
0,0,0.194446130238999,0
0,0,0.191650534004828,0
0,0,0.188451915258636,0
0,0,0.184860780812992,0
0,0,0.180892498841506,0
0,0,0.176558673883435,0
0,0,0.171874360476194,0
0,0,0.166853672248607,0
0,0,0.161510409193304,0
0,0,0.155860096301994,0
0,0,0.149916063113012,0
0,0,0.143693834618066,0
0,0,0.13720846535457,0
0,0,0.130474225769448,0
0,0,0.123506170400113,0
0,0,0.116318726511589,0
0,0,0.108927262277485,0
0,0,0.101344636781842,0
0,0,0.0935871591068582,0
0,0,0.0856676883365755,0
0,0,0.0776008085541136,0
0,0,0.069400790206396,0
0,0,0.0610804923774642,0
0,0,0.0526543423323398,0
0,0,0.0441345718826718,0
0,0,0.0355352946572858,0
0,0,0.0268687424678307,0
0,0,0.0181477743983476,0
0,0,0.00938462226048586,0
0,0,0.000592145138286204,0
0,0,-0.00821773879279863,0
0,0,-0.0170331113573157,0
0,0,-0.0258426816522039,0
0,0,-0.0346334337753254,0
0,0,-0.0433958018226966,0
0,0,-0.0521170835283761,0
0,0,-0.0607869288978903,0
0,0,-0.0693946743005718,0
0,0,-0.0779288720152619,0
0,0,-0.0863804265922724,0
0,0,-0.0947374198561507,0
0,0,-0.102990913175308,0
0,0,-0.111130870191467,0
0,0,-0.119146940910156,0
0,0,-0.127029873063591,0
0,0,-0.134769943929689,0
0,0,-0.142357273968274,0
0,0,-0.149783551820149,0
0,0,-0.157039838853722,0
0,0,-0.164115471438328,0
0,0,-0.171002138214767,0
0,0,-0.177691371005745,0
0,0,-0.184173290271084,0
0,0,-0.190439584651586,0
0,0,-0.196481629151857,0
0,0,-0.202290485140309,0
0,0,-0.207857527621548,0
0,0,-0.213174445236376,0
0,0,-0.218233553897988,0
0,0,-0.22302638542909,0
0,0,-0.227544785288581,0
0,0,-0.231781853480147,0
0,0,-0.235730376371276,0
0,0,-0.239383297147557,0
0,0,-0.242735127175557,0
0,0,-0.245779750549451,0
0,0,-0.248512149090103,0
0,0,-0.250927618254568,0
0,0,-0.253022080772298,0
0,0,-0.25479098891845,0
0,0,-0.256232304057747,0
0,0,-0.257342576192033,0
0,0,-0.258120237140328,0
0,0,-0.258564502812141,0
0,0,-0.258673648208393,0
0,0,-0.258447830147182,0
0,0,-0.257887675900901,0
0,0,-0.256994440014333,0
0,0,-0.255769063396069,0
0,0,-0.254214525589969,0
0,0,-0.252333492503703,0
0,0,-0.250130041407819,0
0,0,-0.247607935936671,0
0,0,-0.244772037451298,0
0,0,-0.241628775493722,0
0,0,-0.238183011424983,0
0,0,-0.234441802059492,0
0,0,-0.23041173375737,0
0,0,-0.226101901968303,0
0,0,-0.221519833960998,0
0,0,-0.216674938821339,0
0,0,-0.211577252907604,0
0,0,-0.206235401215183,0
0,0,-0.20066224282812,0
0,0,-0.194867657286592,0
0,0,-0.188863562766052,0
0,0,-0.182662191078148,0
0,0,-0.176276244488824,0
0,0,-0.169719836626906,0
0,0,-0.163005512940237,0
0,0,-0.156147700693842,0
0,0,-0.149160513516544,0
0,0,-0.14205963321815,0
0,0,-0.134859330245585,0
0,0,-0.127575129590556,0
0,0,-0.120223340335261,0
0,0,-0.112819644289508,0
0,0,-0.105380193717396,0
0,0,-0.0979220817916153,0
0,0,-0.0904616175943637,0
0,0,-0.083014796571643,0
0,0,-0.075599339168535,0
0,0,-0.0682309271948457,0
0,0,-0.0609266538232643,0
0,0,-0.0537023576816955,0
0,0,-0.0465743478523373,0
0,0,-0.039558462963094,0
0,0,-0.0326703848237719,0
0,0,-0.0259245406993929,0
0,0,-0.0193364555816659,0
0,0,-0.0129188317365331,0
0,0,-0.00668641006521309,0
0,0,-0.000651265561255943,0
0,0,0.00517531087227674,0
0,0,0.0107812442418354,0
0,0,0.0161564981891429,0
0,0,0.0212926045369044,0
0,0,0.0261810951078243,0
0,0,0.0308138153608031,0
0,0,0.0351860607528993,0
0,0,0.0392923426506806,0
0,0,0.0431287406016954,0
0,0,0.0466921182439821,0
0,0,0.0499818483051491,0
0,0,0.0529976171489999,0
0,0,0.0557394247755345,0
0,0,0.0582099370924198,0
0,0,0.0604118200073234,0
0,0,0.0623483667003042,0
0,0,0.0640239680781078,0
0,0,0.0654447400465592,0
0,0,0.0666153871486002,0
0,0,0.0675428093805448,0
0,0,0.0682335931025126,0
0,0,0.0686949519470144,0
0,0,0.0689347268189526,0
0,0,0.0689590336241523,0
0,0,0.068776654176105,0
0,0,0.0683951157435176,0
0,0,0.0678208478684106,0
0,0,0.0670615346375893,0
0,0,0.0661242328654665,0
0,0,0.065016626638847,0
0,0,0.0637443614092614,0
0,0,0.0623141803549263,0
0,0,0.0607326698359605,0
0,0,0.0590057889400899,0
0,0,0.0571393399369433,0
0,0,0.0551383410056587,0
0,0,0.0530087512339625,0
0,0,0.0507555888009923,0
0,0,0.0483841855220826,0
0,0,0.0458987754858813,0
0,0,0.0433048473258202,0
0,0,0.040606791948645,0
0,0,0.0378091570792001,0
0,0,0.0349164904423287,0
0,0,0.0319325556723851,0
0,0,0.0288614300399181,0
0,0,0.0257073476335756,0
0,0,0.0224739152696134,0
0,0,0.0191645829461886,0
0,0,0.015783584751949,0
0,0,0.0123343706850521,0
0,0,0.00882180210653716,0
0,0,0.00524823128787655,0
0,0,0.00161930368059937,0
0,0,-0.00206153071713711,0
0,0,-0.00578956736239,0
0,0,-0.00956072898461058,0
0,0,-0.0133701542227583,0
0,0,-0.0172125112614998,0
0,0,-0.0210835660121862,0
0,0,-0.0249783002956804,0
0,0,-0.0288912254785503,0
0,0,-0.0328171665635589,0
0,0,-0.036751419007765,0
0,0,-0.0406888078139322,0
0,0,-0.0446247852572171,0
0,0,-0.0485532354317946,0
0,0,-0.0524694537947239,0
0,0,-0.0563682653487675,0
0,0,-0.0602444950966903,0
0,0,-0.0640932816774522,0
0,0,-0.0679092932757186,0
0,0,-0.0716876685304497,0
0,0,-0.0754229188082137,0
0,0,-0.0791100259298725,0
0,0,-0.0827431876257978,0
0,0,-0.0863169152625568,0
0,0,-0.0898249361162272,0
0,0,-0.0932622320076716,0
0,0,-0.0966214324862804,0
0,0,-0.0998967352824256,0
0,0,-0.103080926763596,0
0,0,-0.106168047842066,0
0,0,-0.109150100794833,0
0,0,-0.112020342443681,0
0,0,-0.114770931883707,0
0,0,-0.11739387139191,0
0,0,-0.119881163245288,0
0,0,-0.122224496084644,0
0,0,-0.124415401732684,0
0,0,-0.126445098375914,0
0,0,-0.128304961018941,0
0,0,-0.129986207848275,0
0,0,-0.131480057050424,0
0,0,-0.132777883629994,0
0,0,-0.133871062591592,0
0,0,-0.134750655303627,0
0,0,-0.135409291315492,0
0,0,-0.135839129722283,0
0,0,-0.136032329619097,0
0,0,-0.135982461463913,0
0,0,-0.135683409350906,0
0,0,-0.13512937101045,0
0,0,-0.134316425990091,0
0,0,-0.133239869746888,0
0,0,-0.131897193191272,0
0,0,-0.130286514506066,0
0,0,-0.128406735964584,0
0,0,-0.126257230294434,0
0,0,-0.123839565676596,0
0,0,-0.121155467110149,0
0,0,-0.118208070957053,0
0,0,-0.115000356761173,0
0,0,-0.111538283610235,0
0,0,-0.107826869683377,0
0,0,-0.103873955885501,0
0,0,-0.0996870694853155,0
0,0,-0.0952748354782131,0
0,0,-0.0906483879491565,0
0,0,-0.0858174496202256,0
0,0,-0.0807948795754624,0
0,0,-0.0755933800808085,0
0,0,-0.0702267511288945,0
0,0,-0.0647100472571341,0
0,0,-0.0590581661848433,0
0,0,-0.0532875738123185,0
0,0,-0.0474142655855628,0
0,0,-0.041456275585853,0
0,0,-0.0354305401677798,0
0,0,-0.0293554070488167,0
0,0,-0.0232493807645352,0
0,0,-0.017130338578115,0
0,0,-0.0110170986613224,0
0,0,-0.00492847918592587,0
0,0,0.00111701531250286,0
0,0,0.00710040984409899,0
0,0,0.0130027294189967,0
0,0,0.0188057831378203,0
0,0,0.0244910664649984,0
0,0,0.030040388501156,0
0,0,0.0354355583469177,0
0,0,0.0406591691933982,0
0,0,0.0456938142317127,0
0,0,0.0505233411977608,0
0,0,0.0551308137369517,0
0,0,0.0595018045842635,0
0,0,0.0636209455660859,0
0,0,0.0674750639621817,0
0,0,0.0710509870523135,0
0,0,0.0743363262067349,0
0,0,0.0773210450671691,0
0,0,0.0799949504572421,0
0,0,0.0823487901091688,0
0,0,0.0843755072085357,0
0,0,0.0860686722133226,0
0,0,0.0874218555815089,0
0,0,0.088431764133035,0
0,0,0.0890946342335477,0
0,0,0.0894081136115756,0
0,0,0.0893712613585307,0
0,0,0.0889837638382169,0
0,0,0.0882470324135167,0
0,0,0.087161537538724,0
0,0,0.085731042848193,0
0,0,0.0839586847038845,0
0,0,0.0818483835582497,0
0,0,0.0794056280447213,0
0,0,0.0766362204329276,0
0,0,0.0735461198105951,0
0,0,0.0701430102645286,0
0,0,0.0664337917910431,0
0,0,0.0624270893855317,0
0,0,0.0581309007709963,0
0,0,0.0535547918514181,0
0,0,0.0487075444402887,0
0,0,0.0435990380777864,0
0,0,0.0382382113955009,0
0,0,0.0326352575698057,0
0,0,0.0267998993227809,0
0,0,0.0207417025584089,0
0,0,0.0144710172711611,0
0,0,0.00799740936501969,0
0,0,0.0013315424706537,0
0,0,-0.0055174879622506,0
0,0,-0.0125380773944361,0
0,0,-0.019720503103822,0
0,0,-0.0270541014597412,0
0,0,-0.0345280520134268,0
0,0,-0.0421310638618183,0
0,0,-0.0498520029199531,0
0,0,-0.0576792646485746,0
0,0,-0.0656007740541321,0
0,0,-0.0736036720525843,0
0,0,-0.0816760404684787,0
0,0,-0.0898042361272828,0
0,0,-0.0979749294906629,0
0,0,-0.106174320565988,0
0,0,-0.114388766178727,0
0,0,-0.122602427700976,0
0,0,-0.130801661958203,0
0,0,-0.138970787140603,0
0,0,-0.147094278256465,0
0,0,-0.155156453495985,0
0,0,-0.16314131741316,0
0,0,-0.171033031380086,0
0,0,-0.178814815860269,0
0,0,-0.186470518589609,0
0,0,-0.193983203213517,0
0,0,-0.20133671746789,0
0,0,-0.208513811361942,0
0,0,-0.21549692126869,0
0,0,-0.222270835832622,0
0,0,-0.228817991426755,0
0,0,-0.235121765332694,0
0,0,-0.241165221195848,0
0,0,-0.246933147660705,0
0,0,-0.252408922008872,0
0,0,-0.257577176066736,0
0,0,-0.262423325751178,0
0,0,-0.266932316524786,0
0,0,-0.271090505213026,0
0,0,-0.274885189549956,0
0,0,-0.278304294542024,0
0,0,-0.281335745195682,0
0,0,-0.283969191516455,0
0,0,-0.286195381236558,0
0,0,-0.288004905270108,0
0,0,-0.289390393166495,0
0,0,-0.290345101747503,0
0,0,-0.290862915107307,0
0,0,-0.290939128702966,0
0,0,-0.290569508445831,0
0,0,-0.289752329336824,0
0,0,-0.288485709558769,0
0,0,-0.28676839456688,0
0,0,-0.284601168451649,0
0,0,-0.281985128939761,0
0,0,-0.278922314666491,0
0,0,-0.275416175629997,0
0,0,-0.271470005010338,0
0,0,-0.267089605077143,0
0,0,-0.262279994009549,0
0,0,-0.257047444531479,0
0,0,-0.25140026800213,0
0,0,-0.245345834872111,0
0,0,-0.238894338317796,0
0,0,-0.232054716970776,0
0,0,-0.224838104916012,0
0,0,-0.217255793056565,0
0,0,-0.209319856385986,0
0,0,-0.201044094896904,0
0,0,-0.192441524491459,0
0,0,-0.183527042888966,0
0,0,-0.174316331899232,0
0,0,-0.164825073332063,0
0,0,-0.155070203542051,0
0,0,-0.145069913428569,0
0,0,-0.134841296164308,0
0,0,-0.124403954011525,0
0,0,-0.113777332414379,0
0,0,-0.10298103363513,0
0,0,-0.092037012207505,0
0,0,-0.0809653408480566,0
0,0,-0.0697879740905137,0
0,0,-0.0585281210133901,0
0,0,-0.0472069520599232,0
0,0,-0.0358472058543332,0
0,0,-0.0244717778389369,0
0,0,-0.0131043475465418,0
0,0,-0.00176718314707269,0
0,0,0.00951572219046648,0
0,0,0.0207211593875627,0
0,0,0.0318267034561923,0
0,0,0.0428080475911563,0
0,0,0.0536433940768237,0
0,0,0.0643095338346809,0
0,0,0.0747841986948028,0
0,0,0.085044963669167,0
0,0,0.095071599223123,0
0,0,0.104842150822942,0
0,0,0.114337329842563,0
0,0,0.123537847655922,0
0,0,0.132425670181744,0
0,0,0.140983547429242,0
0,0,0.149195327134314,0
0,0,0.157046738850037,0
0,0,0.164524453038076,0
0,0,0.17161561061439,0
0,0,0.1783103320388,0
0,0,0.184599992315913,0
0,0,0.190475182359846,0
0,0,0.195930413537166,0
0,0,0.200960667668734,0
0,0,0.205561710665905,0
0,0,0.209731347075303,0
0,0,0.21346800871595,0
0,0,0.216772479678335,0
0,0,0.21964538723485,0
0,0,0.222089397293163,0
0,0,0.224107646215234,0
0,0,0.225705465816399,0
0,0,0.226887247003402,0
0,0,0.227659889772559,0
0,0,0.228030137302086,0
0,0,0.228005360042592,0
0,0,0.227592928444686,0
0,0,0.226802565230448,0
0,0,0.225641954486683,0
0,0,0.224120348481178,0
0,0,0.222246215391226,0
0,0,0.220030375665595,0
0,0,0.217480513391089,0
0,0,0.214606821744084,0
0,0,0.211417768901873,0
0,0,0.207923077586538,0
0,0,0.204131215975373,0
0,0,0.200052063608557,0
0,0,0.195693775027188,0
0,0,0.191065288862857,0
0,0,0.186175073292858,0
0,0,0.181032380584979,0
0,0,0.175645365280316,0
0,0,0.170022652374265,0
0,0,0.164171769135532,0
0,0,0.158102438286198,0
0,0,0.151822657549262,0
0,0,0.14534026782963,0
0,0,0.138663737304595,0
0,0,0.131801534151453,0
0,0,0.124761812911304,0
0,0,0.117553198579542,0
0,0,0.110182747970578,0
0,0,0.102659242897904,0
0,0,0.0949903674483266,0
0,0,0.0871839625267474,0
0,0,0.0792467713113834,0
0,0,0.0711871051614323,0
0,0,0.0630117072551108,0
0,0,0.0547279480430276,0
0,0,0.0463428843395959,0
0,0,0.0378626320506397,0
0,0,0.0292942479905722,0
0,0,0.0206440048833156,0
0,0,0.0119181754527924,0
0,0,0.0031228756048276,0
0,0,-0.00573640602714665,0
0,0,-0.0146530830830124,0
0,0,-0.0236215101112391,0
0,0,-0.032636041660296,0
0,0,-0.0416908754605552,0
0,0,-0.0507791115157017,0
0,0,-0.0598962021008924,0
0,0,-0.0690354040379093,0
0,0,-0.0781899741485367,0
0,0,-0.0873530124364592,0
0,0,-0.0965179325415588,0
0,0,-0.105677207195128,0
0,0,-0.114822995492264,0
0,0,-0.123946986073769,0
0,0,-0.133040083489955,0
0,0,-0.142093505927332,0
0,0,-0.151095962482838,0
0,0,-0.160037887252492,0
0,0,-0.168907832515135,0
0,0,-0.17769340964102,0
0,0,-0.186383484545185,0
0,0,-0.194963316326411,0
0,0,-0.203420829991148,0
0,0,-0.211742068728668,0
0,0,-0.219912134819655,0
0,0,-0.227916130544794,0
0,0,-0.235739942275258,0
0,0,-0.243367417746947,0
0,0,-0.250783188786251,0
0,0,-0.25797188721956,0
0,0,-0.264917831237068,0
0,0,-0.271604868574672,0
0,0,-0.278017787876863,0
0,0,-0.284140750515735,0
0,0,-0.289959015590071,0
0,0,-0.295456901290064,0
0,0,-0.300621548531673,0
0,0,-0.30543743232319,0
0,0,-0.309892477671063,0
0,0,-0.31397398230935,0
0,0,-0.317670341698795,0
0,0,-0.320970421754434,0
0,0,-0.323864813390384,0
0,0,-0.326343637066467,0
0,0,-0.328399679150172,0
0,0,-0.330026196463282,0
0,0,-0.331216916281875,0
0,0,-0.331967918153498,0
0,0,-0.332276065716192,0
0,0,-0.332138536244191,0
0,0,-0.331554545647004,0
0,0,-0.330525348469417,0
0,0,-0.329051728801918,0
0,0,-0.327137136642666,0
0,0,-0.324785178807916,0
0,0,-0.322002912112081,0
0,0,-0.318795354734299,0
0,0,-0.315172229396651,0
0,0,-0.31114200427643,0
0,0,-0.306715656640502,0
0,0,-0.301904477391927,0
0,0,-0.296722109705237,0
0,0,-0.291182039936865,0
0,0,-0.285300106714716,0
0,0,-0.279091521394301,0
0,0,-0.272573690784506,0
0,0,-0.26576370805802,0
0,0,-0.258680861840903,0
0,0,-0.251343813486827,0
0,0,-0.243773106166637,0
0,0,-0.235988812596884,0
0,0,-0.22801194640271,0
0,0,-0.219864618935942,0
0,0,-0.211568471094112,0
0,0,-0.203146241501439,0
0,0,-0.194620198327849,0
0,0,-0.186013080197559,0
0,0,-0.177348253007183,0
0,0,-0.168648455380939,0
0,0,-0.159935485034457,0
0,0,-0.151233021500546,0
0,0,-0.142562235222443,0
0,0,-0.133944610279583,0
0,0,-0.1254017875695,0
0,0,-0.116953526172548,0
0,0,-0.108620212441477,0
0,0,-0.100419566821368,0
0,0,-0.092370250665889,0
0,0,-0.0844888866934357,0
0,0,-0.0767913135319119,0
0,0,-0.0692924289006348,0
0,0,-0.0620049350655463,0
0,0,-0.054941847928786,0
0,0,-0.0481138311210221,0
0,0,-0.0415299800919425,0
0,0,-0.0351990766550386,0
0,0,-0.0291270798980366,0
0,0,-0.023320576181056,0
0,0,-0.0177827018660571,0
0,0,-0.012515338770217,0
0,0,-0.00752083916500645,0
0,0,-0.00279732123324883,0
0,0,0.00165568547934947,0
0,0,0.00584319915192766,0
0,0,0.00976898341883858,0
0,0,0.0134394678221024,0
0,0,0.0168618659942306,0
0,0,0.0200452733849108,0
0,0,0.0229995695343208,0
0,0,0.0257344771645407,0
0,0,0.0282626985415131,0
0,0,0.0305969359311817,0
0,0,0.0327509893261759,0
0,0,0.0347380314467332,0
0,0,0.0365734304664631,0
0,0,0.0382725545589766,0
0,0,0.0398501446254909,0
0,0,0.0413231370205973,0
0,0,0.0427064294636115,0
0,0,0.0440171151272224,0
0,0,0.0452715030936288,0
0,0,0.0464851183545389,0
0,0,0.0476744268102491,0
0,0,0.0488547966343698,0
0,0,0.0500417528186092,0
0,0,0.0512500362641852,0
0,0,0.0524942310542174,0
0,0,0.0537876667270416,0
0,0,0.0551427319124045,0
0,0,0.0565729129667396,0
0,0,0.0580879326121266,0
0,0,0.0596987681154306,0
0,0,0.0614140444720441,0
0,0,0.0632422298592634,0
0,0,0.0651900674553048,0
0,0,0.0672628890755023,0
0,0,0.0694655560808961,0
0,0,0.0718007343791534,0
0,0,0.0742701489693522,0
0,0,0.0768741134876894,0
0,0,0.0796121574798703,0
0,0,0.0824814582201303,0
0,0,0.0854782520741153,0
0,0,0.0885986185893741,0
0,0,0.091835500951494,0
0,0,0.0951816855279635,0
0,0,0.0986282336871933,0
0,0,0.1021657363433,0
0,0,0.105782902593222,0
0,0,0.109467343807214,0
0,0,0.11320573044694,0
0,0,0.116984732974063,0
0,0,0.120789140033073,0
0,0,0.124603269814163,0
0,0,0.128410656417036,0
0,0,0.132194363487101,0
0,0,0.135937611487867,0
0,0,0.139622052701858,0
0,0,0.143230280320191,0
0,0,0.146744573897784,0
0,0,0.150146428899066,0
0,0,0.153417654424662,0
0,0,0.156540059575196,0
0,0,0.15949639435988,0
0,0,0.162267840606949,0
0,0,0.164837775598006,0
0,0,0.16718863570607,0
0,0,0.169303641394646,0
0,0,0.171165542672949,0
0,0,0.17275959863976,0
0,0,0.174069970667175,0
0,0,0.175081447399682,0
0,0,0.175780856117043,0
0,0,0.176153769554237,0
0,0,0.176187799081516,0
0,0,0.175870869705331,0
0,0,0.175192788249306,0
0,0,0.174141950174186,0
0,0,0.172710671393164,0
0,0,0.170890013274652,0
0,0,0.168672134913746,0
0,0,0.166051390858916,0
0,0,0.163021665204338,0
0,0,0.159579507951854,0
0,0,0.155720528194718,0
0,0,0.151443000933852,0
0,0,0.146745514806373,0
0,0,0.141628853902771,0
0,0,0.136093175041145,0
0,0,0.13014130094726,0
0,0,0.123776367983076,0
0,0,0.117002923873438,0
0,0,0.109827084524171,0
0,0,0.102255122659196,0
0,0,0.0942955064558091,0
0,0,0.0859571745456,0
0,0,0.0772495360144525,0
0,0,0.068184509037819,0
0,0,0.0587730708825642,0
0,0,0.0490276101784355,0
0,0,0.0389623973723559,0
0,0,0.0285918597293475,0
0,0,0.01792979724204,0
0,0,0.00699298944692628,0
0,0,-0.00420225457379586,0
0,0,-0.0156391552836331,0
0,0,-0.0272998354194062,0
0,0,-0.0391654768093479,0
0,0,-0.0512177317359842,0
0,0,-0.0634373115732542,0
0,0,-0.0758033595141147,0
0,0,-0.0882964301144065,0
0,0,-0.100895352930891,0
0,0,-0.113579114338428,0
0,0,-0.126325759803288,0
0,0,-0.139114118882232,0
0,0,-0.15192160976914,0
0,0,-0.164725964294087,0
0,0,-0.17750475746905,0
0,0,-0.190235564306005,0
0,0,-0.202895332544539,0
0,0,-0.215460225833743,0
0,0,-0.227908132821793,0
0,0,-0.240214276249194,0
0,0,-0.25235560385553,0
0,0,-0.264308279289896,0
0,0,-0.276047525292799,0
0,0,-0.287548564604744,0
0,0,-0.298786933602433,0
0,0,-0.309738011844471,0
0,0,-0.320376081162775,0
0,0,-0.330677618842636,0
0,0,-0.34061612262548,0
0,0,-0.350167128888011,0
0,0,-0.359306017188832,0
0,0,-0.368008480722744,0
0,0,-0.376250212684546,0
0,0,-0.384007219905235,0
0,0,-0.391256606942494,0
0,0,-0.39797516471781,0
0,0,-0.404141565969846,0
0,0,-0.409734483437264,0
0,0,-0.414733844403515,0
0,0,-0.419119576152045,0
0,0,-0.422874585510165,0
0,0,-0.425981779305186,0
0,0,-0.428424534818714,0
0,0,-0.43018983614861,0
0,0,-0.431263883302245,0
0,0,-0.431635699012752,0
0,0,-0.431295717376151,0
0,0,-0.430235627033245,0
0,0,-0.428448998442012,0
0,0,-0.425931754331904,0
0,0,-0.422681699249547,0
0,0,-0.418697265013961,0
0,0,-0.413981274350911,0
0,0,-0.408536393168063,0
0,0,-0.402369364643635,0
0,0,-0.39548724559204,0
0,0,-0.387901326916337,0
0,0,-0.379623840428176,0
0,0,-0.370669683846874,0
0,0,-0.361055166254627,0
0,0,-0.350800046731793,0
0,0,-0.339924554813022,0
0,0,-0.328451429122532,0
0,0,-0.316406387828406,0
0,0,-0.303816090007316,0
0,0,-0.290708919735009,0
0,0,-0.277115142904412,0
0,0,-0.263067220861825,0
0,0,-0.248599496770723,0
0,0,-0.233745843340288,0
0,0,-0.218543740095957,0
0,0,-0.203030823381265,0
0,0,-0.187246611356923,0
0,0,-0.171229838093155,0
0,0,-0.155022060385945,0
0,0,-0.138664207758889,0
0,0,-0.12219815064417,0
0,0,-0.105665602655872,0
0,0,-0.0891093751347659,0
0,0,-0.0725711816949371,0
0,0,-0.0560936768590593,0
0,0,-0.0397176333326278,0
0,0,-0.023484451093532,0
0,0,-0.00743505966536584,0
0,0,0.00839102279115811,0
0,0,0.0239550622058189,0
0,0,0.0392194222350812,0
0,0,0.0541472506259,0
0,0,0.0687042042147998,0
0,0,0.0828553125659124,0
0,0,0.0965696825139195,0
0,0,0.109814539076326,0
0,0,0.12256243908597,0
0,0,0.134785155285201,0
0,0,0.146456342233545,0
0,0,0.157552320398192,0
0,0,0.168050351154926,0
0,0,0.177930675423389,0
0,0,0.187173690941324,0
0,0,0.19576324544463,0
0,0,0.203685225304482,0
0,0,0.21092661461874,0
0,0,0.217476749756736,0
0,0,0.223327946631665,0
0,0,0.22847267797482,0
0,0,0.232907023333749,0
0,0,0.236629257709374,0
0,0,0.239638440193106,0
0,0,0.241936452602122,0
0,0,0.243526901752677,0
0,0,0.244415276278205,0
0,0,0.244609417083607,0
0,0,0.244118262800473,0
0,0,0.242953731604257,0
0,0,0.241128996215195,0
0,0,0.238658954352604,0
0,0,0.235560385552976,0
0,0,0.231852421624275,0
0,0,0.227554821646857,0
0,0,0.22268954015445,0
0,0,0.217279315771275,0
0,0,0.211349709847314,0
0,0,0.204926126914455,0
0,0,0.198036010139858,0
0,0,0.190707273144979,0
0,0,0.182969554550352,0
0,0,0.174852963430804,0
0,0,0.166387452043065,0
0,0,0.157605011279142,0
0,0,0.148537475212939,0
0,0,0.139216834736463,0
0,0,0.12967570801411,0
0,0,0.119946399574082,0
0,0,0.110061057126481,0
0,0,0.100053082926194,0
0,0,0.0899541542290312,0
0,0,0.0797972028355847,0
0,0,0.0696134355473694,0
0,0,0.0594343728020963,0
0,0,0.0492912214012795,0
0,0,0.0392147176921394,0
0,0,0.0292335593866215,0
0,0,0.0193775419233582,0
0,0,0.00967395165141216,0
0,0,0.000150859010336513,0
0,0,-0.00916633146798218,0
0,0,-0.018252528887854,0
0,0,-0.027083426444079,0
0,0,-0.0356372264210271,0
0,0,-0.0438926015573607,0
0,0,-0.0518296359546263,0
0,0,-0.0594299818953508,0
0,0,-0.0666767030249429,0
0,0,-0.0735547448059886,0
0,0,-0.0800506208820549,0
0,0,-0.0861517858052966,0
0,0,-0.0918483600355352,0
0,0,-0.0971310913049855,0
0,0,-0.101993079617333,0
0,0,-0.10642836588485,0
0,0,-0.110433343291283,0
0,0,-0.114005816383257,0
0,0,-0.117145001070283,0
0,0,-0.119851681442852,0
0,0,-0.122128680226728,0
0,0,-0.123979917874362,0
0,0,-0.125411667109678,0
0,0,-0.126430200656597,0
0,0,-0.127044770782907,0
0,0,-0.127264943392587,0
0,0,-0.1271020093887,0
0,0,-0.126569611945776,0
0,0,-0.125680923784052,0
0,0,-0.124452253985728,0
0,0,-0.122898657088217,0
0,0,-0.121039421717582,0
0,0,-0.118893052409393,0
0,0,-0.116478524153516,0
0,0,-0.113817164211287,0
0,0,-0.110931083934535,0
0,0,-0.107840983312202,0
0,0,-0.104571169149489,0
0,0,-0.10114485052491,0
0,0,-0.0975858637893685,0
0,0,-0.0939185157480654,0
0,0,-0.0901677404785933,0
0,0,-0.0863584720585433,0
0,0,-0.0825156445655083,0
0,0,-0.078663094350393,0
0,0,-0.0748268532174762,0
0,0,-0.07103107115386,0
0,0,-0.0672994276923512,0
0,0,-0.0636560728200519,0
0,0,-0.0601226474344954,0
0,0,-0.0567236151589782,0
0,0,-0.0534782646195632,0
0,0,-0.0504088639861753,0
0,0,-0.047533604158189,0
0,0,-0.0448717737616664,0
0,0,-0.0424395250607085,0
0,0,-0.0402526966832191,0
0,0,-0.038326186348514,0
0,0,-0.0366723826863413,0
0,0,-0.0353025765997602,0
0,0,-0.0342263339927535,0
0,0,-0.0334516525883218,0
0,0,-0.032984491474192,0
0,0,-0.0328292415571099,0
0,0,-0.0329888823809379,0
0,0,-0.0334635707637747,0
0,0,-0.0342533067056203,0
0,0,-0.035354483390219,0
0,0,-0.0367633371832178,0
0,0,-0.0384735953606933,0
0,0,-0.0404771033815473,0
0,0,-0.0427652362503854,0
0,0,-0.0453262326098534,0
0,0,-0.048148174284498,0
0,0,-0.0512164771911995,0
0,0,-0.0545165572468386,0
0,0,-0.058031321278726,0
0,0,-0.0617435192960749,0
0,0,-0.0656349603995099,0
0,0,-0.069685415054381,0
0,0,-0.0738744969079391,0
0,0,-0.0781804082445545,0
0,0,-0.0825811945304986,0
0,0,-0.0870549012320414,0
0,0,-0.0915780056344745,0
0,0,-0.0961271418411856,0
0,0,-0.100678630319368,0
0,0,-0.105208791536214,0
0,0,-0.109693632322719,0
0,0,-0.114108532237489,0
0,0,-0.118428243566733,0
0,0,-0.122632379957706,0
0,0,-0.126694909606128,0
0,0,-0.13059466206876,0
0,0,-0.134308585085188,0
0,0,-0.13781566503027,0
0,0,-0.141096299641749,0
0,0,-0.144129475294485,0
0,0,-0.146897785179592,0
0,0,-0.149383038397696,0
0,0,-0.151569866775185,0
0,0,-0.153442431684156,0
0,0,-0.154987403586273,0
0,0,-0.156191296125103,0
0,0,-0.157044386578566,0
0,0,-0.157536011315994,0
0,0,-0.157658172614385,0
0,0,-0.157403500023131,0
0,0,-0.156767132181191,0
0,0,-0.155745932726604,0
0,0,-0.15433676529741,0
0,0,-0.152539473075509,0
0,0,-0.150354840151392,0
0,0,-0.147785532432727,0
0,0,-0.144835784008161,0
0,0,-0.141511397147322,0
0,0,-0.13782052639131,0
0,0,-0.133771796735518,0
0,0,-0.129376342264908,0
0,0,-0.124646237973032,0
0,0,-0.119595283852519,0
0,0,-0.114238848076979,0
0,0,-0.108593553364807,0
0,0,-0.10267664970679,0
0,0,-0.096507896183283,0
0,0,-0.0901081496013294,0
0,0,-0.083497953131775,0
0,0,-0.0767000453988396,0
0,0,-0.0697384195715262,0
0,0,-0.0626372256369363,0
0,0,-0.0554213976726627,0
0,0,-0.048116497028689,0
0,0,-0.0407483986911962,0
0,0,-0.0333448594635409,0
0,0,-0.025931754331904,0
0,0,-0.0185369969177402,0
0,0,-0.0111875599339172,0
0,0,-0.00391088654759497,0
0,0,0.00326558007406508,0
0,0,0.0103154944905879,0
0,0,0.0172121976253037,0
0,0,0.0239288735834424,0
0,0,0.0304415291960014,0
0,0,0.0367249167491921,0
0,0,0.0427559839825993,0
0,0,0.0485124627262983,0
0,0,0.0539720848103638,0
0,0,0.0591160320630284,0
0,0,0.063924859040132,0
0,0,0.0683814725689862,0
0,0,0.0724697203854903,0
0,0,0.0761759593151126,0
0,0,0.0794874870919102,0
0,0,0.082393640085215,0
0,0,0.0848853228453388,0
0,0,0.0869542240130847,0
0,0,0.0885962663179032,0
0,0,0.0898064315806557,0
0,0,0.090582837984166,0
0,0,0.0909261128008259,0
0,0,0.0908368833030282,0
0,0,0.0903181290346355,0
0,0,0.0893756522652767,0
0,0,0.0880149416283833,0
0,0,0.0862438380288593,0
0,0,0.0840726914611762,0
0,0,0.0815112246474141,0
0,0,0.0785726103078104,0
0,0,0.0752700211626023,0
0,0,0.0716175708406157,0
0,0,0.0676318820602448,0
0,0,0.0633286366312962,0
0,0,0.0587258686350474,0
0,0,0.053841298516579,0
0,0,0.0486943717200512,0
0,0,0.043304376871526,0
0,0,0.0376907594151625,0
0,0,0.0318739057037094,0
0,0,0.0258746725442087,0
0,0,0.0197136031075074,0
0,0,0.0134110837463528,0
0,0,0.00698812808588634,0
0,0,0.000466847477933685,0
0,0,-0.00613331263334438,0
0,0,-0.0127905545323176,0
0,0,-0.0194848055024333,0
0,0,-0.0261958360090423,0
0,0,-0.0329034165174936,0
0,0,-0.039589042492216,0
0,0,-0.046233738943344,0
0,0,-0.0528185308810123,0
0,0,-0.0593267955868251,0
0,0,-0.0657423807966832,0
0,0,-0.0720480365197986,0
0,0,-0.0782291786730527,0
0,0,-0.0842707527190297,0
0,0,-0.09015989957369,0
0,0,-0.0958826624263053,0
0,0,-0.101426966283325,0
0,0,-0.106782774786472,0
0,0,-0.111937542487903,0
0,0,-0.11688295802842,0
0,0,-0.121610710048826,0
0,0,-0.126110448554647,0
0,0,-0.13037605764006,0
0,0,-0.134400166854457,0
0,0,-0.138177287564404,0
0,0,-0.141700519773586,0
0,0,-0.14496704075624,0
0,0,-0.147970577788441,0
0,0,-0.150708621780622,0
0,0,-0.153177722734625,0
0,0,-0.155375371560881,0
0,0,-0.157299215987919,0
0,0,-0.158946746926169,0
0,0,-0.160316866648946,0
0,0,-0.161408006975269,0
0,0,-0.162219226996549,0
0,0,-0.162750683530885,0
0,0,-0.163000181124903,0
0,0,-0.162968817505291,0
0,0,-0.162656435853949,0
0,0,-0.16206209526229,0
0,0,-0.161187834365589,0
0,0,-0.160033339527648,0
0,0,-0.15859939483896,0
0,0,-0.156888509389092,0
0,0,-0.154901624086633,0
0,0,-0.152642032111642,0
0,0,-0.150112869826081,0
0,0,-0.147317430410009,0
0,0,-0.144260575224465,0
0,0,-0.140947322448589,0
0,0,-0.137383787988204,0
0,0,-0.133575774112939,0
0,0,-0.129531592181991,0
0,0,-0.125259239918361,0
0,0,-0.120767185499344,0
0,0,-0.11606609255561,0
0,0,-0.111166781535924,0
0,0,-0.106080072889052,0
0,0,-0.100818825699037,0
0,0,-0.0953954285956233,0
0,0,-0.0898249361162272,0
0,0,-0.0841206777991834,0
0,0,-0.0782981786362,0
0,0,-0.0723743749818679,0
0,0,-0.0663641645555033,0
0,0,-0.0602851109840885,0
0,0,-0.0541536801679209,0
0,0,-0.0479879061882772,0
0,0,-0.0418044117635531,0
0,0,-0.0356210741569262,0
0,0,-0.0294556138134789,0
0,0,-0.0233244966335077,0
0,0,-0.0172454430620929,0
0,0,-0.011234605363336,0
0,0,-0.0053089198918268,0
0,0,0.000515774724529461,0
0,0,0.00622520803880922,0
0,0,0.0118038550593045,0
0,0,0.0172382294295819,0
0,0,0.0225153152475019,0
0,0,0.0276219397928277,0
0,0,0.0325466553444,0
0,0,0.0372789550896488,0
0,0,0.041807391307416,0
0,0,0.0461239662746999,0
0,0,0.0502188004513224,0
0,0,0.0540857779314594,0
0,0,0.0577170578102078,0
0,0,0.0611066809998408,0
0,0,0.0642497861393188,0
0,0,0.0671418255037977,0
0,0,0.0697795059132182,0
0,0,0.0721589069151292,0
0,0,0.0742794012371379,0
0,0,0.0761387934258715,0
0,0,0.0777369266632324,0
0,0,0.0790731736768275,0
0,0,0.0801491026476384,0
0,0,0.0809653408480566,0
0,0,0.0815242405495533,0
0,0,0.0818284676597956,0
0,0,0.081881472176941,0
0,0,0.081687488189637,0
0,0,0.0812502793322372,0
0,0,0.080576118328664,0
0,0,0.079670964266644,0
0,0,0.078541560324394,0
0,0,0.0771954337706204,0
0,0,0.0756415232369136,0
0,0,0.0738881400824707,0
0,0,0.0719454774836654,0
0,0,0.0698241990711663,0
0,0,0.0675354389299359,0
0,0,0.0650909584173289,0
0,0,0.0625036166173867,0
0,0,0.0597862726141498,0
0,0,0.056951942309758,0
0,0,0.054015366605429,0
0,0,0.0509898750394986,0
0,0,0.0478906789674782,0
0,0,0.0447312647458018,0
0,0,0.0415271573661773,0
0,0,0.0382924704574303,0
0,0,0.035041160830289,0
0,0,0.0317881262040689,0
0,0,0.0285466961171055,0
0,0,0.0253298864715379,0
0,0,0.0221505563514073,0
0,0,0.0190214080226569,0
0,0,0.0159531051159552,0
0,0,0.0129566248981661,0
0,0,0.010041533273272,0
0,0,0.00721708250905806,0
0,0,0.00449095669232991,0
0,0,0.00186989900130374,0
0,0,-0.000640445112489618,0
0,0,-0.00303552792420692,0
0,0,-0.00531142898139625,0
0,0,-0.00746642328497837,0
0,0,-0.0094987858358756,0
0,0,-0.0114096143607744,0
0,0,-0.0131990656777717,0
0,0,-0.014870589785026,0
0,0,-0.0164273230444981,0
0,0,-0.0178738131810318,0
0,0,-0.0192164897366474,0
0,0,-0.0204625663438566,0
0,0,-0.0216195702713662,0
0,0,-0.0226969106050593,0
0,0,-0.0237052509756045,0
0,0,-0.0246549413774746,0
0,0,-0.0255582136223176,0
0,0,-0.0264285540665675,0
0,0,-0.0272789786123636,0
0,0,-0.0281239145247273,0
0,0,-0.0289776322505827,0
0,0,-0.0298565976902261,0
0,0,-0.0307758653810718,0
0,0,-0.0317517444053186,0
0,0,-0.0328005438451644,0
0,0,-0.0339385727828079,0
0,0,-0.0351822971185459,0
0,0,-0.0365488100250676,0
0,0,-0.038053950130277,0
0,0,-0.0397137128801761,0
0,0,-0.0415448778112583,0
0,0,-0.0435614017342515,0
0,0,-0.0457792800951575,0
0,0,-0.0482127833409002,0
0,0,-0.0508749273736187,0
0,0,-0.053778571277354,0
0,0,-0.0569356332275596,0
0,0,-0.0603563064006094,0
0,0,-0.0640499998823862,0
0,0,-0.068025025032089,0
0,0,-0.0722873409374432,0
0,0,-0.0768421225956848,0
0,0,-0.081692192732579,0
0,0,-0.0868386490748124,0
0,0,-0.0922821188947778,0
0,0,-0.0980189953762182,0
0,0,-0.104045044430488,0
0,0,-0.110354934242251,0
0,0,-0.116939255725625,0
0,0,-0.123788129340431,0
0,0,-0.130890107365511,0
0,0,-0.138230605717745,0
0,0,-0.145794099405424,0
0,0,-0.153563652073958,0
0,0,-0.16151966146109,0
0,0,-0.169641270759776,0
0,0,-0.177906682254386,0
0,0,-0.186292530048308,0
0,0,-0.194773723245853,0
0,0,-0.203324543678937,0
0,0,-0.211918175452793,0
0,0,-0.220526704945964,0
0,0,-0.229121904900801,0
0,0,-0.237675234423455,0
0,0,-0.246156270802901,0
0,0,-0.254536159509097,0
0,0,-0.262784007376724,0
0,0,-0.270870646239541,0
0,0,-0.278765182932232,0
0,0,-0.286438292470457,0
0,0,-0.293860336233684,0
0,0,-0.301001205147084,0
0,0,-0.307832515134907,0
0,0,-0.31432697984809,0
0,0,-0.320455587938493,0
0,0,-0.32619277805613,0
0,0,-0.331512204760527,0
0,0,-0.33638909079219,0
0,0,-0.340799129345919,0
0,0,-0.3447192681613,0
0,0,-0.348128179976995,0
0,0,-0.35100438071357,0
0,0,-0.353328424926864,0
0,0,-0.355082278535601,0
0,0,-0.356249475639485,0
0,0,-0.356812923065826,0
0,0,-0.356759448094386,0
0,0,-0.356076034823027,0
0,0,-0.354752960529669,0
0,0,-0.352778307038859,0
0,0,-0.350145958444772,0
0,0,-0.346850112477781,0
0,0,-0.342884810050158,0
0,0,-0.338248639799022,0
0,0,-0.332940033543391,0
0,0,-0.326960873100443,0
0,0,-0.320311472106373,0
0,0,-0.312996535104124,0
0,0,-0.305022648453813,0
0,0,-0.296395457606971,0
0,0,-0.287124998921876,0
0,0,-0.277221308756801,0
0,0,-0.266697559831985,0
0,0,-0.255566611231469,0
0,0,-0.243844772037451,0
0,0,-0.231549135422621,0
0,0,-0.218698362740647,0
0,0,-0.205312683526181,0
0,0,-0.191413581858655,0
0,0,-0.177024737270879,0
0,0,-0.16217139747664,0
0,0,-0.146879437462119,0
0,0,-0.131177554939261,0
0,0,-0.115094604438109,0
0,0,-0.0986622632144734,0
0,0,-0.0819114244336709,0
0,0,-0.0648764312591791,0
0,0,-0.0475916268544723,0
0,0,-0.0300926089278113,0
0,0,-0.0124167001865354,0
0,0,0.00540018802489972,0
0,0,0.0233183807276831,0
0,0,0.0412999279420838,0
0,0,0.0593043705988021,0
0,0,0.0772923473552236,0
0,0,0.0952224582334598,0
0,0,0.113053930528014,0
0,0,0.130748186986764,0
0,0,0.148260848087956,0
0,0,0.165553493397566,0
0,0,0.182585036573901,0
0,0,0.199313920820974,0
0,0,0.215701882522858,0
0,0,0.231708305792155,0
0,0,0.247296024739623,0
0,0,0.262426148476943,0
0,0,0.277062608841561,0
0,0,0.29116949448902,0
0,0,0.304713403164433,0
0,0,0.317659991704323,0
0,0,0.329978053307176,0
0,0,0.341638262988655,0
0,0,0.352610041219637,0
0,0,0.362867513013942,0
0,0,0.372384332931095,0
0,0,0.381137448710681,0
0,0,0.389102396729402,0
0,0,0.396259888361196,0
0,0,0.402590634980002,0
0,0,0.408076132050248,0
0,0,0.412701168216422,0
0,0,0.4164514730316,0
0,0,0.419315598774623,0
0,0,0.421281313633844,0
0,0,0.422341874431045,0
0,0,0.422490224351812,0
0,0,0.421721502035107,0
0,0,0.420033041573262,0
0,0,0.417425313420571,0
0,0,0.413899728939918,0
0,0,0.409459110857066,0
0,0,0.404111927349311,0
0,0,0.397865078412969,0
0,0,0.390729698133002,0
0,0,0.382720056956333,0
0,0,0.373851052602279,0
0,0,0.364141032788312,0
0,0,0.353610383867182,0
0,0,0.342281374008812,0
0,0,0.330178937290795,0
0,0,0.317330987334586,0
0,0,0.303766065034033,0
0,0,0.289515220372553,0
0,0,0.274612639695522,0
0,0,0.259092666166417,0
0,0,0.242991995220184,0
0,0,0.226349360927046,0
0,0,0.209204281447713,0
0,0,0.191597843123879,0
0,0,0.173572073205824,0
0,0,0.155170096670517,0
0,0,0.136435822585413,0
0,0,0.117413787290364,0
0,0,0.0981486839433166,0
0,0,0.0786853625203177,0
0,0,0.0590699275421978,0
0,0,0.0393467585307086,0
0,0,0.0195619600066803,0
0,0,-0.000240245326232458,0
0,0,-0.0200151643100829,0
0,0,-0.0397196719679025,0
0,0,-0.05930938877794,0
0,0,-0.0787427579442089,0
0,0,-0.0979779090345259,0
0,0,-0.116974539797689,0
0,0,-0.135693288891085,0
0,0,-0.154095108608294,0
0,0,-0.172144401241058,0
0,0,-0.189805569081117,0
0,0,-0.207042700784012,0
0,0,-0.223824432730133,0
0,0,-0.240117676300787,0
0,0,-0.255893733784029,0
0,0,-0.271123123377423,0
0,0,-0.285778715550004,0
0,0,-0.299836987587063,0
0,0,-0.313272534956715,0
0,0,-0.326065128124307,0
0,0,-0.338195008009484,0
0,0,-0.349644610985265,0
0,0,-0.360397157515154,0
0,0,-0.370440258969407,0
0,0,-0.379761369900178,0
0,0,-0.388350140312993,0
0,0,-0.396199356575344,0
0,0,-0.403302589145208,0
0,0,-0.409655917570135,0
0,0,-0.415256362306261,0
0,0,-0.420104236989783,0
0,0,-0.424200012074994,0
0,0,-0.42754729437815,0
0,0,-0.430150317987898,0
0,0,-0.432016766991045,0
0,0,-0.433153698202002,0
0,0,-0.433571304797144,0
0,0,-0.433280877679531,0
0,0,-0.432294648660813,0
0,0,-0.430627985914599,0
0,0,-0.428295316705911,0
0,0,-0.425313263753143,0
0,0,-0.421701586136653,0
0,0,-0.417476906574834,0
0,0,-0.412660395510925,0
0,0,-0.407273537024361,0
0,0,-0.401337972012674,0
0,0,-0.394875498191496,0
0,0,-0.387911049638417,0
0,0,-0.380467521795756,0
0,0,-0.372570005559202,0
0,0,-0.364242807733955,0
0,0,-0.355511803306196,0
0,0,-0.34640161271732,0
0,0,-0.336938581407804,0
0,0,-0.327148741181923,0
0,0,-0.317056869299172,0
0,0,-0.306689938472419,0
0,0,-0.29607335323355,0
0,0,-0.285232831750647,0
0,0,-0.274193935373694,0
0,0,-0.262982068634577,0
0,0,-0.251622479247085,0
0,0,-0.240139160380222,0
0,0,-0.228557516565872,0
0,0,-0.216900129610158,0
0,0,-0.205190679045888,0
0,0,-0.193452217133475,0
0,0,-0.181706227952356,0
0,0,-0.16997294103718,0
0,0,-0.158273370013087,0
0,0,-0.146626803506139,0
0,0,-0.135051275597614,0
0,0,-0.123564663550691,0
0,0,-0.112183433265667,0
0,0,-0.100923266552347,0
0,0,-0.0897989043119488,0
0,0,-0.0788249306275938,0
0,0,-0.0680140477652244,0
0,0,-0.0573786443545879,0
0,0,-0.0469314226616268,0
0,0,-0.0366822622265188,0
0,0,-0.0266427675885218,0
0,0,-0.0168215637430283,0
0,0,-0.00722900068451082,0
0,0,0.00212645340973516,0
0,0,0.0112361735443165,0
0,0,0.0200929460867219,0
0,0,0.0286879892234604,0
0,0,0.0370136188677264,0
0,0,0.0450626213870089,0
0,0,0.0528276263306995,0
0,0,0.0603014200662868,0
0,0,0.0674767889612604,0
0,0,0.0743471466555012,0
0,0,0.0809065340612831,0
0,0,0.0871482080003889,0
0,0,0.0930654252946024,0
0,0,0.0986545791276678,0
0,0,0.103909553593761,0
0,0,0.108825173695646,0
0,0,0.113398773525655,0
0,0,0.117625962177043,0
0,0,0.12150423056024,0
0,0,0.125031696858071,0
0,0,0.128206636071456,0
0,0,0.1310285777461,0
0,0,0.133497051427711,0
0,0,0.135613938933464,0
0,0,0.137379710717654,0
0,0,0.138797816778439,0
0,0,0.139870609387288,0
0,0,0.140602165814752,0
0,0,0.140997504239969,0
0,0,0.141062113296371,0
0,0,0.14080148161739,0
0,0,0.140223920562224,0
0,0,0.139336486945285,0
0,0,0.138147648943869,0
0,0,0.13666603155337,0
0,0,0.134901671132062,0
0,0,0.132864447220125,0
0,0,0.130564396175834,0
0,0,0.12801202481176,0
0,0,0.125218310394766,0
0,0,0.12219407337362,0
0,0,0.118949663742793,0
0,0,0.115496529223445,0
0,0,0.111845647082438,0
0,0,0.108006583223756,0
0,0,0.103991569459048,0
0,0,0.0998106421465887,0
0,0,0.0954735240084588,0
0,0,0.0909915059477184,0
0,0,0.0863738402321534,0
0,0,0.0816316609467265,0
0,0,0.0767726521782424,0
0,0,0.0718084184659582,0
0,0,0.0667468007147769,0
0,0,0.0615981489191704,0
0,0,0.0563703039840422,0
0,0,0.051072988631472,0
0,0,0.0457149846749514,0
0,0,0.040305544382266,0
0,0,0.0348528222945153,0
0,0,0.0293674820423675,0
0,0,0.0238579918031179,0
0,0,0.0183337606626506,0
0,0,0.0128051386154371,0
0,0,0.0072813779292642,0
0,0,0.00177298541670079,0
0,0,-0.00371110029066224,0
0,0,-0.00915990192596172,0
0,0,-0.0145636967671164,0
0,0,-0.0199113507291648,0
0,0,-0.0251936115443211,0
0,0,-0.0303988746733285,0
0,0,-0.0355185151207933,0
0,0,-0.040541398801753,0
0,0,-0.0454581166303241,0
0,0,-0.0502594163387208,0
0,0,-0.0549349479324713,0
0,0,-0.0594760864161814,0
0,0,-0.0638737363401638,0
0,0,-0.0681189590728288,0
0,0,-0.0722048546178619,0
0,0,-0.0761224843436735,0
0,0,-0.0798658891625368,0
0,0,-0.0834275418057447,0
0,0,-0.0868017968217676,0
0,0,-0.089982851940977,0
0,0,-0.0929664730747248,0
0,0,-0.0957471715895788,0
0,0,-0.098321967941676,0
0,0,-0.100687568950958,0
0,0,-0.102840838255462,0
0,0,-0.104779266765619,0
0,0,-0.106503011299528,0
0,0,-0.108009405949522,0
0,0,-0.109298607533699,0
0,0,-0.110370302415861,0
0,0,-0.111225117868403,0
0,0,-0.111864308436108,0
0,0,-0.112288658209467,0
0,0,-0.11250051945995,0
0,0,-0.112501617186637,0
0,0,-0.112295244569585,0
0,0,-0.111884537970758,0
0,0,-0.111272633752116,0
0,0,-0.110464079638503,0
0,0,-0.109463580172861,0
0,0,-0.108276467170523,0
0,0,-0.106908386083021,0
0,0,-0.105365923270473,0
0,0,-0.103655821911095,0
0,0,-0.101786236545988,0
0,0,-0.0997651648981509,0
0,0,-0.0976017024172724,0
0,0,-0.0953057286435316,0
0,0,-0.0928874367533011,0
0,0,-0.0903579608315439,0
0,0,-0.0877281213270261,0
0,0,-0.0850110909599855,0
0,0,-0.0822192583601686,0
0,0,-0.079364855339225,0
0,0,-0.0764619955259797,0
0,0,-0.0735238516406701,0
0,0,-0.0705651645845142,0
0,0,-0.067600047986338,0
0,0,-0.0646430859292609,0
0,0,-0.0617088624964031,0
0,0,-0.0588119617708841,0
0,0,-0.055967438290118,0
0,0,-0.0531897193191274,0
0,0,-0.0504938593953254,0
0,0,-0.0478936585113413,0
0,0,-0.0454041712045906,0
0,0,-0.0430395111038977,0
0,0,-0.0408130077475983,0
0,0,-0.0387379906740275,0
0,0,-0.0368273189672276,0
0,0,-0.0350936948931401,0
0,0,-0.033549193445317,0
0,0,-0.0322046350725245,0
0,0,-0.0310706834054304,0
0,0,-0.0301564338937228,0
0,0,-0.0294705115327951,0
0,0,-0.029020129955158,0
0,0,-0.0288125027933225,0
0,0,-0.0288524914083285,0
0,0,-0.0291448003431182,0
0,0,-0.0296920955053582,0
0,0,-0.0304967291665196,0
0,0,-0.0315588581447011,0
0,0,-0.0328794233484898,0
0,0,-0.0344560725064159,0
0,0,-0.0362862965289099,0
0,0,-0.0383668022359124,0
0,0,-0.0406933555387763,0
0,0,-0.0432599973497743,0
0,0,-0.0460598276725921,0
0,0,-0.0490862601471111,0
0,0,-0.0523300425055456,0
0,0,-0.0557831770248939,0
0,0,-0.059435000074489,0
0,0,-0.0632750048417586,0
0,0,-0.067291743605546,0
0,0,-0.0714725140999072,0
0,0,-0.0758046140588994,0
0,0,-0.0802753412165791,0
0,0,-0.0848696410355326,0
0,0,-0.0895741839774246,0
0,0,-0.0943728177781542,0
0,0,-0.0992506447184058,0
0,0,-0.104192139806471,0
0,0,-0.109180053051563,0
0,0,-0.114197918553385,0
0,0,-0.119229113593542,0
0,0,-0.124256231363149,0
0,0,-0.12926123778093,0
0,0,-0.134226098765606,0
0,0,-0.139133250690196,0
0,0,-0.143964189019126,0
0,0,-0.148698684217748,0
0,0,-0.153319329477176,0
0,0,-0.157807306625643,0
0,0,-0.162142699764694,0
0,0,-0.166307631631152,0
0,0,-0.170282813598952,0
0,0,-0.174050054768721,0
0,0,-0.177590850604887,0
0,0,-0.180887323844271,0
0,0,-0.183922381314183,0
0,0,-0.186678616205739,0
0,0,-0.189140033072937,0
0,0,-0.191290636469774,0
0,0,-0.193115371858836,0
0,0,-0.194600125611296,0
0,0,-0.195731725006919,0
0,0,-0.196497781415958,0
0,0,-0.196886847117252,0
0,0,-0.196889199388723,0
0,0,-0.196495899598781,0
0,0,-0.195698165933934,0
0,0,-0.194490352942653,0
0,0,-0.192866344719111,0
0,0,-0.190822534447055,0
0,0,-0.188356569855014,0
0,0,-0.185467196398202,0
0,0,-0.182154727712816,0
0,0,-0.178420261525542,0
0,0,-0.174268188743127,0
0,0,-0.169702586636119,0
0,0,-0.164728630201754,0
0,0,-0.159354630799231,0
0,0,-0.153589997514433,0
0,0,-0.147443668978949,0
0,0,-0.140927249732037,0
0,0,-0.134053755675835,0
0,0,-0.126837300439169,0
0,0,-0.119292624923257,0
0,0,-0.111436195028396,0
0,0,-0.103285260745372,0
0,0,-0.0948594243364438,0
0,0,-0.0861770335190845,0
0,0,-0.0772587882822382,0
0,0,-0.0681267999777317,0
0,0,-0.058802082230706,0
0,0,-0.0493078441196743,0
0,0,-0.0396679219955419,0
0,0,-0.0299069362997048,0
0,0,-0.0200491938373625,0
0,0,-0.010120412776598,0
0,0,-0.000146154467394854,0
0,0,0.00984707883167402,0
0,0,0.0198335689525255,0
0,0,0.0297860295460979,0
0,0,0.0396781151719157,0
0,0,0.049483950843799,0
0,0,0.0591767206669789,0
0,0,0.0687303928371765,0
0,0,0.0781195628225062,0
0,0,0.0873186692729835,0
0,0,0.0963040326558007,0
0,0,0.10505118934766,0
0,0,0.113537400724343,0
0,0,0.121740084979727,0
0,0,0.129638071670575,0
0,0,0.137211444898433,0
0,0,0.144440445582944,0
0,0,0.151307039642831,0
0,0,0.157794761177798,0
0,0,0.16388698746945,0
0,0,0.169569291252765,0
0,0,0.174828656625604,0
0,0,0.179652067685827,0
0,0,0.184028547166571,0
0,0,0.187947745073364,0
0,0,0.191401193228908,0
0,0,0.194379168911126,0
0,0,0.196875556214192,0
0,0,0.198884082414183,0
0,0,0.200399102059571,0
0,0,0.201415753789313,0
0,0,0.201930744423352,0
0,0,0.201941721690217,0
0,0,0.201446019682239,0
0,0,0.200443481581322,0
0,0,0.198932225570289,0
0,0,0.196915388011099,0
0,0,0.194392341631363,0
0,0,0.191366065974942,0
0,0,0.187839854221896,0
0,0,0.183818410915167,0
0,0,0.179306754233892,0
0,0,0.174310686447702,0
0,0,0.168838362097693,0
0,0,0.162896994816378,0
0,0,0.156496307325836,0
0,0,0.149646492802441,0
0,0,0.14235758760447,0
0,0,0.134642921270258,0
0,0,0.126514255157159,0
0,0,0.117986957438784,0
0,0,0.109073887199174,0
0,0,0.0997926080653115,0
0,0,0.0901588018470034,0
0,0,0.0801912867160173,0
0,0,0.0699076262993361,0
0,0,0.0593280501316096,0
0,0,0.0484734150198807,0
0,0,0.0373644209530932,0
0,0,0.026024277009761,0
0,0,0.0144752513598088,0
0,0,0.0027414939903383,0
0,0,-0.00915253147535233,0
0,0,-0.0211822045958678,0
0,0,-0.0333221208393217,0
0,0,-0.0455465620376317,0
0,0,-0.0578299668408133,0
0,0,-0.0701456761721956,0
0,0,-0.082468285499893,0
0,0,-0.0947712925653326,0
0,0,-0.107028038291843,0
0,0,-0.119212961329441,0
0,0,-0.13129987305575,0
0,0,-0.143263525756981,0
0,0,-0.155078044446954,0
0,0,-0.166719279138567,0
0,0,-0.178162452572326,0
0,0,-0.189383101124935,0
0,0,-0.200358956626467,0
0,0,-0.211065712271722,0
0,0,-0.221481883981267,0
0,0,-0.231586301311862,0
0,0,-0.241357166547877,0
0,0,-0.250775818335643,0
0,0,-0.259823124867195,0
0,0,-0.268479797516472,0
0,0,-0.27673078174606,0
0,0,-0.284558043474682,0
0,0,-0.291947469073511,0
0,0,-0.298885258549919,0
0,0,-0.305357611911275,0
0,0,-0.311352610982128,0
0,0,-0.316860062586103,0
0,0,-0.321869773546826,0
0,0,-0.326372962050804,0
0,0,-0.330361787193136,0
0,0,-0.333829662613703,0
0,0,-0.336771099679072,0
0,0,-0.339180923392007,0
0,0,-0.341055683754351,0
0,0,-0.342394283039417,0
0,0,-0.343192487158558,0
0,0,-0.34345217792895,0
0,0,-0.343171630351516,0
0,0,-0.342354451242509,0
0,0,-0.341001267874323,0
0,0,-0.339116314335605,0
0,0,-0.336704295169297,0
0,0,-0.333770071736439,0
0,0,-0.330320544033346,0
0,0,-0.326362455238234,0
0,0,-0.321904900800792,0
0,0,-0.316955564807823,0
0,0,-0.311525267708096,0
0,0,-0.305624673132277,0
0,0,-0.299265071983428,0
0,0,-0.292459009709393,0
0,0,-0.285219345394213,0
0,0,-0.277559565394323,0
0,0,-0.269493469702351,0
0,0,-0.261036583310007,0
0,0,-0.252203333482311,0
0,0,-0.243011283846246,0
0,0,-0.233475959393522,0
0,0,-0.223615080569218,0
0,0,-0.213446054182221,0
0,0,-0.202987227950003,0
0,0,-0.192257263226234,0
0,0,-0.181274664546486,0
0,0,-0.170059661445408,0
0,0,-0.158631385730965,0
0,0,-0.147010851028296,0
0,0,-0.135217659599659,0
0,0,-0.123273452342588,0
0,0,-0.111199086064125,0
0,0,-0.0990165152979976,0
0,0,-0.0867464400331512,0
0,0,-0.0744109716214127,0
0,0,-0.0620322214146088,0
0,0,-0.0496315166740765,0
0,0,-0.0372308119335435,0
0,0,-0.0248528458172302,0
0,0,-0.0125192592226682,0
0,0,-0.000252633955979409,0
0,0,0.0119250754491074,0
0,0,0.0239909735502755,0
0,0,0.035924046722384,0
0,0,0.0477018699774103,0
0,0,0.0593028024178213,0
0,0,0.0707055167822808,0
0,0,0.0818891562637463,0
0,0,0.0928338049637634,0
0,0,0.1035178219848,0
0,0,0.113922702791284,0
0,0,0.12402947239335,0
0,0,0.133818685346839,0
0,0,0.143273091660962,0
0,0,0.152375754981131,0
0,0,0.161108954862263,0
0,0,0.169457479948846,0
0,0,0.177405491612976,0
0,0,0.184939033043925,0
0,0,0.192043676976672,0
0,0,0.198706564327176,0
0,0,0.204914992829492,0
0,0,0.210657044308169,0
0,0,0.215922055132539,0
0,0,0.22069951849003,0
0,0,0.224980652567151,0
0,0,0.22875604827802,0
0,0,0.232019119262516,0
0,0,0.234762338251933,0
0,0,0.236982255248114,0
0,0,0.238671499800449,0
0,0,0.239828974182252,0
0,0,0.240451228395367,0
0,0,0.240536537440713,0
0,0,0.240084901318291,0
0,0,0.239097417754788,0
0,0,0.237575811749282,0
0,0,0.235521808300852,0
0,0,0.232939641498146,0
0,0,0.229834799974596,0
0,0,0.226211517818848,0
0,0,0.222077008663416,0
0,0,0.21743832932271,0
0,0,0.212304732064518,0
0,0,0.20668499870233,0
0,0,0.200589792866815,0
0,0,0.194031189551524,0
0,0,0.187020009205222,0
0,0,0.179570051820541,0
0,0,0.171695587844402,0
0,0,0.163410730905632,0
0,0,0.15473179008643,0
0,0,0.1456746040147,0
0,0,0.136257677226013,0
0,0,0.126496848348274,0
0,0,0.116411562825642,0
0,0,0.106021736556573,0
0,0,0.0953461877128317,0
0,0,0.0844062435557562,0
0,0,0.0732232313466832,0
0,0,0.061818321528851,0
0,0,0.0502145663626747,0
0,0,0.0384334499275891,0
0,0,0.0264997494830883,0
0,0,0.0144360468352931,0
0,0,0.00226649197130513,0
0,0,-0.00998460830367509,0
0,0,-0.0222923199120564,0
0,0,-0.0346324928667366,0
0,0,-0.0469790953634379,0
0,0,-0.0593073501426653,0
0,0,-0.0715916958544351,0
0,0,-0.0838056302401746,0
0,0,-0.0959239055860959,0
0,0,-0.107920176451724,0
0,0,-0.119767940578487,0
0,0,-0.13143991161732,0
0,0,-0.142910685036339,0
0,0,-0.154153444940774,0
0,0,-0.165141218617759,0
0,0,-0.17584828789921,0
0,0,-0.186249091435145,0
0,0,-0.196317597421283,0
0,0,-0.206028244507642,0
0,0,-0.215356725889021,0
0,0,-0.224278734760221,0
0,0,-0.232771062042728,0
0,0,-0.240810341839931,0
0,0,-0.248374462800003,0
0,0,-0.255443352206392,0
0,0,-0.261996153252054,0
0,0,-0.268013263674734,0
0,0,-0.273477903937938,0
0,0,-0.278372510414682,0
0,0,-0.282680930840867,0
0,0,-0.286389835678156,0
0,0,-0.289486679478706,0
0,0,-0.29195970088516,0
0,0,-0.293799333993537,0
0,0,-0.294998051535132,0
0,0,-0.295549580786019,0
0,0,-0.295448903567063,0
0,0,-0.294693667606791,0
0,0,-0.293283245632812,0
0,0,-0.291217951281321,0
0,0,-0.288501548186673,0
0,0,-0.285138270437515,0
0,0,-0.281135018030161,0
0,0,-0.276500415960005,0
0,0,-0.271244500585324,0
0,0,-0.265379660535863,0
0,0,-0.258920166258548,0
0,0,-0.251881542745085,0
0,0,-0.244281196804361,0
0,0,-0.236139514789123,0
0,0,-0.22747688305212,0
0,0,-0.218315412945177,0
0,0,-0.208680665818281,0
0,0,-0.19859773256712,0
0,0,-0.18809374272266,0
0,0,-0.177197550814945,0
0,0,-0.165939422736899,0
0,0,-0.154350251653843,0
0,0,-0.14246202845778,0
0,0,-0.130308155403599,0
0,0,-0.117922348382382,0
0,0,-0.105339891466195,0
0,0,-0.0925949710004131,0
0,0,-0.0797241256018875,0
0,0,-0.0667624825245835,0
0,0,-0.0537465803853491,0
0,0,-0.040713114619132,0
0,0,-0.027696742025604,0
0,0,-0.0147350989482995,0
0,0,-0.00186331264118555,0
0,0,0.0108834896417724,0
0,0,0.0234690829199213,0
0,0,0.0358592808478839,0
0,0,0.0480198970802821,0
0,0,0.0599169020898362,0
0,0,0.0715181481664433,0
0,0,0.0827894489647261,0
0,0,0.0937003817736597,0
0,0,0.104219426155534,0
0,0,0.114316159399324,0
0,0,0.123960786066398,0
0,0,0.133125862989596,0
0,0,0.141782692456971,0
0,0,0.149905085846147,0
0,0,0.157468109079533,0
0,0,0.164447455351927,0
0,0,0.170819915584818,0
0,0,0.176563692062573,0
0,0,0.181659652977231,0
0,0,0.186088509702728,0
0,0,0.189833325884474,0
0,0,0.192879674257447,0
0,0,0.195213598010919,0
0,0,0.196822708515144,0
0,0,0.197699321683317,0
0,0,0.197835126156239,0
0,0,0.19722541739097,0
0,0,0.195866274935058,0
0,0,0.193757228334207,0
0,0,0.190900002587499,0
0,0,0.187296479512107,0
0,0,0.182953245468153,0
0,0,0.177877043633851,0
0,0,0.17207869445797,0
0,0,0.165569175207372,0
0,0,0.158363226783277,0
0,0,0.150476530995489,0
0,0,0.141927121925287,0
0,0,0.132734131380634,0
0,0,0.122919827531456,0
0,0,0.112507576274363,0
0,0,0.101521370778359,0
0,0,0.0899891246648992,0
0,0,0.0779379674649492,0
0,0,0.0653970673447479,0
0,0,0.0523982583782028,0
0,0,0.0389730610030241,0
0,0,0.0251550342921976,0
0,0,0.0109788350453945,0
0,0,-0.00351978221102534,0
0,0,-0.018304278860215,0
0,0,-0.0333379594672263,0
0,0,-0.0485809922351519,0
0,0,-0.0639952703661623,0
0,0,-0.0795419029719381,0
0,0,-0.0951788628021984,0
0,0,-0.110867572604819,0
0,0,-0.126566632401912,0
0,0,-0.142234328579393,0
0,0,-0.157830045249862,0
0,0,-0.173311284708746,0
0,0,-0.188637744704841,0
0,0,-0.203766927533573,0
0,0,-0.218657433217053,0
0,0,-0.233268175413588,0
0,0,-0.247557597327193,0
0,0,-0.261484926252369,0
0,0,-0.27501033039221,0
0,0,-0.288094134767905,0
0,0,-0.300695723492057,0
0,0,-0.31277902840211,0
0,0,-0.324305472245941,0
0,0,-0.335239927769584,0
0,0,-0.345546169992387,0
0,0,-0.355191267113755,0
0,0,-0.364142287333097,0
0,0,-0.372369278393681,0
0,0,-0.379841817584484,0
0,0,-0.386532775374541,0
0,0,-0.392417217686259,0
0,0,-0.397470210442047,0
0,0,-0.401669955926274,0
0,0,-0.404997322330976,0
0,0,-0.407434118756778,0
0,0,-0.408965290666266,0
0,0,-0.409577194884908,0
0,0,-0.409261049599212,0
0,0,-0.4080071320871,0
0,0,-0.405810894623727,0
0,0,-0.402669044029034,0
0,0,-0.398582991665902,0
0,0,-0.393553992079118,0
0,0,-0.387589572537388,0
0,0,-0.380698828490399,0
0,0,-0.372892894023113,0
0,0,-0.364187450945339,0
0,0,-0.354599592429763,0
0,0,-0.344151429828214,0
0,0,-0.332866799491596,0
0,0,-0.32077236049658,0
0,0,-0.307897908281799,0
0,0,-0.294276688284042,0
0,0,-0.279942886848686,0
0,0,-0.264934924409756,0
0,0,-0.249294044127045,0
0,0,-0.233062273250831,0
0,0,-0.216285716301947,0
0,0,-0.199011732346006,0
0,0,-0.181287523630527,0
0,0,-0.16316640830885,0
0,0,-0.144699352262846,0
0,0,-0.125941085008739,0
0,0,-0.106946022426556,0
0,0,-0.0877690508506209,0
0,0,-0.0684677225229209,0
0,0,-0.0490972374139758,0
0,0,-0.0297148341295773,0
0,0,-0.0103755558221466,0
0,0,0.00886445662921087,0
0,0,0.0279498464358776,0
0,0,0.046827765898807,0
0,0,0.0654444264103633,0
0,0,0.0837496461791662,0
0,0,0.101693243413836,0
0,0,0.119228015866855,0
0,0,0.136309113562178,0
0,0,0.152892470614248,0
0,0,0.168939196134748,0
0,0,0.18440914469057,0
0,0,0.19926891402683,0
0,0,0.213484004161952,0
0,0,0.227026031020188,0
0,0,0.23986723779818,0
0,0,0.251983788145022,0
0,0,0.263353884345084,0
0,0,0.273959492317089,0
0,0,0.283785087069329,0
0,0,0.29281702542727,0
0,0,0.301045741486934,0
0,0,0.308462767071022,0
0,0,0.315063554454693,0
0,0,0.320844496821689,0
0,0,0.325806064626307,0
0,0,0.329950296503819,0
0,0,0.33328017199809,0
0,0,0.335802434287336,0
0,0,0.337524610640265,0
0,0,0.338457051051348,0
0,0,0.338610575969352,0
0,0,0.337999299023102,0
0,0,0.336637804295718,0
0,0,0.334541773597007,0
0,0,0.331729084190148,0
0,0,0.328218083792614,0
0,0,0.324029158757154,0
0,0,0.319182224982221,0
0,0,0.313699080183446,0
0,0,0.307602149348852,0
0,0,0.300913543830266,0
0,0,0.293657256796692,0
0,0,0.285855556418055,0
0,0,0.277532906317652,0
0,0,0.268713456482586,0
0,0,0.259421670536153,0
0,0,0.24968138482926,0
0,0,0.239517847075695,0
0,0,0.228955677716854,0
0,0,0.218019340376034,0
0,0,0.206734710039416,0
0,0,0.1951260935122,0
0,0,0.18321905214437,0
0,0,0.17103914728591,0
0,0,0.15861068574202,0
0,0,0.145959228862685,0
0,0,0.133110024361691,0
0,0,0.120087379044241,0
0,0,0.106915442897434,0
0,0,0.0936193068169611,0
0,0,0.0802215526089434,0
0,0,0.0667458598061885,0
0,0,0.0532148102148171,0
0,0,0.0396512992771469,0
0,0,0.026075713345926,0
0,0,0.0125079683196077,0
0,0,-0.00102998126807818,0
0,0,-0.0145205717901493,0
0,0,-0.0279442009843472,0
0,0,-0.0412837756779834,0
0,0,-0.054522202698369,0
0,0,-0.0676434865995015,0
0,0,-0.0806324160258687,0
0,0,-0.0934742500762529,0
0,0,-0.106155816030416,0
0,0,-0.11866409798622,0
0,0,-0.130986393677722,0
0,0,-0.143111725838056,0
0,0,-0.155028646746064,0
0,0,-0.166726492771078,0
0,0,-0.178195070736724,0
0,0,-0.189425128375216,0
0,0,-0.200406158873984,0
0,0,-0.211130007691928,0
0,0,-0.221587108925067,0
0,0,-0.231769621668498,0
0,0,-0.241669391381121,0
0,0,-0.251277322613249,0
0,0,-0.26058698582286,0
0,0,-0.26958834465168,0
0,0,-0.278272930922412,0
0,0,-0.286630237822487,0
0,0,-0.294650228993628,0
0,0,-0.302321143078481,0
0,0,-0.309630748265396,0
0,0,-0.316568224105608,0
0,0,-0.323118829697898,0
0,0,-0.32927096050301,0
0,0,-0.33500956198353,0
0,0,-0.340322559145906,0
0,0,-0.345195995179412,0
0,0,-0.349614972364731,0
0,0,-0.353566474799724,0
0,0,-0.357036702491761,0
0,0,-0.360013737265391,0
0,0,-0.36248472003657,0
0,0,-0.364437889447946,0
0,0,-0.365863993231731,0
0,0,-0.366752681393455,0
0,0,-0.367095956210114,0
0,0,-0.3668866040492,0
0,0,-0.366117568096299,0
0,0,-0.364785084717057,0
0,0,-0.362883351641846,0
0,0,-0.36041127114398,0
0,0,-0.357366647770086,0
0,0,-0.353749481520164,0
0,0,-0.349561497393291,0
0,0,-0.344804734024745,0
0,0,-0.339483268685072,0
0,0,-0.333602276371511,0
0,0,-0.327168500262278,0
0,0,-0.320188213081296,0
0,0,-0.312670823914447,0
0,0,-0.304626369120008,0
0,0,-0.296064728238157,0
0,0,-0.286998446716739,0
0,0,-0.277440854094089,0
0,0,-0.267405750362838,0
0,0,-0.256908974150889,0
0,0,-0.245966677722343,0
0,0,-0.23459579743179,0
0,0,-0.222815778723391,0
0,0,-0.210644812496521,0
0,0,-0.198104539648712,0
0,0,-0.185215189714614,0
0,0,-0.17199934450035,0
0,0,-0.158480056266334,0
0,0,-0.144681631817765,0
0,0,-0.130629005232236,0
0,0,-0.116346953769241,0
0,0,-0.101862763777842,0
0,0,-0.0872032511528094,0
0,0,-0.0723967999698911,0
0,0,-0.0574714806686408,0
0,0,-0.0424577159600835,0
0,0,-0.0273848308285563,0
0,0,-0.0122845025298682,0
0,0,0.00281237577066262,0
0,0,0.0178728722724433,0
0,0,0.0328648392653699,0
0,0,0.0477550313126538,0
0,0,0.0625098893413092,0
0,0,0.0770952270059582,0
0,0,0.0914784261422041,0
0,0,0.105623889041786,0
0,0,0.119498997540308,0
0,0,0.133070035746686,0
0,0,0.146302974133639,0
0,0,0.159165821809163,0
0,0,0.171624706064077,0
0,0,0.183648890551161,0
0,0,0.195205600287918,0
0,0,0.20626566710811,0
0,0,0.216798825118809,0
0,0,0.226776219789973,0
0,0,0.236170251136343,0
0,0,0.244954416899345,0
0,0,0.253104410273781,0
0,0,0.260595297182057,0
0,0,0.26740559354474,0
0,0,0.273515226645277,0
0,0,0.278904123767116,0
0,0,0.283555975828058,0
0,0,0.287455101018298,0
0,0,0.290588483435696,0
0,0,0.292944518540996,0
0,0,0.294514110884509,0
0,0,0.295289576379431,0
0,0,0.295266053664721,0
0,0,0.294439779106027,0
0,0,0.29281137997574,0
0,0,0.290379758547174,0
0,0,0.287149305727075,0
0,0,0.283124412422189,0
0,0,0.278311821810731,0
0,0,0.272721099796685,0
0,0,0.266362596374522,0
0,0,0.259248386537793,0
0,0,0.251393368005815,0
0,0,0.242812595316,0
0,0,0.233524573003921,0
0,0,0.223547648787051,0
0,0,0.212902836290531,0
0,0,0.201611619593794,0
0,0,0.189697678229649,0
0,0,0.177186887184276,0
0,0,0.164103866899071,0
0,0,0.150477315085979,0
0,0,0.136335459002653,0
0,0,0.121708878178213,0
0,0,0.106627995323684,0
0,0,0.0911257422396603,0
0,0,0.0752345802724399,0
0,0,0.0589896366759894,0
0,0,0.0424255682499803,0
0,0,0.0255782863388696,0
0,0,0.00848432955950584,0
0,0,-0.00881866574457613,0
0,0,-0.0262927495936451,0
0,0,-0.0438999720079696,0
0,0,-0.0616011284630339,0
0,0,-0.0793570144343222,0
0,0,-0.0971281117611221,0
0,0,-0.114875686373213,0
0,0,-0.132558338292706,0
0,0,-0.150135922086496,0
0,0,-0.167571115047245,0
0,0,-0.184822046742771,0
0,0,-0.201850924011438,0
0,0,-0.218619326419224,0
0,0,-0.235088206259708,0
0,0,-0.251221181734142,0
0,0,-0.266981086953283,0
0,0,-0.282332167390774,0
0,0,-0.297240236701238,0
0,0,-0.311672049447883,0
0,0,-0.325595457920608,0
0,0,-0.338976275774035,0
0,0,-0.351788941658179,0
0,0,-0.364002248771527,0
0,0,-0.375591263036485,0
0,0,-0.386530109466874,0
0,0,-0.396796676710866,0
0,0,-0.406369323870929,0
0,0,-0.4152289191391,0
0,0,-0.423357898888395,0
0,0,-0.430740267672812,0
0,0,-0.437360343682544,0
0,0,-0.44320856101361,0
0,0,-0.448271746945771,0
0,0,-0.452540649211244,0
0,0,-0.456008210995615,0
0,0,-0.458667218666372,0
0,0,-0.460512340408182,0
0,0,-0.461541067131475,0
0,0,-0.46175041929239,0
0,0,-0.461140240072827,0
0,0,-0.459710215836589,0
0,0,-0.457463326127542,0
0,0,-0.454403805034331,0
0,0,-0.450536043463704,0
0,0,-0.445867255048171,0
0,0,-0.44040559432883,0
0,0,-0.434160156755371,0
0,0,-0.427142860503245,0
0,0,-0.419364839657415,0
0,0,-0.410842089663884,0
0,0,-0.4015868423343,0
0,0,-0.391616974931843,0
0,0,-0.3809497374473,0
0,0,-0.369603163961946,0
0,0,-0.357596072647552,0
0,0,-0.344949790765453,0
0,0,-0.331685018304593,0
0,0,-0.317822612072014,0
0,0,-0.303385937964329,0
0,0,-0.288396793697167,0
0,0,-0.272879956530024,0
0,0,-0.256858008269019,0
0,0,-0.240356039809842,0
0,0,-0.22339882841199,0
0,0,-0.206011464971149,0
0,0,-0.188219354019209,0
0,0,-0.170048370542348,0
0,0,-0.151525487253433,0
0,0,-0.132675481411959,0
0,0,-0.113526737093674,0
0,0,-0.0941051292847607,0
0,0,-0.0744370034256912,0
0,0,-0.054551214046511,0
0,0,-0.0344736361333992,0
0,0,-0.014233437852596,0
0,0,0.00614083990205128,0
0,0,0.0266203426004989,0
0,0,0.0471752748041145,0
0,0,0.0677753706199724,0
0,0,0.088389736882754,0
0,0,0.108986539518553,0
0,0,0.129533787635363,0
0,0,0.149998706250691,0
0,0,0.170347422655354,0
0,0,0.190546377776366,0
0,0,0.210560757995959,0
0,0,0.230355592878263,0
0,0,0.249895755169313,0
0,0,0.269145803978946,0
0,0,0.288069043872215,0
0,0,0.306628779414174,0
0,0,0.324788785624171,0
0,0,0.342511739794866,0
0,0,0.359760005582724,0
0,0,0.376497201188995,0
0,0,0.392685062997751,0
0,0,0.408286581937848,0
0,0,0.423264748938145,0
0,0,0.437581300382714,0
0,0,0.45120110901759,0
0,0,0.464086068044941,0
0,0,0.476201677483195,0
0,0,0.487512182805993,0
0,0,0.497982770395566,0
0,0,0.507580665269417,0
0,0,0.516273092445053,0
0,0,0.524029315575252,0
0,0,0.530818755130892,0
0,0,0.536613497490518,0
0,0,0.541387354031754,0
0,0,0.545114920222713,0
0,0,0.547772516530588,0
0,0,0.549339913420728,0
0,0,0.54979797908517,0
0,0,0.549129149896931,0
0,0,0.547319625863382,0
0,0,0.54435733199097,0
0,0,0.54023317283001,0
0,0,0.534939621111793,0
0,0,0.528474167746751,0
0,0,0.520835087735805,0
0,0,0.512024576532329,0
0,0,0.502048750042145,0
0,0,0.49091529235206,0
0,0,0.478637062546114,0
0,0,0.46522770379884,0
0,0,0.450706975190593,0
0,0,0.435096203982709,0
0,0,0.418419540162291,0
0,0,0.400706308713676,0
0,0,0.38198677552979,0
0,0,0.362295597410306,0
0,0,0.341669626608267,0
0,0,0.320148538102485,0
0,0,0.297775927324221,0
0,0,0.274595860159029,0
0,0,0.250655068400134,0
0,0,0.226003890657013,0
0,0,0.200693135993439,0
0,0,0.174776593017047,0
0,0,0.148308520789767,0
0,0,0.121345373826903,0
0,0,0.0939468998238147,0
0,0,0.0661706510224933,0
0,0,0.0380781001173782,0
0,0,0.00973071980291085,0
0,0,-0.0188089194997815,0
0,0,-0.0474791882781608,0
0,0,-0.0762157911120205,0
0,0,-0.104955530307842,0
0,0,-0.133635051354007,0
0,0,-0.162191156556996,0
0,0,-0.190559550496604,0
0,0,-0.218677976387899,0
0,0,-0.246484804718343,0
0,0,-0.273916994612514,0
0,0,-0.300914955193149,0
0,0,-0.327419095582983,0
0,0,-0.353371236267635,0
0,0,-0.378714138641313,0
0,0,-0.403392916369692,0
0,0,-0.42735378084514,0
0,0,-0.450544982095294,0
0,0,-0.472916965601166,0
0,0,-0.494421588206652,0
0,0,-0.515012902209018,0
0,0,-0.534648096267494,0
0,0,-0.553287338585172,0
0,0,-0.570889699638456,0
0,0,-0.587420365809577,0
0,0,-0.602848130297022,0
0,0,-0.617140845390685,0
0,0,-0.630272636104388,0
0,0,-0.642218568360538,0
0,0,-0.652959196714975,0
0,0,-0.662476173450226,0
0,0,-0.670754600846975,0
0,0,-0.67778569709173,0
0,0,-0.683559269008118,0
0,0,-0.688072180234176,0
0,0,-0.691323176225122,0
0,0,-0.693313511525739,0
0,0,-0.694047263406576,0
0,0,-0.693534781862105,0
0,0,-0.69178563279631,0
0,0,-0.688813145747525,0
0,0,-0.684635825251321,0
0,0,-0.679272803115662,0
0,0,-0.67274666114667,0
0,0,-0.665082019785739,0
0,0,-0.656307106290523,0
0,0,-0.646450932009161,0
0,0,-0.635547056014641,0
0,0,-0.623628253289456,0
0,0,-0.610731689722848,0
0,0,-0.596896413021234,0
0,0,-0.582160686800542,0
0,0,-0.56656763603774,0
0,0,-0.550160072073598,0
0,0,-0.532982374429868,0
0,0,-0.515080020354989,0
0,0,-0.496499741642183,0
0,0,-0.477289054175165,0
0,0,-0.457496257928135,0
0,0,-0.437169809693397,0
0,0,-0.416358009445154,0
0,0,-0.395110568520492,0
0,0,-0.373476570984104,0
0,0,-0.351504159992097,0
0,0,-0.329241949154868,0
0,0,-0.306738395264721,0
0,0,-0.284040230114877,0
0,0,-0.261194499134756,0
0,0,-0.238246209118502,0
0,0,-0.215240053224063,0
0,0,-0.192219940518896,0
0,0,-0.16922727098089,0
0,0,-0.146304071860325,0
0,0,-0.123489390863621,0
0,0,-0.1008218052429,0
0,0,-0.0783373831607159,0
0,0,-0.0560718791434284,0
0,0,-0.0340599499907087,0
0,0,-0.0123326456859736,0
0,0,0.00907835651496858,0
0,0,0.0301432611734853,0
0,0,0.050834938758612,0
0,0,0.0711261029212857,0
0,0,0.090990878675326,0
0,0,0.110406527396514,0
0,0,0.129349369552041,0
0,0,0.147799489243454,0
0,0,0.165735402391319,0
0,0,0.183139859004848,0
0,0,0.199995452275156,0
0,0,0.216285245847653,0
0,0,0.231994969275414,0
0,0,0.247111449838203,0
0,0,0.261622298906272,0
0,0,0.275516068758463,0
0,0,0.288782879854598,0
0,0,0.301413009472597,0
0,0,0.313399871252342,0
0,0,0.324734997016536,0
0,0,0.335413211767944,0
0,0,0.345428870055035,0
0,0,0.354777424152967,0
0,0,0.363455424063581,0
0,0,0.371460360697307,0
0,0,0.378789097692186,0
0,0,0.385440694139629,0
0,0,0.391414522767243,0
0,0,0.396710583575029,0
0,0,0.401328876562986,0
0,0,0.405271910820684,0
0,0,0.408540784074809,0
0,0,0.411139103141615,0
0,0,0.41306969074687,0
0,0,0.414337251433514,0
0,0,0.414946803380685,0
0,0,0.414903678403717,0
0,0,0.414213835590338,0
0,0,0.412885429481646,0
0,0,0.41092583052825,0
0,0,0.408343506907445,0
0,0,0.40514755406892,0
0,0,0.401348165189048,0
0,0,0.396956317534694,0
0,0,0.391981733827938,0
0,0,0.386437743607114,0
0,0,0.38033595141148,0
0,0,0.373689529961274,0
0,0,0.366511808794829,0
0,0,0.358817371995267,0
0,0,0.350620960463805,0
0,0,0.341937315101661,0
0,0,0.332782744991034,0
0,0,0.323174813758906,0
0,0,0.313128419124594,0
0,0,0.302662692896062,0
0,0,0.291794728245997,0
0,0,0.280543029709973,0
0,0,0.268926258641657,0
0,0,0.256962919576623,0
0,0,0.244673555685715,0
0,0,0.232076514686407,0
0,0,0.219191869295252,0
0,0,0.206040162683095,0
0,0,0.192640997112195,0
0,0,0.179015229389593,0
0,0,0.165183089049941,0
0,0,0.15116543290028,0
0,0,0.136982647293359,0
0,0,0.122654961763827,0
0,0,0.108203389936826,0
0,0,0.093649102255593,0
0,0,0.0790118578004848,0
0,0,0.0643137679233285,0
0,0,0.0495749053406755,0
0,0,0.0348161268595686,0
0,0,0.0200595438318345,0
0,0,0.00532522897402554,0
0,0,-0.00936486318013019,0
0,0,-0.0239903462778832,0
0,0,-0.038529579421702,0
0,0,-0.0529617058045434,0
0,0,-0.0672671231641505,0
0,0,-0.081424190602989,0
0,0,-0.0954131490407043,0
0,0,-0.10921423939694,0
0,0,-0.122806761682753,0
0,0,-0.136172681816863,0
0,0,-0.149291456628427,0
0,0,-0.162145992944754,0
0,0,-0.174717629412175,0
0,0,-0.186988802403708,0
0,0,-0.198942889200957,0
0,0,-0.210562639813136,0
0,0,-0.221832686066634,0
0,0,-0.232738130242135,0
0,0,-0.243264545074618,0
0,0,-0.253397346480963,0
0,0,-0.263124145831422,0
0,0,-0.272431927223857,0
0,0,-0.281309713391403,0
0,0,-0.289744645250019,0
0,0,-0.297727470531919,0
0,0,-0.305248152878827,0
0,0,-0.312296655932468,0
0,0,-0.318864354697447,0
0,0,-0.324944035541254,0
0,0,-0.330528014377084,0
0,0,-0.335609548026719,0
0,0,-0.340182050130042,0
0,0,-0.344241757052698,0
0,0,-0.347783180161256,0
0,0,-0.350803653548049,0
0,0,-0.353299727214919,0
0,0,-0.355270460253277,0
0,0,-0.35671459811834,0
0,0,-0.357632611264401,0
0,0,-0.358025283781951,0
0,0,-0.357895124760559,0
0,0,-0.357244643289793,0
0,0,-0.356078700730694,0
0,0,-0.354402158444302,0
0,0,-0.352220818700244,0
0,0,-0.349542836039622,0
0,0,-0.346375894549238,0
0,0,-0.342730501041664,0
0,0,-0.338615594148489,0
0,0,-0.334043405681363,0
0,0,-0.329027108360522,0
0,0,-0.323579874906204,0
0,0,-0.317717073492018,0
0,0,-0.311453758655379,0
0,0,-0.304808434931859,0
0,0,-0.297797097767459,0
0,0,-0.290439663060634,0
0,0,-0.282756203527937,0
0,0,-0.274766164613526,0
0,0,-0.266491344033032,0
0,0,-0.257953069047793,0
0,0,-0.249174391918223,0
0,0,-0.240177267178051,0
0,0,-0.230985060723888,0
0,0,-0.221621138452347,0
0,0,-0.212108395805743,0
0,0,-0.202470355498788,0
0,0,-0.192730540246189,0
0,0,-0.18291137503597,0
0,0,-0.173036068946645,0
0,0,-0.163127046966236,0
0,0,-0.153205636356081,0
0,0,-0.143293164377514,0
0,0,-0.133411585564267,0
0,0,-0.123580345360497,0
0,0,-0.113818105119876,0
0,0,-0.104144310286562,0
0,0,-0.0945765244875381,0
0,0,-0.0851318408954939,0
0,0,-0.0758270390469226,0
0,0,-0.0666763893887464,0
0,0,-0.0576951032764791,0
0,0,-0.0488957261579642,0
0,0,-0.0402919012077345,0
0,0,-0.0318944488745556,0
0,0,-0.0237145032433903,0
0,0,-0.0157624143087108,0
0,0,-0.00804665024781193,0
0,0,-0.000576463328479937,0
0,0,0.006640305544382,0
0,0,0.0135969131925577,0
0,0,0.0202869300740258,0
0,0,0.0267042402829625,0
0,0,0.0328441392764256,0
0,0,0.0387012952390811,0
0,0,0.044272101354673,0
0,0,0.0495523235345543,0
0,0,0.0545391390529597,0
0,0,0.0592294115479277,0
0,0,0.0636209455660859,0
0,0,0.0677112320178648,0
0,0,0.0714988595403818,0
0,0,0.0749813190440682,0
0,0,0.0781589241651202,0
0,0,0.0810291658139681,0
0,0,0.083592514444907,0
0,0,0.0858477155131521,0
0,0,0.0877946122006048,0
0,0,0.0894336749615599,0
0,0,0.0907653742503116,0
0,0,0.0917900237030553,0
0,0,0.0925085642283805,0
0,0,0.092923034461561,0
0,0,0.0930348457654802,0
0,0,0.0928460367754123,0
0,0,0.0923595870352205,0
0,0,0.0915789465430625,0
0,0,0.0905072516608996,0
0,0,0.0891490501135754,0
0,0,0.0875096737164243,0
0,0,0.0855941406485838,0
0,0,0.083408566815879,0
0,0,0.0809593817603302,0
0,0,0.0782537991144483,0
0,0,0.0753002870555286,0
0,0,0.0721063728522782,0
0,0,0.068681622408679,0
0,0,0.0650351311744186,0
0,0,0.061177249143969,0
0,0,0.057118483129901,0
0,0,0.0528701240352745,0
0,0,0.0484439332174449,0
0,0,0.0438522993061583,0
0,0,0.0391079245673585,0
0,0,0.0342233544488901,0
0,0,0.029212232125285,0
0,0,0.024089455315859,0
0,0,0.0188678831046534,0
0,0,0.0135622563928857,0
0,0,0.00818700244557835,0
0,0,0.00275733261824285,0
0,0,-0.00271358036888336,0
0,0,-0.00821005470599345,0
0,0,-0.013718604036655,0
0,0,-0.0192257420044332,0
0,0,-0.0247162572538173,0
0,0,-0.0301785452455495,0
0,0,-0.0355995900774917,0
0,0,-0.0409660622113075,0
0,0,-0.0462683957430159,0
0,0,-0.0514943588609676,0
0,0,-0.05663360157069,0
0,0,-0.0616774988767905,0
0,0,-0.0666169553295807,0
0,0,-0.0714433459336676,0
0,0,-0.0761503979651285,0
0,0,-0.0807312114276485,0
0,0,-0.0851799840515998,0
0,0,-0.0894920112940397,0
0,0,-0.0936630590663211,0
0,0,-0.097689677370286,0
0,0,-0.101568729843974,0
0,0,-0.105299118760698,0
0,0,-0.108877394122301,0
0,0,-0.112304810473567,0
0,0,-0.11557948599732,0
0,0,-0.11870220478405,0
0,0,-0.121673437288051,0
0,0,-0.124494594872205,0
0,0,-0.127166618445101,0
0,0,-0.129691076187721,0
0,0,-0.132069849917239,0
0,0,-0.13430513508703,0
0,0,-0.136398499878074,0
0,0,-0.138352610198038,0
0,0,-0.140169347864098,0
0,0,-0.141850281057237,0
0,0,-0.143397918867021,0
0,0,-0.144813045383942,0
0,0,-0.14609801287947,0
0,0,-0.147253134989803,0
0,0,-0.148279352623527,0
0,0,-0.149177606689233,0
0,0,-0.149947740368821,0
0,0,-0.150590224116585,0
0,0,-0.151104117023937,0
0,0,-0.15148847818229,0
0,0,-0.151741739410662,0
0,0,-0.151862646164269,0
0,0,-0.151848532535443,0
0,0,-0.151696889434616,0
0,0,-0.15140505095412,0
0,0,-0.150968626187211,0
0,0,-0.150384478771926,0
0,0,-0.149648374619618,0
0,0,-0.148755138733051,0
0,0,-0.147701164295969,0
0,0,-0.146481433129235,0
0,0,-0.145090770235612,0
0,0,-0.14352509834455,0
0,0,-0.141779085640716,0
0,0,-0.139848027581167,0
0,0,-0.137728317349649,0
0,0,-0.135415564039415,0
0,0,-0.132905533561818,0
0,0,-0.130194775918699,0
0,0,-0.127280311566198,0
0,0,-0.124159317778546,0
0,0,-0.120829442284275,0
0,0,-0.117288803266207,0
0,0,-0.113536616633853,0
0,0,-0.109571627842426,0
0,0,-0.105393366437634,0
0,0,-0.101003086964261,0
0,0,-0.0964015735127962,0
0,0,-0.0915908647185155,0
0,0,-0.0865739401252823,0
0,0,-0.081353622458861,0
0,0,-0.0759346162621936,0
0,0,-0.0703216260782227,0
0,0,-0.0645210814489678,0
0,0,-0.0585392550983523,0
0,0,-0.0523836742950832,0
0,0,-0.0460631208526515,0
0,0,-0.0395863765845489,0
0,0,-0.0329641051214441,0
0,0,-0.0262063428216122,0
0,0,-0.0193248510424089,0
0,0,-0.0123323320497771,0
0,0,-0.00524101765536533,0
0,0,0.0019362330567847,0
0,0,0.00918609054833786,0
0,0,0.0164935002818805,0
0,0,0.023845759991469,0
0,0,0.0312273446853955,0
0,0,0.0386238270986379,0
0,0,0.0460204663299781,0
0,0,0.0534017373877083,0
0,0,0.0607514880077278,0
0,0,0.0680551341069171,0
0,0,0.0752957393306846,0
0,0,0.0824560536882442,0
0,0,0.0895199249154948,0
0,0,0.0964702598397478,0
0,0,0.103288710743529,0
0,0,0.109957243545563,0
0,0,0.116457667346473,0
0,0,0.12277132079259,0
0,0,0.12887907207595,0
0,0,0.134761946206688,0
0,0,0.140401438649232,0
0,0,0.145777006232735,0
0,0,0.150870614875922,0
0,0,0.155662819134631,0
0,0,0.160134957655193,0
0,0,0.164268682720135,0
0,0,0.168045646611984,0
0,0,0.171449226612345,0
0,0,0.174462329548528,0
0,0,0.177069430428827,0
0,0,0.179255788352022,0
0,0,0.181007603325485,0
0,0,0.182313113991859,0
0,0,0.183161029448086,0
0,0,0.183541470153988,0
0,0,0.183447849749444,0
0,0,0.182872640965749,0
0,0,0.18181113925996,0
0,0,0.18026067872441,0
0,0,0.17821969117812,0
0,0,0.175688176621088,0
0,0,0.172668957779079,0
0,0,0.169164700559762,0
0,0,0.165181677687058,0
0,0,0.160724907340106,0
0,0,0.155804112240986,0
0,0,0.15042791738509,0
0,0,0.144607300039283,0
0,0,0.138354335197116,0
0,0,0.131682195578827,0
0,0,0.124606092539928,0
0,0,0.117140296527342,0
0,0,0.109301743895659,0
0,0,0.101108155089963,0
0,0,0.0925770937372339,0
0,0,0.0837281620997314,0
0,0,0.0745803351673209,0
0,0,0.0651541561108484,0
0,0,0.0554698544649641,0
0,0,0.0455492279452987,0
0,0,0.0354129765407964,0
0,0,0.0250824275127943,0
0,0,0.0145798490312168,0
0,0,0.00392625472120467,0
0,0,-0.00685624406541507,0
0,0,-0.0177461632492082,0
0,0,-0.0287221755688384,0
0,0,-0.0397631105810661,0
0,0,-0.0508479546607513,0
0,0,-0.0619561646370487,0
0,0,-0.0730673541572089,0
0,0,-0.0841628618675623,0
0,0,-0.0952229286877538,0
0,0,-0.106228736446016,0
0,0,-0.117163191969659,0
0,0,-0.128008888449798,0
0,0,-0.138748575895647,0
0,0,-0.149367513405987,0
0,0,-0.159848137353836,0
0,0,-0.170176961382759,0
0,0,-0.180339401409638,0
0,0,-0.19032181425994,0
0,0,-0.20011008630484,0
0,0,-0.209691672096493,0
0,0,-0.21905433982325,0
0,0,-0.228185387219168,0
0,0,-0.237072739290696,0
0,0,-0.24570620286146,0
0,0,-0.254074643846497,0
0,0,-0.262167241797042,0
0,0,-0.269974273991013,0
0,0,-0.277485390433939,0
0,0,-0.284691182039937,0
0,0,-0.291582866995514,0
0,0,-0.298151036214787,0
0,0,-0.304386751066167,0
0,0,-0.310281543372357,0
0,0,-0.315826317683672,0
0,0,-0.321013860367597,0
0,0,-0.325833821429664,0
0,0,-0.330279457691653,0
0,0,-0.334341673703879,0
0,0,-0.338012314925241,0
0,0,-0.341282756360346,0
0,0,-0.344145470740487,0
0,0,-0.346593087615056,0
0,0,-0.348616825170559,0
0,0,-0.350210253864978,0
0,0,-0.351366473701997,0
0,0,-0.352079368775792,0
0,0,-0.352341882271949,0
0,0,-0.352150250556116,0
0,0,-0.351498514540566,0
0,0,-0.35038338104524,0
0,0,-0.348801713708176,0
0,0,-0.346751003439805,0
0,0,-0.344229838877246,0
0,0,-0.341236965475712,0
0,0,-0.337772696871401,0
0,0,-0.3338379739729,0
0,0,-0.329434835415486,0
0,0,-0.324565947106824,0
0,0,-0.319236170407954,0
0,0,-0.31345020986182,0
0,0,-0.307213554101852,0
0,0,-0.300533103124365,0
0,0,-0.293417325106656,0
0,0,-0.285875001862215,0
0,0,-0.277916169749318,0
0,0,-0.269551335580537,0
0,0,-0.260793358439911,0
0,0,-0.251655411047678,0
0,0,-0.242150666124076,0
0,0,-0.232294491842715,0
0,0,-0.222103040467694,0
0,0,-0.211593091535508,0
0,0,-0.200782365491237,0
0,0,-0.18968952368855,0
0,0,-0.178334482025902,0
0,0,-0.166736529129354,0
0,0,-0.154917776350733,0
0,0,-0.142899864587572,0
0,0,-0.13070318019262,0
0,0,-0.118351873152977,0
0,0,-0.105868368456667,0
0,0,-0.0932760320003013,0
0,0,-0.0805980728623932,0
0,0,-0.0678591114843381,0
0,0,-0.0550826705808465,0
0,0,-0.0422932137752157,0
0,0,-0.0295142637821546,0
0,0,-0.0167704410430602,0
0,0,-0.00408589554503325,0
0,0,0.00851569317911838,0
0,0,0.0210106455965871,0
0,0,0.0333759094469572,0
0,0,0.0455879620155204,0
0,0,0.0576257896771351,0
0,0,0.0694664969894845,0
0,0,0.0810895407817225,0
0,0,0.0924742210649048,0
0,0,0.103600621940577,0
0,0,0.114449454782678,0
0,0,0.125002058237537,0
0,0,0.135241182314369,0
0,0,0.145148636113797,0
0,0,0.154708737826015,0
0,0,0.163905178368825,0
0,0,0.172722432750519,0
0,0,0.181146857796564,0
0,0,0.189164496696235,0
0,0,0.196761706274998,0
0,0,0.203927038811695,0
0,0,0.210649203403266,0
0,0,0.216916752328553,0
0,0,0.222720433319769,0
0,0,0.22805162138152,0
0,0,0.232902318790807,0
0,0,0.237265155097019,0
0,0,0.241133543940039,0
0,0,0.24450309441312,0
0,0,0.247368945155222,0
0,0,0.249728116622483,0
0,0,0.251578726997725,0
0,0,0.25291905128187,0
0,0,0.253749246293016,0
0,0,0.254070252939751,0
0,0,0.253884266675449,0
0,0,0.253194110225873,0
0,0,0.25200417449777,0
0,0,0.250319634488377,0
0,0,0.248147076557811,0
0,0,0.245493400702388,0
0,0,0.242367545553697,0
0,0,0.238778449743328,0
0,0,0.234736463265752,0
0,0,0.23025303384213,0
0,0,0.225339609193618,0
0,0,0.220009832494748,0
0,0,0.214276719647661,0
0,0,0.208153913826887,0
0,0,0.201657724114624,0
0,0,0.194803675502582,0
0,0,0.187605254347194,0
0,0,0.180081592456422,0
0,0,0.172248214821976,0
0,0,0.16412174416225,0
0,0,0.155719900922326,0
0,0,0.147060876001578,0
0,0,0.138160821664107,0
0,0,0.129038869717876,0
0,0,0.11971258378987,0
0,0,0.110199213870874,0
0,0,0.100516009951676,0
0,0,0.0906814765678476,0
0,0,0.0807117659834884,0
0,0,0.0706244418255821,0
0,0,0.0604365972668173,0
0,0,0.0501637572989022,0
0,0,0.0398220741859376,0
0,0,0.0294275433739257,0
0,0,0.0189953762183785,0
0,0,0.00853968634812197,0
0,0,-0.00192462851752828,0
0,0,-0.01238314111355,0
0,0,-0.022823462810196,0
0,0,-0.0332308527062494,0
0,0,-0.0435933926262564,0
0,0,-0.0538979098499801,0
0,0,-0.0641321725657716,0
0,0,-0.0742830080533937,0
0,0,-0.0843389685916871,0
0,0,-0.0942875087328077,0
0,0,-0.104117337573695,0
0,0,-0.113815909666503,0
0,0,-0.12337209092627,0
0,0,-0.132773649541346,0
0,0,-0.142008824154378,0
0,0,-0.151066480680403,0
0,0,-0.159934387307771,0
0,0,-0.168600939497226,0
0,0,-0.177054846345707,0
0,0,-0.185284503313958,0
0,0,-0.193277835408429,0
0,0,-0.20102417899845,0
0,0,-0.208510518181882,0
0,0,-0.215726189328058,0
0,0,-0.22266037198821,0
0,0,-0.229300520714495,0
0,0,-0.23563612869434,0
0,0,-0.241655905024687,0
0,0,-0.247350126983455,0
0,0,-0.252707974121878,0
0,0,-0.257718625991189,0
0,0,-0.262373928050288,0
0,0,-0.266664314395196,0
0,0,-0.270579905485732,0
0,0,-0.274114742234172,0
0,0,-0.277259886008924,0
0,0,-0.280008279995578,0
0,0,-0.282355062833091,0
0,0,-0.284294275433739,0
0,0,-0.285820899618383,0
0,0,-0.28693117175267,0
0,0,-0.287622739565128,0
0,0,-0.287892780329993,0
0,0,-0.287740509956773,0
0,0,-0.28716514435498,0
0,0,-0.286166683524612,0
0,0,-0.284747166100946,0
0,0,-0.282908473901156,0
0,0,-0.280654684195794,0
0,0,-0.277989090164918,0
0,0,-0.274917494078157,0
0,0,-0.27144554138704,0
0,0,-0.267581386632669,0
0,0,-0.263332870719944,0
0,0,-0.258708618644261,0
0,0,-0.253719921308679,0
0,0,-0.248376971889572,0
0,0,-0.242692159016688,0
0,0,-0.236678498592166,0
0,0,-0.230349476972438,0
0,0,-0.223719678240627,0
0,0,-0.21680525466083,0
0,0,-0.209621103952365,0
0,0,-0.202184632924116,0
0,0,-0.194512934748774,0
0,0,-0.186624827598103,0
0,0,-0.178537561462893,0
0,0,-0.170270268151107,0
0,0,-0.161843177197394,0
0,0,-0.15327447950113,0
0,0,-0.144583620506475,0
0,0,-0.135790045657589,0
0,0,-0.126914768579612,0
0,0,-0.117976293808116,0
0,0,-0.10899406678726,0
0,0,-0.0999880034154981,0
0,0,-0.0909767650465005,0
0,0,-0.0819796403063288,0
0,0,-0.0730145064581613,0
0,0,-0.0640992407651786,0
0,0,-0.0552536023077355,0
0,0,-0.0464935865318348,0
0,0,-0.0378359729739692,0
0,0,-0.0292981684430239,0
0,0,-0.0208963252030991,0
0,0,-0.012645184155413,0
0,0,-0.0045599566554777,0
0,0,0.00334540048597942,0
0,0,0.0110575577306224,0
0,0,0.018563969630607,0
0,0,0.0258525611923821,0
0,0,0.0329125119671809,0
0,0,0.039733471960532,0
0,0,0.0463063457227473,0
0,0,0.0526220378041389,0
0,0,0.0586734913902944,0
0,0,0.0644538064848987,0
0,0,0.0699562399097353,0
0,0,0.0751760871218625,0
0,0,0.0801084867602402,0
0,0,0.0847496751905144,0
0,0,0.0890960455964303,0
0,0,0.0931452457065163,0
0,0,0.0968953937035966,0
0,0,0.10034492140669,0
0,0,0.103492731089109,0
0,0,0.10633850911466,0
0,0,0.108881941847145,0
0,0,0.111124283831348,0
0,0,0.113065848703467,0
0,0,0.114708047826384,0
0,0,0.11605307665347,0
0,0,0.117102973820003,0
0,0,0.117860562051745,0
0,0,0.118328664074463,0
0,0,0.118511357158707,0
0,0,0.118413345847417,0
0,0,0.118037766502556,0
0,0,0.117390264575654,0
0,0,0.116476171882045,0
0,0,0.115300506600866,0
0,0,0.113868600547452,0
0,0,0.11218719690002,0
0,0,0.1102619411101,0
0,0,0.10809941953781,0
0,0,0.105705591270877,0
0,0,0.103087199487518,0
0,0,0.10025098736595,0
0,0,0.0972036980843884,0
0,0,0.093952231639149,0
0,0,0.0905033312084482,0
0,0,0.0868646808790909,0
0,0,0.0830436511016863,0
0,0,0.079046828236353,0
0,0,0.0748826804603866,0
0,0,0.0705585782243956,0
0,0,0.0660815783427933,0
0,0,0.0614601489928748,0
0,0,0.0567018174433473,0
0,0,0.051814110962918,0
0,0,0.0468048704564896,0
0,0,0.0416816231927695,0
0,0,0.0364517396223663,0
0,0,0.0311232174682814,0
0,0,0.0257027999087318,0
0,0,0.0201977005762279,0
0,0,0.014614976285183,0
0,0,0.00896074294142135,0
0,0,0.00324284144984599,0
0,0,-0.00253449410089512,0
0,0,-0.00836310916970318,0
0,0,-0.01423876966793,0
0,0,-0.0201552028716528,0
0,0,-0.0261067633293423,0
0,0,-0.0320885896799578,0
0,0,-0.0380950364719694,0
0,0,-0.0441201446176502,0
0,0,-0.0501603073007449,0
0,0,-0.0562100358878219,0
0,0,-0.0622639985635465,0
0,0,-0.0683167066944863,0
0,0,-0.0743640830100921,0
0,0,-0.0804006388769316,0
0,0,-0.0864207288434743,0
0,0,-0.0924199620029749,0
0,0,-0.098392849722001,0
0,0,-0.104333432912826,0
0,0,-0.110237477486802,0
0,0,-0.116099024356203,0
0,0,-0.121912741705695,0
0,0,-0.127672984083747,0
0,0,-0.133374262856928,0
0,0,-0.139009991665118,0
0,0,-0.144576406873965,0
0,0,-0.150065353942368,0
0,0,-0.155471657873092,0
0,0,-0.160789516396508,0
0,0,-0.166012186334401,0
0,0,-0.171133238144748,0
0,0,-0.176145928649334,0
0,0,-0.181043201033745,0
0,0,-0.185817841665471,0
0,0,-0.190462950548197,0
0,0,-0.194970529958922,0
0,0,-0.199332425356546,0
0,0,-0.203540795836166,0
0,0,-0.207586232311899,0
0,0,-0.211461677969331,0
0,0,-0.215156939632089,0
0,0,-0.218663392304779,0
0,0,-0.221972097355811,0
0,0,-0.225072547972617,0
0,0,-0.227956275977898,0
0,0,-0.230613558649577,0
0,0,-0.233034202811278,0
0,0,-0.235209897103805,0
0,0,-0.237130134714587,0
0,0,-0.238786917920624,0
0,0,-0.240171151272226,0
0,0,-0.241274680228296,0
0,0,-0.242089350247733,0
0,0,-0.24260779087993,0
0,0,-0.242822788492374,0
0,0,-0.242729168087831,0
0,0,-0.242319716033788,0
0,0,-0.241589570969206,0
0,0,-0.240534655623536,0
0,0,-0.239151206362424,0
0,0,-0.23743593000581,0
0,0,-0.235386944736518,0
0,0,-0.233002839191666,0
0,0,-0.23028298609886,0
0,0,-0.227228012730493,0
0,0,-0.223839016813253,0
0,0,-0.220118507436706,0
0,0,-0.216068366418032,0
0,0,-0.211692984663974,0
0,0,-0.20699675308128,0
0,0,-0.201984219394792,0
0,0,-0.196662283600826,0
0,0,-0.191036904787108,0
0,0,-0.185115453404246,0
0,0,-0.178905456720949,0
0,0,-0.172415226096413,0
0,0,-0.165653229707934,0
0,0,-0.158628719823298,0
0,0,-0.151351732800779,0
0,0,-0.143831834544361,0
0,0,-0.136081100047594,0
0,0,-0.128108781578264,0
0,0,-0.11992789503851,0
0,0,-0.11155082905808,0
0,0,-0.102990599539111,0
0,0,-0.0942611632923334,0
0,0,-0.0853760066741783,0
0,0,-0.076351281948747,0
0,0,-0.067201886835356,0
0,0,-0.0579442872343012,0
0,0,-0.0485957331363699,0
0,0,-0.0391733177142507,0
0,0,-0.0296942909587311,0
0,0,-0.0201779414958719,0
0,0,-0.0106415193164613,0
0,0,-0.00110509713705065,0
0,0,0.00841344777918129,0
0,0,0.0178943563518776,0
0,0,0.0273184967730755,0
0,0,0.0366665804167126,0
0,0,0.0459196322929236,0
0,0,0.0550580501394504,0
0,0,0.0640633294207218,0
0,0,0.0729161815106756,0
0,0,0.0815982586918391,0
0,0,0.0900913700648365,0
0,0,0.0983773247302924,0
0,0,0.106437931788832,0
0,0,0.114256411703962,0
0,0,0.121815828121092,0
0,0,0.129099401503729,0
0,0,0.136090979587772,0
0,0,0.142775821472004,0
0,0,0.149138715800913,0
0,0,0.155165235309477,0
0,0,0.160842364095555,0
0,0,0.166157086257011,0
0,0,0.171097326800291,0
0,0,0.175651638004239,0
0,0,0.179810297146773,0
0,0,0.183562797415324,0
0,0,0.186900827450694,0
0,0,0.189816546347981,0
0,0,0.192302897292771,0
0,0,0.194354862105926,0
0,0,0.19596648169972,0
0,0,0.197134306075995,0
0,0,0.19785613978138,0
0,0,0.198129316908206,0
0,0,0.197953680638375,0
0,0,0.19732985824428,0
0,0,0.196259261088804,0
0,0,0.194744555079613,0
0,0,0.192789503851061,0
0,0,0.190399439218481,0
0,0,0.187580320269602,0
0,0,0.184339047000736,0
0,0,0.180683773952984,0
0,0,0.176624067030328,0
0,0,0.172169492136748,0
0,0,0.167331340175307,0
0,0,0.162121842957652,0
0,0,0.156553232295433,0
0,0,0.150639464999377,0
0,0,0.144394027425917,0
0,0,0.137832444566762,0
0,0,0.130969770959327,0
0,0,0.123821845231515,0
0,0,0.116404976465524,0
0,0,0.108735630561652,0
0,0,0.100831684783077,0
0,0,0.0927100754843915,0
0,0,0.084388209474479,0
0,0,0.0758844344708134,0
0,0,0.0672164709184755,0
0,0,0.0584020392625471,0
0,0,0.0494591735843048,0
0,0,0.0404049670564379,0
0,0,0.0312569833059293,0
0,0,0.022032785959762,0
0,0,0.0127486841001347,0
0,0,0.00342130044544198,0
0,0,-0.00593352637641231,0
0,0,-0.0153002713737187,0
0,0,-0.0246641936452604,0
0,0,-0.0340103954717205,0
0,0,-0.0433250768604705,0
0,0,-0.0525947514550758,0
0,0,-0.0618067169895942,0
0,0,-0.0709467030171017,0
0,0,-0.0800043595431261,0
0,0,-0.0889665138474302,0
0,0,-0.0978223454812472,0
0,0,-0.106559936269125,0
0,0,-0.115169406670885,0
0,0,-0.123640093055859,0
0,0,-0.131962429520066,0
0,0,-0.140127163795719,0
0,0,-0.148125043615034,0
0,0,-0.155948384891203,0
0,0,-0.163589973991719,0
0,0,-0.171041029103087,0
0,0,-0.178296845682366,0
0,0,-0.185348798734165,0
0,0,-0.192192654169832,0
0,0,-0.198822452901645,0
0,0,-0.205233804022855,0
0,0,-0.211422002990521,0
0,0,-0.2173825020798,0
0,0,-0.223112321746828,0
0,0,-0.228607384721056,0
0,0,-0.233864554640522,0
0,0,-0.238880851961363,0
0,0,-0.243652826685422,0
0,0,-0.24817796972313,0
0,0,-0.252453144712525,0
0,0,-0.256475842564039,0
0,0,-0.260243397370004,0
0,0,-0.263753456858949,0
0,0,-0.267002884668914,0
0,0,-0.269989798982721,0
0,0,-0.272710749802213,0
0,0,-0.275164012128312,0
0,0,-0.277347233689546,0
0,0,-0.279258219032542,0
0,0,-0.280893988613438,0
0,0,-0.282252503796958,0
0,0,-0.283330157766848,0
0,0,-0.28412585279642,0
0,0,-0.284635511615125,0
0,0,-0.284857095587688,0
0,0,-0.284787468352148,0
0,0,-0.28442459127323,0
0,0,-0.283765171170874,0
0,0,-0.282806542137415,0
0,0,-0.281545724628988,0
0,0,-0.279979895919829,0
0,0,-0.278106390102269,0
0,0,-0.275921913996251,0
0,0,-0.273424428966498,0
0,0,-0.270610485014855,0
0,0,-0.267477886687947,0
0,0,-0.264024438532402,0
0,0,-0.260249042821534,0
0,0,-0.256149190465774,0
0,0,-0.251725038283218,0
0,0,-0.246975959001477,0
0,0,-0.241902109438646,0
0,0,-0.236504430503316,0
0,0,-0.230784647194563,0
0,0,-0.224745425420057,0
0,0,-0.218389431087463,0
0,0,-0.211721055103528,0
0,0,-0.204745002011192,0
0,0,-0.197467387716282,0
0,0,-0.189894955397013,0
0,0,-0.182034761867798,0
0,0,-0.173896373032619,0
0,0,-0.165489668431655,0
0,0,-0.15682546851367,0
0,0,-0.147916789180806,0
0,0,-0.138777273607593,0
0,0,-0.129420564968562,0
0,0,-0.119863913254501,0
0,0,-0.110123784365706,0
0,0,-0.100218526019651,0
0,0,-0.0901664859338087,0
0,0,-0.0799889913695158,0
0,0,-0.0697067423157172,0
0,0,-0.059341066033749,0
0,0,-0.0489154852383205,0
0,0,-0.0384527385536512,0
0,0,-0.0279779168754309,0
0,0,-0.0175154838269577,0
0,0,-0.00709100075821556,0
0,0,0.00326934370841858,0
0,0,0.0135385768600782,0
0,0,0.0236901964381906,0
0,0,0.0336966024574963,0
0,0,0.043530351750835,0
0,0,0.053164471605339,0
0,0,0.0625705779452594,0
0,0,0.0717226389663179,0
0,0,0.0805930546832547,0
0,0,0.0891557932917921,0
0,0,0.0973859207143379,0
0,0,0.105259130145692,0
0,0,0.112750957962557,0
0,0,0.119840547357889,0
0,0,0.126507198342746,0
0,0,0.132730524564379,0
0,0,0.138493746486295,0
0,0,0.143781025480589,0
0,0,0.148578875190828,0
0,0,0.152874593351069,0
0,0,0.156658614057331,0
0,0,0.159923566859004,0
0,0,0.162663492668362,0
0,0,0.164874941487247,0
0,0,0.166556658770876,0
0,0,0.167709899064031,0
0,0,0.168336544183891,0
0,0,0.168442866854378,0
0,0,0.168035139799414,0
0,0,0.167123242559177,0
0,0,0.16571674103765,0
0,0,0.163829278409363,0
0,0,0.161475438757436,0
0,0,0.15867059025548,0
0,0,0.15543292380287,0
0,0,0.15178078711708,0
0,0,0.147735193823249,0
0,0,0.143316687092224,0
0,0,0.13854753509393,0
0,0,0.133450476452587,0
0,0,0.128049817973393,0
0,0,0.122369082371058,0
0,0,0.116432733268881,0
0,0,0.110265234290159,0
0,0,0.10389183314868,0
0,0,0.0973374639220361,0
0,0,0.0906264334154274,0
0,0,0.0837828916159555,0
0,0,0.0768320862374083,0
0,0,0.0697964422678092,0
0,0,0.06270089378475,0
0,0,0.0555677089581554,0
0,0,0.0484189991398527,0
0,0,0.0412767188635705,0
0,0,0.0341615681182532,0
0,0,0.0270939332566491,0
0,0,0.0200916915419376,0
0,0,0.0131738179639835,0
0,0,0.00635709205928037,0
0,0,-0.000343274816659966,0
0,0,-0.00691222812642378,0
0,0,-0.0133372224221653,0
0,0,-0.0196063395284323,0
0,0,-0.0257078180878698,0
0,0,-0.0316336603774772,0
0,0,-0.0373750845837617,0
0,0,-0.0429248770742133,0
0,0,-0.048278019669694,0
0,0,-0.0534301214634579,0
0,0,-0.0583780460935438,0
0,0,-0.0631197549246766,0
0,0,-0.0676544638663661,0
0,0,-0.0719817024643182,0
0,0,-0.0761027252633173,0
0,0,-0.0800201981710307,0
0,0,-0.0837360030046349,0
0,0,-0.0872543738527776,0
0,0,-0.0905804857126951,0
0,0,-0.0937191999454274,0
0,0,-0.0966764756387009,0
0,0,-0.0994603105155161,0
0,0,-0.10207744775409,0
0,0,-0.104536982804112,0
0,0,-0.106847697479071,0
0,0,-0.109018844046754,0
0,0,-0.111061399774025,0
0,0,-0.112985087382965,0
0,0,-0.114801197776633,0
0,0,-0.116521335494287,0
0,0,-0.118157418711379,0
0,0,-0.119721208785264,0
0,0,-0.121225407981884,0
0,0,-0.122682091294792,0
0,0,-0.124104588262322,0
0,0,-0.125504503423731,0
0,0,-0.126895636771648,0
0,0,-0.128289122391037,0
0,0,-0.129697976184036,0
0,0,-0.131133018599411,0
0,0,-0.132606481448811,0
0,0,-0.134127617000023,0
0,0,-0.13570661842942,0
0,0,-0.137352894822886,0
0,0,-0.139073346176736,0
0,0,-0.140874872487284,0
0,0,-0.142763432842258,0
0,0,-0.144742163603617,0
0,0,-0.146815142041913,0
0,0,-0.148982211339047,0
0,0,-0.151244312403606,0
0,0,-0.153598936146023,0
0,0,-0.156042318931943,0
0,0,-0.158570069854622,0
0,0,-0.161174661645351,0
0,0,-0.163848096581131,0
0,0,-0.166579240576996,0
0,0,-0.169358057274674,0
0,0,-0.172169805772945,0
0,0,-0.175000686079179,0
0,0,-0.177835016383571,0
0,0,-0.180655546695333,0
0,0,-0.183443772478894,0
0,0,-0.186181816471075,0
0,0,-0.188848665046736,0
0,0,-0.191424559125519,0
0,0,-0.193888328264189,0
0,0,-0.196218645201406,0
0,0,-0.19839371222154,0
0,0,-0.200392045245158,0
0,0,-0.20219247382902,0
0,0,-0.203772259348907,0
0,0,-0.205111172270169,0
0,0,-0.206188826240059,0
0,0,-0.206984364451533,0
0,0,-0.207478498278529,0
0,0,-0.207653507275968,0
0,0,-0.207490730090178,0
0,0,-0.206973387184668,0
0,0,-0.206086424022024,0
0,0,-0.204816197427713,0
0,0,-0.203148593772911,0
0,0,-0.201073106245046,0
0,0,-0.198579541667745,0
0,0,-0.195659902318007,0
0,0,-0.19230697456332,0
0,0,-0.18851636749694,0
0,0,-0.184284944756905,0
0,0,-0.179610510889841,0
0,0,-0.174494163622436,0
0,0,-0.168937157499473,0
0,0,-0.162943412973405,0
0,0,-0.156518889131957,0
0,0,-0.149670485971445,0
0,0,-0.142408083032046,0
0,0,-0.134742971216822,0
0,0,-0.126686284610735,0
0,0,-0.118253861841687,0
0,0,-0.109460914265194,0
0,0,-0.100324378235844,0
0,0,-0.0908640128339931,0
0,0,-0.0810981657771161,0
0,0,-0.0710497325075292,0
0,0,-0.0607400402865697,0
0,0,-0.0501926118289463,0
0,0,-0.0394319107579568,0
0,0,-0.0284831847873898,0
0,0,-0.0173716816310336,0
0,0,-0.00612500127414684,0
0,0,0.00523098129708965,0
0,0,0.0166675683707305,0
0,0,0.0281576304158111,0
0,0,0.0396724697203854,0
0,0,0.0511833885725084,0
0,0,0.0626621597145283,0
0,0,0.0740802422525979,0
0,0,0.0854094089290656,0
0,0,0.0966197074872017,0
0,0,0.107685262940825,0
0,0,0.118576593487501,0
0,0,0.12926609914197,0
0,0,0.139727120827561,0
0,0,0.149932999467602,0
0,0,0.159857389621621,0
0,0,0.169474416303437,0
0,0,0.178758674981162,0
0,0,0.187686172485794,0
0,0,0.196233699738819,0
0,0,0.204376949935038,0
0,0,0.212094438995016,0
0,0,0.219365153293611,0
0,0,0.226167608751391,0
0,0,0.232481575833704,0
0,0,0.238287765914488,0
0,0,0.243568144912468,0
0,0,0.248304365110168,0
0,0,0.252479333334902,0
0,0,0.256078308685449,0
0,0,0.259084668443416,0
0,0,0.261485083070467,0
0,0,0.263267007118758,0
0,0,0.264418679230933,0
0,0,0.264928181231539,0
0,0,0.264787044943283,0
0,0,0.263987743097455,0
0,0,0.262521807516762,0
0,0,0.260385004112555,0
0,0,0.257573098796186,0
0,0,0.254083425659989,0
0,0,0.249914259704884,0
0,0,0.245066541839461,0
0,0,0.239541683426601,0
0,0,0.233343134464462,0
0,0,0.226475129041692,0
0,0,0.218944567154606,0
0,0,0.210758505617616,0
0,0,0.201925412608018,0
0,0,0.192455794938382,0
0,0,0.182361727602259,0
0,0,0.171655756047494,0
0,0,0.160352777993403,0
0,0,0.14846863206789,0
0,0,0.136020568261742,0
0,0,0.123027404746727,0
0,0,0.109509371057495,0
0,0,0.0954877944553825,0
0,0,0.0809866681093931,0
0,0,0.0660301420066285,0
0,0,0.0506447184056615,0
0,0,0.0348587813822416,0
0,0,0.0187011854664123,0
0,0,0.00220313745968759,0
0,0,-0.0146033717459265,0
0,0,-0.0316850967136418,0
0,0,-0.0490054988266088,0
0,0,-0.0665292940127635,0
0,0,-0.0842183754742769,0
0,0,-0.102035263685711,0
0,0,-0.119939185941571,0
0,0,-0.137890467263046,0
0,0,-0.155848805398934,0
0,0,-0.173771232190365,0
0,0,-0.191616661295647,0
0,0,-0.209341967737813,0
0,0,-0.226905594720876,0
0,0,-0.244263319541182,0
0,0,-0.26137311494845,0
0,0,-0.278192796874302,0
0,0,-0.294677985796985,0
0,0,-0.310788222647199,0
0,0,-0.32648022562988,0
0,0,-0.341713849311922,0
0,0,-0.356447223261142,0
0,0,-0.370640358862536,0
0,0,-0.384255149318273,0
0,0,-0.397252546921935,0
0,0,-0.409595385784283,0
0,0,-0.421247440924662,0
0,0,-0.432174369179599,0
0,0,-0.442341670567517,0
0,0,-0.451718295105001,0
0,0,-0.460273349626734,0
0,0,-0.467979077329357,0
0,0,-0.474806466864728,0
0,0,-0.480731368245746,0
0,0,-0.485731042848193,0
0,0,-0.489782124775456,0
0,0,-0.49286563903767,0
0,0,-0.49496496291644,0
0,0,-0.496064571420058,0
0,0,-0.496150978192091,0
0,0,-0.495213833238067,0
0,0,-0.493246079743571,0
0,0,-0.490240974530389,0
0,0,-0.486196165327048,0
0,0,-0.481110397588765,0
0,0,-0.474987434949893,0
0,0,-0.467830727408589,0
0,0,-0.459649527232639,0
0,0,-0.450452616235535,0
0,0,-0.440254264864199,0
0,0,-0.429069057201754,0
0,0,-0.416916125056161,0
0,0,-0.403817579779248,0
0,0,-0.389795846359037,0
0,0,-0.374879308871278,0
0,0,-0.359096978664114,0
0,0,-0.342481003447646,0
0,0,-0.325066353657743,0
0,0,-0.306890508819842,0
0,0,-0.287993614367047,0
0,0,-0.268417383913443,0
0,0,-0.248206981071272,0
0,0,-0.227409764906148,0
0,0,-0.206074505846571,0
0,0,-0.1842529538649,0
0,0,-0.16199732938779,0
0,0,-0.139363302840054,0
0,0,-0.116407171918897,0
0,0,-0.0931861752301107,0
0,0,-0.0697611581957452,0
0,0,-0.0461903003301805,0
0,0,-0.0225369561450349,0
0,0,0.0011383425738396,0
0,0,0.0247728685872177,0
0,0,0.0483038946558743,0
0,0,0.0716696344491723,0
0,0,0.0948059493650042,0
0,0,0.117652307617518,0
0,0,0.140145825149389,0
0,0,0.16222565653857,0
0,0,0.183832681362091,0
0,0,0.204907622378883,0
0,0,0.225392927346959,0
0,0,0.245232925841506,0
0,0,0.264374456527279,0
0,0,0.28276482852333,0
0,0,0.300354016856377,0
0,0,0.317095446551295,0
0,0,0.332944424450137,0
0,0,0.347857668757836,0
0,0,0.361797856767054,0
0,0,0.374727665770451,0
0,0,0.386614007149337,0
0,0,0.397428183191766,0
0,0,0.40714243709438,0
0,0,0.415734500687255,0
0,0,0.423183987617643,0
0,0,0.429475216075737,0
0,0,0.434595954249888,0
0,0,0.438535068055134,0
0,0,0.441288166584729,0
0,0,0.44285148620432,0
0,0,0.443227692821573,0
0,0,0.442418825071764,0
0,0,0.440433821586482,0
0,0,0.437284757359278,0
0,0,0.432984177837996,0
0,0,0.427549960285817,0
0,0,0.42100390241837,0
0,0,0.413369683768464,0
0,0,0.404673179322279,0
0,0,0.394945752699428,0
0,0,0.384219865246208,0
0,0,0.372530173762293,0
0,0,0.359915882772199,0
0,0,0.346416510436636,0
0,0,0.332075181732573,0
0,0,0.316935805727468,0
0,0,0.301045271032639,0
0,0,0.284451563986096,0
0,0,0.267204395924925,0
0,0,0.249355046367191,0
0,0,0.230955108467158,0
0,0,0.212058527650559,0
0,0,0.192718465252638,0
0,0,0.172990121243912,0
0,0,0.152927597868215,0
0,0,0.132587349640847,0
0,0,0.112024262896132,0
0,0,0.0912936944226859,0
0,0,0.070450060100536,0
0,0,0.0495490303544952,0
0,0,0.0286440801560026,0
0,0,0.00778884129459589,0
0,0,-0.012965563529756,0
0,0,-0.0335658161637121,0
0,0,-0.0539634598149704,0
0,0,-0.074110351327426,0
0,0,-0.0939588179992679,0
0,0,-0.113463539400155,0
0,0,-0.132581076916925,0
0,0,-0.151269560117394,0
0,0,-0.169490254931341,0
0,0,-0.18720474092474,0
0,0,-0.204377106753136,0
0,0,-0.220975361524523,0
0,0,-0.236965632529719,0
0,0,-0.252321260692054,0
0,0,-0.267014489208171,0
0,0,-0.281020540818575,0
0,0,-0.294316676899048,0
0,0,-0.306883452005429,0
0,0,-0.318703459328834,0
0,0,-0.329761173877555,0
0,0,-0.340044834294236,0
0,0,-0.349543149675818,0
0,0,-0.358249063207887,0
0,0,-0.366156458984619,0
0,0,-0.373262984734543,0
0,0,-0.379566915458579,0
0,0,-0.38506903524722,0
0,0,-0.389773891825308,0
0,0,-0.393686503371981,0
0,0,-0.396813456247359,0
0,0,-0.399165884536403,0
0,0,-0.400755079142174,0
0,0,-0.401593742330615,0
0,0,-0.401696615002944,0
0,0,-0.401081103968047,0
0,0,-0.399764772852905,0
0,0,-0.397767537555974,0
0,0,-0.395110098066198,0
0,0,-0.39181393846301,0
0,0,-0.387902424643024,0
0,0,-0.38339876568475,0
0,0,-0.378328366120078,0
0,0,-0.372715532754204,0
0,0,-0.366588022390488,0
0,0,-0.359970925924619,0
0,0,-0.352892627432347,0
0,0,-0.34537994280844,0
0,0,-0.337461726582941,0
0,0,-0.329165108286817,0
0,0,-0.320519726540601,0
0,0,-0.311553338147649,0
0,0,-0.302295111274202,0
0,0,-0.2927742140865,0
0,0,-0.283018560205996,0
0,0,-0.273056847344638,0
0,0,-0.262917459578175,0
0,0,-0.252627526437571,0
0,0,-0.242215275180478,0
0,0,-0.231706737611174,0
0,0,-0.221128259170134,0
0,0,-0.210505871661637,0
0,0,-0.199863254618489,0
0,0,-0.189225028482087,0
0,0,-0.178614088694748,0
0,0,-0.168052703426397,0
0,0,-0.157562356756468,0
0,0,-0.147163905492005,0
0,0,-0.13687648144097,0
0,0,-0.126719686865622,0
0,0,-0.116710928574845,0
0,0,-0.106867456559427,0
0,0,-0.0972051094472711,0
0,0,-0.0877386281395967,0
0,0,-0.0784824399014241,0
0,0,-0.0694483060901093,0
0,0,-0.0606490857896926,0
0,0,-0.0520949721765492,0
0,0,-0.0437964720632479,0
0,0,-0.0357611127184967,0
0,0,-0.0279973623195907,0
0,0,-0.0205116504085506,0
0,0,-0.0133097792550044,0
0,0,-0.0063959829475998,0
0,0,0.000226288515505102,0
0,0,0.00655327149995721,0
0,0,0.0125838682790702,0
0,0,0.0183171379442557,0
0,0,0.0237526100412195,0
0,0,0.0288904413880597,0
0,0,0.0337340819829335,0
0,0,0.0382836886439391,0
0,0,0.0425439659140183,0
0,0,0.0465175797008379,0
0,0,0.0502092345473404,0
0,0,0.0536234781783695,0
0,0,0.0567661128635533,0
0,0,0.0596437249630104,0
0,0,0.0622618031101732,0
0,0,0.0646270904832584,0
0,0,0.0667468007147769,0
0,0,0.0686273633467491,0
0,0,0.0702769329202744,0
0,0,0.0717022526135696,0
0,0,0.0729113201496356,0
0,0,0.0739110355247876,0
0,0,0.0747100237344192,0
0,0,0.0753154984110407,0
0,0,0.0757357709138498,0
0,0,0.075977898057259,0
0,0,0.0760503480185641,0
0,0,0.0759620594293546,0
0,0,0.075719461831651,0
0,0,0.0753314938570429,0
0,0,0.0748072509552182,0
0,0,0.0741541035767854,0
0,0,0.0733822448981192,0
0,0,0.0724995158241222,0
0,0,0.0715151686225801,0
0,0,0.0704389260155736,0
0,0,0.0692803539070836,0
0,0,0.0680488613829946,0
0,0,0.0667541711653856,0
0,0,0.0654069468849261,0
0,0,0.0640172248998911,0
0,0,0.062594571114263,0
0,0,0.0611499627949061,0
0,0,0.0596934363000965,0
0,0,0.0582361257147965,0
0,0,0.0567879105791842,0
0,0,0.0553596113420256,0
0,0,0.0539612643615974,0
0,0,0.0526036900866653,0
0,0,0.0512964544212118,0
0,0,0.0500494369054143,0
0,0,0.048872360261353,0
0,0,0.0477744767568136,0
0,0,0.0467642545690912,0
0,0,0.0458500050573838,0
0,0,0.0450384713999072,0
0,0,0.0443374945015653,0
0,0,0.0437524061776919,0
0,0,0.0432888518798178,0
0,0,0.0429505952422957,0
0,0,0.0427415567175775,0
0,0,0.0426640885771343,0
0,0,0.0427197590019468,0
0,0,0.0429088816282108,0
0,0,0.0432308291835344,0
0,0,0.0436840334869368,0
0,0,0.0442655149945546,0
0,0,0.0449718237082304,0
0,0,0.0457982550850229,0
0,0,0.0467382227648128,0
0,0,0.0477851403874818,0
0,0,0.0489310102300284,0
0,0,0.0501667368427654,0
0,0,0.0514822838674167,0
0,0,0.0528668308552152,0
0,0,0.054308302812611,0
0,0,0.0557935270193661,0
0,0,0.0573091739371456,0
0,0,0.0588400322104372,0
0,0,0.0603716745742191,0
0,0,0.0618877919462928,0
0,0,0.0633711343358712,0
0,0,0.0648049222064622,0
0,0,0.0661706510224933,0
0,0,0.067451227611276,0
0,0,0.0686268928924549,0
0,0,0.0696786718761637,0
0,0,0.0705882168449297,0
0,0,0.0713356119002981,0
0,0,0.0719010979619135,0
0,0,0.0722657000399103,0
0,0,0.0724101295082262,0
0,0,0.0723154113769959,0
0,0,0.0719631979287465,0
0,0,0.0713349846279059,0
0,0,0.0704144623922756,0
0,0,0.069184224412971,0
0,0,0.0676281184258911,0
0,0,0.0657315603479165,0
0,0,0.0634812206407116,0
0,0,0.0608631424935486,0
0,0,0.0578661918214658,0
0,0,0.0544811163566763,0
0,0,0.0506981933771011,0
0,0,0.0465103660683273,0
0,0,0.0419124594331182,0
0,0,0.0369003962009247,0
0,0,0.0314711968278834,0
0,0,0.0256251749501906,0
0,0,0.0193626442040422,0
0,0,0.0126868977694978,0
0,0,0.00560279700759714,0
0,0,-0.00188307172154123,0
0,0,-0.00976271069491619,0
0,0,-0.0180248290094663,0
0,0,-0.0266589198526221,0
0,0,-0.0356510264136564,0
0,0,-0.044985153246566,0
0,0,-0.0546454617234469,0
0,0,-0.0646120359458443,0
0,0,-0.0748654304695997,0
0,0,-0.0853843180333759,0
0,0,-0.0961440781957766,0
0,0,-0.107121031423994,0
0,0,-0.118288518641359,0
0,0,-0.129618626226416,0
0,0,-0.141083440557708,0
0,0,-0.152652852560409,0
0,0,-0.164295655433002,0
0,0,-0.175980485555877,0
0,0,-0.187675038400832,0
0,0,-0.199346068531077,0
0,0,-0.210960173691725,0
0,0,-0.222483794809791,0
0,0,-0.233882431903701,0
0,0,-0.245122682718567,0
0,0,-0.256169890454717,0
0,0,-0.266990025584873,0
0,0,-0.277550940398929,0
0,0,-0.287817978097217,0
0,0,-0.297760559150611,0
0,0,-0.307345438122323,0
0,0,-0.316542505937525,0
0,0,-0.325321496703292,0
0,0,-0.333653712707676,0
0,0,-0.341512181237813,0
0,0,-0.348869615944637,0
0,0,-0.355701866841049,0
0,0,-0.361984783939945,0
0,0,-0.367696883161892,0
0,0,-0.372817934972239,0
0,0,-0.377327553018239,0
0,0,-0.381210212308182,0
0,0,-0.384450231032263,0
0,0,-0.387034122834048,0
0,0,-0.388949342265692,0
0,0,-0.390187264331802,0
0,0,-0.390738323128396,0
0,0,-0.390596559567747,0
0,0,-0.389757269106913,0
0,0,-0.388215904021051,0
0,0,-0.385972307492063,0
0,0,-0.383026479519949,0
0,0,-0.379380929194276,0
0,0,-0.375038165604616,0
0,0,-0.370004775111086,0
0,0,-0.364287344073805,0
0,0,-0.357895124760559,0
0,0,-0.350838310347721,0
0,0,-0.343130387191725,0
0,0,-0.334784057558515,0
0,0,-0.325815944166485,0
0,0,-0.316243297006421,0
0,0,-0.306084463795798,0
0,0,-0.295361242250246,0
0,0,-0.284095116449199,0
0,0,-0.272309609107368,0
0,0,-0.260031065665226,0
0,0,-0.247283636109876,0
0,0,-0.234097586334244,0
0,0,-0.220500829959784,0
0,0,-0.206523162425129,0
0,0,-0.192196260986088,0
0,0,-0.177553214261351,0
0,0,-0.162625385870533,0
0,0,-0.147448059885695,0
0,0,-0.132055422652217,0
0,0,-0.116482444605967,0
0,0,-0.100765350727597,0
0,0,-0.0849402091796611,0
0,0,-0.0690429313066163,0
0,0,-0.0531109966338996,0
0,0,-0.0371803165059671,0
0,0,-0.0212875863577664,0
0,0,-0.00546934480614536,0
0,0,0.0102383399863413,0
0,0,0.0257993998571386,0
0,0,0.0411791780065753,0
0,0,0.056342390362587,0
0,0,0.0712546937616978,0
0,0,0.0858836268576082,0
0,0,0.100195473759236,0
0,0,0.114158870846967,0
0,0,0.127742454501189,0
0,0,0.140917527009957,0
0,0,0.153654606570835,0
0,0,0.16592562274427,0
0,0,0.177704230089786,0
0,0,0.188965024075499,0
0,0,0.199682913805717,0
0,0,0.209836415201005,0
0,0,0.219403887363833,0
0,0,0.228364316669058,0
0,0,0.236701550852581,0
0,0,0.244398339923614,0
0,0,0.251438688436155,0
0,0,0.257810678214751,0
0,0,0.26350239108395,0
0,0,0.26850504523026,0
0,0,0.272808604295405,0
0,0,0.276408991008834,0
0,0,0.279299619010431,0
0,0,0.281478449664919,0
0,0,0.28294297388273,0
0,0,0.283693034845766,0
0,0,0.283731925734085,0
0,0,0.283060744274375,0
0,0,0.28168560637246,0
0,0,0.279612000661772,0
0,0,0.276847924865313,0
0,0,0.273401847160377,0
0,0,0.269285372086222,0
0,0,0.264509947364005,0
0,0,0.259090157076848,0
0,0,0.253040114853575,0
0,0,0.246377697957366,0
0,0,0.239119999560909,0
0,0,0.231287406016954,0
0,0,0.222900774132541,0
0,0,0.213982215259499,0
0,0,0.204556193021124,0
0,0,0.194647798313108,0
0,0,0.184283376575924,0
0,0,0.173490214158636,0
0,0,0.162297792863679,0
0,0,0.150735908129685,0
0,0,0.138835609940072,0
0,0,0.126628418732549,0
0,0,0.114147423125808,0
0,0,0.10142492764805,0
0,0,0.0884957459170448,0
0,0,0.0753942210962681,0
0,0,0.0621546963491961,0
0,0,0.0488127693840892,0
0,0,0.0354037242730108,0
0,0,0.0219628450880258,0
0,0,0.00852478862880579,0
0,0,-0.00487469057829015,0
0,0,-0.0182014061878852,0
0,0,-0.0314203877641112,0
0,0,-0.0444976057796876,0
0,0,-0.0574007557064147,0
0,0,-0.0700964352894039,0
0,0,-0.0825526536366509,0
0,0,-0.0947383607647395,0
0,0,-0.10662266350835,0
0,0,-0.118177177791735,0
0,0,-0.129373049084849,0
0,0,-0.140183147856728,0
0,0,-0.150580344576407,0
0,0,-0.160541743801569,0
0,0,-0.170042881908916,0
0,0,-0.179061961182816,0
0,0,-0.187578438452425,0
0,0,-0.195573181909778,0
0,0,-0.203031450653657,0
0,0,-0.209934740148491,0
0,0,-0.216270504946435,0
0,0,-0.222027454144428,0
0,0,-0.227193199112723,0
0,0,-0.231760683036908,0
0,0,-0.235722065012079,0
0,0,-0.239074051858177,0
0,0,-0.241811782214162,0
0,0,-0.243935726534328,0
0,0,-0.245445884818675,0
0,0,-0.246344766156773,0
0,0,-0.24663723190966,0
0,0,-0.24632798662028,0
0,0,-0.245425968920221,0
0,0,-0.243940901531564,0
0,0,-0.241883291266878,0
0,0,-0.239267251754991,0
0,0,-0.236106896624726,0
0,0,-0.232419319048773,0
0,0,-0.228222553108409,0
0,0,-0.223535416975402,0
0,0,-0.218380649273971,0
0,0,-0.212778636356865,0
0,0,-0.206754469119772,0
0,0,-0.200332297549796,0
0,0,-0.193537839815017,0
0,0,-0.1863983822645,0
0,0,-0.178941681701602,0
0,0,-0.171195338111581,0
0,0,-0.163190087841658,0
0,0,-0.15495447178568,0
0,0,-0.146518755836574,0
0,0,-0.137913833159658,0
0,0,-0.129169342375465,0
0,0,-0.120316176649315,0
0,0,-0.111385072328428,0
0,0,-0.10240535439714,0
0,0,-0.0934076023845761,0
0,0,-0.0844209844569743,0
0,0,-0.0754746687805748,0
0,0,-0.0665965689768327,0
0,0,-0.0578144418491052,0
0,0,-0.0491541623835726,0
0,0,-0.0406427032931017,0
0,0,-0.0323042145647944,0
0,0,-0.0241622189133603,0
0,0,-0.0162400822354106,0
0,0,-0.00855913179228185,0
0,0,-0.00113944030052615,0
0,0,0.00600048770428496,0
0,0,0.0128410499598937,0
0,0,0.019366564656494,0
0,0,0.0255613499842791,0
0,0,0.0314111354963253,0
0,0,0.0369021212000034,0
0,0,0.0420231730103506,0
0,0,0.0467640977509933,0
0,0,0.0511137613369681,0
0,0,0.0550651069538632,0
0,0,0.0586106073329711,0
0,0,0.0617439897503691,0
0,0,0.0644607064812135,0
0,0,0.0667565234368568,0
0,0,0.0686294019820237,0
0,0,0.0700784012081264,0
0,0,0.0711022665703802,0
0,0,0.0717030367040599,0
0,0,0.0718822797901459,0
0,0,0.0716434458267958,0
0,0,0.0709899848121671,0
0,0,0.0699267581072995,0
0,0,0.06846050889041,0
0,0,0.0665965689768324,0
0,0,0.0643435633619605,0
0,0,0.0617093329506972,0
0,0,0.0587034436470244,0
0,0,0.0553348340825317,0
0,0,0.0516144815240838,0
0,0,0.0475533632385445,0
0,0,0.0431632405832691,0
0,0,0.0384566590061026,0
0,0,0.0334461639548895,0
0,0,0.0281452417860641,0
0,0,0.0225680061284512,0
0,0,0.0167285706108768,0
0,0,0.0106418329526572,0
0,0,0.00432284769120606,0
0,0,-0.00221286018176814,0
0,0,-0.00894945203836084,0
0,0,-0.0158698347058837,0
0,0,-0.0229576991021383,0
0,0,-0.0301954816001405,0
0,0,-0.0375667162995951,0
0,0,-0.0450524282106352,0
0,0,-0.0526345832519841,0
0,0,-0.060295617796659,0
0,0,-0.0680164000366955,0
0,0,-0.0757779549822285,0
0,0,-0.0835616212795889,0
0,0,-0.0913485807570081,0
0,0,-0.0991193879703269,0
0,0,-0.106854754293484,0
0,0,-0.114536488827103,0
0,0,-0.122145459763221,0
0,0,-0.129663162566266,0
0,0,-0.137070308610176,0
0,0,-0.144349020631773,0
0,0,-0.151482205458368,0
0,0,-0.158450731281996,0
0,0,-0.165238916292851,0
0,0,-0.171829510500148,0
0,0,-0.178205263913098,0
0,0,-0.184351592448582,0
0,0,-0.190253284751087,0
0,0,-0.1958952862832,0
0,0,-0.201264581142781,0
0,0,-0.206347055701004,0
0,0,-0.21113063496432,0
0,0,-0.215603400757275,0
0,0,-0.219754846267298,0
0,0,-0.22357289650084,0
0,0,-0.227049710552996,0
0,0,-0.230176036155981,0
0,0,-0.232943875586794,0
0,0,-0.235346642485316,0
0,0,-0.237378220945723,0
0,0,-0.239034063243171,0
0,0,-0.240309464834718,0
0,0,-0.241203171175579,0
0,0,-0.2417115754495,0
0,0,-0.241835775383165,0
0,0,-0.241574359613694,0
0,0,-0.240929523594459,0
0,0,-0.239902835506441,0
0,0,-0.238497431711599,0
0,0,-0.236718016752878,0
0,0,-0.234568981537021,0
0,0,-0.232055814697463,0
0,0,-0.22918588668481,0
0,0,-0.22596609749538,0
0,0,-0.222404288034074,0
0,0,-0.218509240114383,0
0,0,-0.214290676458389,0
0,0,-0.209758947060563,0
0,0,-0.204924715551572,0
0,0,-0.199798959198283,0
0,0,-0.19439500753903,0
0,0,-0.18872368102258,0
0,0,-0.18280050464064,0
0,0,-0.17663771020486,0
0,0,-0.170250822706947,0
0,0,-0.163655210320513,0
0,0,-0.156866084401069,0
0,0,-0.149900224485108,0
0,0,-0.142773626018632,0
0,0,-0.135503852628624,0
0,0,-0.128107213397284,0
0,0,-0.12060236967828,0
0,0,-0.113006257826204,0
0,0,-0.105336598286135,0
0,0,-0.0976115819574506,0
0,0,-0.0898490861033293,0
0,0,-0.0820660470783612,0
0,0,-0.0742811262362167,0
0,0,-0.0665112599314862,0
0,0,-0.0587746390635452,0
0,0,-0.0510869454421994,0
0,0,-0.0434671540573157,0
0,0,-0.0359306330825028,0
0,0,-0.0284941620542543,0
0,0,-0.0211732659642785,0
0,0,-0.0139839402585774,0
0,0,-0.00694029856597689,0
0,0,-5.59840610083739e-05,0
0,0,0.00665473280940421,0
0,0,0.013179933869808,0
0,0,0.0195075441266523,0
0,0,0.0256267431311712,0
0,0,0.0315279649793823,0
0,0,0.0372021142215979,0
0,0,0.0426415067710135,0
0,0,0.0478386153589212,0
0,0,0.0527881081699877,0
0,0,0.0574849670250746,0
0,0,0.0619251146536319,0
0,0,0.0661068260565814,0
0,0,0.0700275921443543,0
0,0,0.0736878833712442,0
0,0,0.0770875429191531,0
0,0,0.0802275116966698,0
0,0,0.0831106124295591,0
0,0,0.0857390405711942,0
0,0,0.0881181279369088,0
0,0,0.0902519517972529,0
0,0,0.0921460007856587,0
0,0,0.0938071748984406,0
0,0,0.0952417468595215,0
0,0,0.0964581848461967,0
0,0,0.0974644865814673,0
0,0,0.0982705316055115,0
0,0,0.0988851017318206,0
0,0,0.0993194878634551,0
0,0,0.0995837263586914,0
0,0,0.0996895785748841,0
0,0,0.0996478649607995,0
0,0,0.0994709741461841,0
0,0,0.0991709811245896,0
0,0,0.098759019980978,0
0,0,0.0982476361631943,0
0,0,0.0976485910285934,0
0,0,0.0969736459345301,0
0,0,0.0962333076935742,0
0,0,0.0954401217535714,0
0,0,0.0946039676546988,0
0,0,0.0937353522095279,0
0,0,0.0928438413220394,0
0,0,0.0919393145324117,0
0,0,0.0910296127455479,0
0,0,0.0901228905025468,0
0,0,0.089226988708313,0
0,0,0.0883478664505715,0
0,0,0.0874905419084604,0
0,0,0.0866600332611185,0
0,0,0.0858593200524085,0
0,0,0.0850909113718994,0
0,0,0.0843560617643759,0
0,0,0.0836550848660342,0
0,0,0.0829862556777952,0
0,0,0.0823484764729729,0
0,0,0.0817381404353115,0
0,0,0.0811511702942613,0
0,0,0.0805827046887828,0
0,0,0.0800267845311491,0
0,0,0.0794776075517325,0
0,0,0.0789270192094327,0
0,0,0.0783674922355437,0
0,0,0.077790401634672,0
0,0,0.0771877496838156,0
0,0,0.0765504409332871,0
0,0,0.0758695367514974,0
0,0,0.0751360985068565,0
0,0,0.0743407171134807,0
0,0,0.0734750812121725,0
0,0,0.0725302521713427,0
0,0,0.0714976049955971,0
0,0,0.0703697692343277,0
0,0,0.0691389039826307,0
0,0,0.0677974819717992,0
0,0,0.0663400145684012,0
0,0,0.0647602290485139,0
0,0,0.0630535776872936,0
0,0,0.0612141013970138,0
0,0,0.0592400751785962,0
0,0,0.0571261672167063,0
0,0,0.0548720638751476,0
0,0,0.0524743151557634,0
0,0,0.049932293786161,0
0,0,0.0472450588577527,0
0,0,0.0444121399162434,0
0,0,0.0414329096892414,0
0,0,0.0383090931758252,0
0,0,0.0350394358312105,0
0,0,0.0316255058363775,0
0,0,0.028068400918013,0
0,0,0.0243673369856268,0
0,0,0.0205237254021011,0
0,0,0.0165378798036324,0
0,0,0.012409329735926,0
0,0,0.00813823201708086,0
0,0,0.00372490028329198,0
0,0,-0.000831920010224807,0
0,0,-0.00553238568156689,0
0,0,-0.0103769671850289,0
0,0,-0.0153664486111014,0
0,0,-0.0205008299597842,0
0,0,-0.0257819930482536,0
0,0,-0.0312091537860203,0
0,0,-0.0367830962635735,0
0,0,-0.0425041341171105,0
0,0,-0.0483710128018457,0
0,0,-0.0543843595901714,0
0,0,-0.0605426063011082,0
0,0,-0.0668454392984589,0
0,0,-0.0732905063107525,0
0,0,-0.0798757687027143,0
0,0,-0.0865980901123837,0
0,0,-0.0934548046320932,0
0,0,-0.100441050900803,0
0,0,-0.107551497103178,0
0,0,-0.114781125060081,0
0,0,-0.122122407502805,0
0,0,-0.129568444435036,0
0,0,-0.137109513134692,0
0,0,-0.144736988606381,0
0,0,-0.152439266310846,0
0,0,-0.160205368981224,0
0,0,-0.168023378442059,0
0,0,-0.175878553792136,0
0,0,-0.183757565493119,0
0,0,-0.191645045371396,0
0,0,-0.199524997980967,0
0,0,-0.207380957421534,0
0,0,-0.21519488961182,0
0,0,-0.222949544561039,0
0,0,-0.230626731369814,0
0,0,-0.238208102320672,0
0,0,-0.245675152878043,0
0,0,-0.253009221688257,0
0,0,-0.260191961033839,0
0,0,-0.267203925470631,0
0,0,-0.274026767281159,0
0,0,-0.280642138747949,0
0,0,-0.28703231942592,0
0,0,-0.2931789615976,0
0,0,-0.299064501636005,0
0,0,-0.30467231682274,0
0,0,-0.309986254893705,0
0,0,-0.314989849948603,0
0,0,-0.31966726335953,0
0,0,-0.324004538315758,0
0,0,-0.327987090734168,0
0,0,-0.331601277440227,0
0,0,-0.334834866622287,0
0,0,-0.337675469650602,0
0,0,-0.340112736530698,0
0,0,-0.342135533177613,0
0,0,-0.343736018686445,0
0,0,-0.344903999880819,0
0,0,-0.345632419946322,0
0,0,-0.345916887976208,0
0,0,-0.34574909261128,0
0,0,-0.34512652476197,0
0,0,-0.344045891248217,0
0,0,-0.342503742071865,0
0,0,-0.340500234051011,0
0,0,-0.338035367185656,0
0,0,-0.335109455111995,0
0,0,-0.331726575100579,0
0,0,-0.327889079422878,0
0,0,-0.323602299894226,0
0,0,-0.318871881966154,0
0,0,-0.313704882453074,0
0,0,-0.30810914225989,0
0,0,-0.302092972745799,0
0,0,-0.295666567087174,0
0,0,-0.288839804824195,0
0,0,-0.281624447314216,0
0,0,-0.274031315006002,0
0,0,-0.266073266983596,0
0,0,-0.257762535058646,0
0,0,-0.249111821497095,0
0,0,-0.240135396745867,0
0,0,-0.230846590343298,0
0,0,-0.221259515918213,0
0,0,-0.211388443917536,0
0,0,-0.20124842887868,0
0,0,-0.190853898066668,0
0,0,-0.180219749200816,0
0,0,-0.169361193636635,0
0,0,-0.158293756365835,0
0,0,-0.147030923744848,0
0,0,-0.135588848037775,0
0,0,-0.123982270145833,0
0,0,-0.112226244606438,0
0,0,-0.100333944139825,0
0,0,-0.0883210505558026,0
0,0,-0.0762019911193913,0
0,0,-0.0639904090051223,0
0,0,-0.0517007314780186,0
0,0,-0.0393467585307085,0
0,0,-0.0269424469739202,0
0,0,-0.0145023808907737,0
0,0,-0.00203973300150628,0
0,0,0.0104309126107622,0
0,0,0.0228948150448147,0
0,0,0.0353377038537264,0
0,0,0.0477437404095931,0
0,0,0.0600983406292954,0
0,0,0.072385038612536,0
0,0,0.0845878389133132,0
0,0,0.0966916869942125,0
0,0,0.108677137411074,0
0,0,0.120529135626484,0
0,0,0.132228706650577,0
0,0,0.14375828685637,0
0,0,0.15509937170829,0
0,0,0.166233613488866,0
0,0,0.177141723572034,0
0,0,0.18780472696793,0
0,0,0.198202864596197,0
0,0,0.208316847830774,0
0,0,0.218126603955109,0
0,0,0.227614098887924,0
0,0,0.236758319004079,0
0,0,0.245541230222297,0
0,0,0.253942916644124,0
0,0,0.261945187370184,0
0,0,0.269529694683004,0
0,0,0.276678874955601,0
0,0,0.283376262287678,0
0,0,0.289604293052253,0
0,0,0.295348226348106,0
0,0,0.300592380365433,0
0,0,0.305323111929702,0
0,0,0.309526621048282,0
0,0,0.313190832727623,0
0,0,0.316304612882764,0
0,0,0.318856984246838,0
0,0,0.320839949096845,0
0,0,0.322244568801196,0
0,0,0.323063943363576,0
0,0,0.323292270514355,0
0,0,0.322925002528692,0
0,0,0.321959159862721,0
0,0,0.320392076608777,0
0,0,0.318222811858271,0
0,0,0.315451836065497,0
0,0,0.312081031047631,0
0,0,0.308112278621851,0
0,0,0.303550440149197,0
0,0,0.298400690626904,0
0,0,0.292669459596993,0
0,0,0.286364274328172,0
0,0,0.279494073452029,0
0,0,0.272068422872547,0
0,0,0.26409908394708,0
0,0,0.255597190760591,0
0,0,0.246576700123808,0
0,0,0.237051098393163,0
0,0,0.227035910560366,0
0,0,0.216547916161909,0
0,0,0.205603424279989,0
0,0,0.19422015535969,0
0,0,0.182417711663267,0
0,0,0.170216009089177,0
0,0,0.157635590808264,0
0,0,0.144697940899963,0
0,0,0.131425797988494,0
0,0,0.117842998424762,0
0,0,0.103973692195869,0
0,0,0.0898439111060929,0
0,0,0.0754795301416145,0
0,0,0.0609078356514967,0
0,0,0.0461570548933912,0
0,0,0.0312552583068506,0
0,0,0.0162323981486054,0
0,0,0.00111889712967983,0
0,0,-0.0140551356750983,0
0,0,-0.0292588071004097,0
0,0,-0.0444596557999564,0
0,0,-0.0596264749722235,0
0,0,-0.0747277441795003,0
0,0,-0.0897303748030955,0
0,0,-0.10460347367769,0
0,0,-0.119313795366496,0
0,0,-0.133831230794684,0
0,0,-0.148122064071171,0
0,0,-0.162156342939226,0
0,0,-0.175902390143042,0
0,0,-0.189329626153495,0
0,0,-0.20240778507766,0
0,0,-0.215106601022611,0
0,0,-0.227398474003088,0
0,0,-0.239253608580459,0
0,0,-0.250645345678054,0
0,0,-0.261546869401104,0
0,0,-0.271933402490115,0
0,0,-0.281780010867494,0
0,0,-0.291064896817612,0
0,0,-0.299765321716249,0
0,0,-0.307862310573539,0
0,0,-0.315337358853911,0
0,0,-0.32217462792946,0
0,0,-0.328357808717989,0
0,0,-0.333875453498337,0
0,0,-0.338715800913152,0
0,0,-0.342869598694646,0
0,0,-0.346330730936996,0
0,0,-0.34909449309726,0
0,0,-0.351157748813475,0
0,0,-0.352520498085643,0
0,0,-0.353183995458548,0
0,0,-0.353152161384641,0
0,0,-0.352429857224963,0
0,0,-0.3510261784292,0
0,0,-0.348949436356551,0
0,0,-0.346212333272959,0
0,0,-0.342826473717679,0
0,0,-0.338808009954813,0
0,0,-0.334172937430363,0
0,0,-0.328938662953214,0
0,0,-0.323125729694213,0
0,0,-0.316754210369911,0
0,0,-0.309846373150233,0
0,0,-0.302424956659398,0
0,0,-0.294514424520705,0
0,0,-0.286139397175549,0
0,0,-0.277325435973915,0
0,0,-0.268098886356277,0
0,0,-0.258487975580286,0
0,0,-0.248518108177829,0
0,0,-0.238218609133243,0
0,0,-0.227618019340376,0
0,0,-0.216743311512095,0
0,0,-0.205624124268934,0
0,0,-0.194288528050445,0
0,0,-0.182764906932379,0
0,0,-0.171081488172387,0
0,0,-0.159267596754806,0
0,0,-0.147350048574406,0
0,0,-0.135356757252641,0
0,0,-0.123315636410967,0
0,0,-0.111253501944153,0
0,0,-0.0991973265650641,0
0,0,-0.0871729852598828,0
0,0,-0.0752069802871812,0
0,0,-0.0633245593607469,0
0,0,-0.0515508133762704,0
0,0,-0.0399102059570494,0
0,0,-0.0284265734539892,0
0,0,-0.0171240658541921,0
0,0,-0.00602479450948468,0
0,0,0.00484834513781585,0
0,0,0.0154741826444704,0
0,0,0.0258310771129473,0
0,0,0.0358991126447921,0
0,0,0.0456582165234523,0
0,0,0.0550891001228671,0
0,0,0.0641738861798562,0
0,0,0.0728948542493391,0
0,0,0.0812339702500384,0
0,0,0.0891760228264424,0
0,0,0.0967047028963517,0
0,0,0.103805112740451,0
0,0,0.110463295548013,0
0,0,0.116666392234995,0
0,0,0.122400289172573,0
0,0,0.127654479548176,0
0,0,0.132417986094939,0
0,0,0.136679517909803,0
0,0,0.140430136361177,0
0,0,0.143662627816551,0
0,0,0.146368053644335,0
0,0,0.148541082029195,0
0,0,0.15017528342911,0
0,0,0.151267678300217,0
0,0,0.151813875735771,0
0,0,0.151811680282398,0
0,0,0.151261091940099,0
0,0,0.15016148343648,0
0,0,0.148514893406818,0
0,0,0.146324301394975,0
0,0,0.143593471035305,0
0,0,0.14032789096124,0
0,0,0.136535402077683,0
0,0,0.132222747562851,0
0,0,0.127400747865509,0
0,0,0.122080066616328,0
0,0,0.116272621990759,0
0,0,0.109992213981431,0
0,0,0.103253583489563,0
0,0,0.096073196415452,0
0,0,0.0884681459317858,0
0,0,0.0804577206646264,0
0,0,0.0720604251495456,0
0,0,0.0632979002840761,0
0,0,0.0541916301476522,0
0,0,0.044764353364493,0
0,0,0.0350394358312105,0
0,0,0.0250408707168075,0
0,0,0.0147942193712691,0
0,0,0.00432410223599078,0
0,0,-0.00634423297523934,0
0,0,-0.0171838135495542,0
0,0,-0.0281687645007738,0
0,0,-0.0392719562979323,0
0,0,-0.0504675139548504,0
0,0,-0.0617286215767593,0
0,0,-0.0730273655422023,0
0,0,-0.0843372435926089,0
0,0,-0.0956311261970121,0
0,0,-0.106882354278743,0
0,0,-0.118063484670639,0
0,0,-0.129148171932226,0
0,0,-0.140109756986834,0
0,0,-0.150921580757792,0
0,0,-0.161557611440821,0
0,0,-0.171991660413545,0
0,0,-0.182198009507881,0
0,0,-0.192151097373846,0
0,0,-0.20182567629765,0
0,0,-0.211196969019801,0
0,0,-0.220239884644607,0
0,0,-0.228930743639262,0
0,0,-0.23724570965286,0
0,0,-0.245160632698298,0
0,0,-0.252652303697065,0
0,0,-0.259698924933529,0
0,0,-0.266279012328255,0
0,0,-0.272369827257024,0
0,0,-0.277951453821383,0
0,0,-0.283003035214288,0
0,0,-0.287506066900169,0
0,0,-0.29144235797965,0
0,0,-0.294792619826669,0
0,0,-0.297542581994303,0
0,0,-0.299675778582255,0
0,0,-0.301177625507405,0
0,0,-0.302036361412398,0
0,0,-0.302240068121782,0
0,0,-0.301778552459182,0
0,0,-0.300644600792088,0
0,0,-0.298831156306087,0
0,0,-0.296334455366825,0
0,0,-0.293151675248537,0
0,0,-0.289281561406439,0
0,0,-0.284726779748197,0
0,0,-0.27948999618148,0
0,0,-0.27357732661211,0
0,0,-0.26699755285358,0
0,0,-0.259760083991773,0
0,0,-0.25187793592883,0
0,0,-0.243365692747869,0
0,0,-0.234240447621579,0
0,0,-0.224521018721728,0
0,0,-0.214228733309654,0
0,0,-0.203386486827672,0
0,0,-0.192020154261963,0
0,0,-0.180156708325395,0
0,0,-0.16782500354801,0
0,0,-0.155055305822734,0
0,0,-0.141880546950163,0
0,0,-0.128333658730887,0
0,0,-0.114448827510286,0
0,0,-0.100262591905207,0
0,0,-0.0858108632601075,0
0,0,-0.0711309642823258,0
0,0,-0.0562594335887119,0
0,0,-0.0412353188856822,0
0,0,-0.0260968837891642,0
0,0,-0.0108819214607918,0
0,0,0.00437004993872314,0
0,0,0.0196209236115521,0
0,0,0.0348324359417673,0
0,0,0.0499667937677351,0
0,0,0.0649852630192345,0
0,0,0.0798503641708281,0
0,0,0.0945257154237655,0
0,0,0.108975091797394,0
0,0,0.123161797856767,0
0,0,0.137051804074604,0
0,0,0.150610610469333,0
0,0,0.163805128422261,0
0,0,0.176603367041383,0
0,0,0.188974119525186,0
0,0,0.200887590435037,0
0,0,0.212317591148559,0
0,0,0.223235580771906,0
0,0,0.233617095681778,0
0,0,0.24343924043586,0
0,0,0.252679276409932,0
0,0,0.261316503615049,0
0,0,0.269332887969935,0
0,0,0.276711649938096,0
0,0,0.28343600998304,0
0,0,0.28949357947502,0
0,0,0.294871969784289,0
0,0,0.299560046825884,0
0,0,0.303549028786314,0
0,0,0.306831702033068,0
0,0,0.309403518841302,0
0,0,0.311258990577584,0
0,0,0.312397176333326,0
0,0,0.312816194291351,0
0,0,0.312517769450737,0
0,0,0.311503940446759,0
0,0,0.309778157277575,0
0,0,0.307347790393794,0
0,0,0.304218014792651,0
0,0,0.300398866832423,0
0,0,0.295899598780896,0
0,0,0.290731971995424,0
0,0,0.284908845560048,0
0,0,0.278443705831203,0
0,0,0.271353018709183,0
0,0,0.263652466003796,0
0,0,0.255359768160124,0
0,0,0.246494370622325,0
0,0,0.237075718834559,0
0,0,0.227124199149575,0
0,0,0.21666270700969,0
0,0,0.205712883312437,0
0,0,0.194298878044918,0
0,0,0.182444998012331,0
0,0,0.170175706837975,0
0,0,0.157517506780422,0
0,0,0.14449580237156,0
0,0,0.131137566324254,0
0,0,0.117471809986647,0
0,0,0.103524878799212,0
0,0,0.0893260977462886,0
0,0,0.074903694085527,0
0,0,0.0602865223469708,0
0,0,0.0455034370606644,0
0,0,0.0305839200290425,0
0,0,0.0155565121459535,0
0,0,0.000451792940519669,0
0,0,-0.0147032648743929,0
0,0,-0.0298791794963476,0
0,0,-0.0450467827591047,0
0,0,-0.0601792587678958,0
0,0,-0.0752475961745795,0
0,0,-0.0902254495386803,0
0,0,-0.105085062056842,0
0,0,-0.119800715560981,0
0,0,-0.134346691883017,0
0,0,-0.148696802400571,0
0,0,-0.16282721076274,0
0,0,-0.17671298289193,0
0,0,-0.190331693800118,0
0,0,-0.203660448044988,0
0,0,-0.216676663820418,0
0,0,-0.229360895682249,0
0,0,-0.241691032278653,0
0,0,-0.253648098619765,0
0,0,-0.265213276533818,0
0,0,-0.276369472848123,0
0,0,-0.287098026209009,0
0,0,-0.297382784352377,0
0,0,-0.307210260921793,0
0,0,-0.31656399001696,0
0,0,-0.325430642099544,0
0,0,-0.333797985357894,0
0,0,-0.341653944798461,0
0,0,-0.348988327244871,0
0,0,-0.355791253156945,0
0,0,-0.362054254357387,0
0,0,-0.367769489941295,0
0,0,-0.372931000820943,0
0,0,-0.377532357454309,0
0,0,-0.381569482570844,0
0,0,-0.385039396626686,0
0,0,-0.387938649623676,0
0,0,-0.390266614289422,0
0,0,-0.392022349715336,0
0,0,-0.39320648317381,0
0,0,-0.393820269209629,0
0,0,-0.393866687366656,0
0,0,-0.39334981491544,0
0,0,-0.392272317763649,0
0,0,-0.390642036816185,0
0,0,-0.388463049343599,0
0,0,-0.385743196250793,0
0,0,-0.382490475260769,0
0,0,-0.378713040914626,0
0,0,-0.374421086388738,0
0,0,-0.369623079860401,0
0,0,-0.364331409959361,0
0,0,-0.358555328953404,0
0,0,-0.352307539108473,0
0,0,-0.345599801781924,0
0,0,-0.338444191967307,0
0,0,-0.330853882384858,0
0,0,-0.322842829845307,0
0,0,-0.314423266160301,0
0,0,-0.305611814048236,0
0,0,-0.296422116683642,0
0,0,-0.286868914967739,0
0,0,-0.276968517982723,0
0,0,-0.266736607538403,0
0,0,-0.256190433625564,0
0,0,-0.245345834872111,0
0,0,-0.234219590814537,0
0,0,-0.222829892352217,0
0,0,-0.211193989475937,0
0,0,-0.199329916266976,0
0,0,-0.187255393170415,0
0,0,-0.174988611085628,0
0,0,-0.16254791773009,0
0,0,-0.14995260172986,0
0,0,-0.137220383530022,0
0,0,-0.124370551756637,0
0,0,-0.111422238217668,0
0,0,-0.0983945747210793,0
0,0,-0.0853068498929328,0
0,0,-0.0721785091773874,0
0,0,-0.0590288412005054,0
0,0,-0.0458768209521527,0
0,0,-0.0327426779669787,0
0,0,-0.0196452304167518,0
0,0,-0.00660345329133771,0
0,0,0.00636336478320265,0
0,0,0.0192356215446112,0
0,0,0.0319948124573159,0
0,0,0.0446225898038439,0
0,0,0.0570998217762315,0
0,0,0.0694073765665149,0
0,0,0.0815272200934165,0
0,0,0.093441945548052,0
0,0,0.105131166577672,0
0,0,0.116577005919099,0
0,0,0.127762527217741,0
0,0,0.138668128211341,0
0,0,0.149275618000522,0
0,0,0.159568060230695,0
0,0,0.169527420820582,0
0,0,0.179135665688906,0
0,0,0.188374760754389,0
0,0,0.197228867389127,0
0,0,0.205680108329942,0
0,0,0.213711233586046,0
0,0,0.221306874983828,0
0,0,0.228451193895385,0
0,0,0.235127567602322,0
0,0,0.241322196112009,0
0,0,0.247020495341326,0
0,0,0.252207567570958,0
0,0,0.256871494625452,0
0,0,0.260997692421687,0
0,0,0.2645751836928,0
0,0,0.267592991171925,0
0,0,0.270038726229317,0
0,0,0.271903450233384,0
0,0,0.273177910916343,0
0,0,0.273852699192308,0
0,0,0.273920444610672,0
0,0,0.273374560811314,0
0,0,0.272209402342706,0
0,0,0.270419480571414,0
0,0,0.268002129589772,0
0,0,0.264954213035818,0
0,0,0.261274946819063,0
0,0,0.256962919576623,0
0,0,0.252020954034263,0
0,0,0.24645187291775,0
0,0,0.240259283043337,0
0,0,0.233449927589243,0
0,0,0.226030079279389,0
0,0,0.218009774472052,0
0,0,0.209399363161704,0
0,0,0.200210293069502,0
0,0,0.190457618732863,0
0,0,0.180155610598708,0
0,0,0.169323243656904,0
0,0,0.157977454262042,0
0,0,0.146140667402143,0
0,0,0.133834053520449,0
0,0,0.12108160578596,0
0,0,0.107909042366761,0
0,0,0.0943431791576201,0
0,0,0.0804127138704824,0
0,0,0.0661471283077839,0
0,0,0.0515784133615291,0
0,0,0.0367385599237238,0
0,0,0.0216615975216465,0
0,0,0.00638281022736242,0
0,0,-0.00906283152326059,0
0,0,-0.0246362800238048,0
0,0,-0.0403014671117167,0
0,0,-0.0560201291710674,0
0,0,-0.071751963950656,0
0,0,-0.0874580805621614,0
0,0,-0.103098019936285,0
0,0,-0.11863179345802,0
0,0,-0.134019412512359,0
0,0,-0.149220261211906,0
0,0,-0.164193566851163,0
0,0,-0.178900752178007,0
0,0,-0.19330120130504,0
0,0,-0.207355866525844,0
0,0,-0.221028052405472,0
0,0,-0.234279181691801,0
0,0,-0.247073343040374,0
0,0,-0.259376036469617,0
0,0,-0.271152448361761,0
0,0,-0.282369176461917,0
0,0,-0.292995013968573,0
0,0,-0.303001890442172,0
0,0,-0.312358285445007,0
0,0,-0.321039892171876,0
0,0,-0.329021149272795,0
0,0,-0.336278690851154,0
0,0,-0.342790248737027,0
0,0,-0.348536691122449,0
0,0,-0.353500611198537,0
0,0,-0.357666013519289,0
0,0,-0.361019254910171,0
0,0,-0.363549201286222,0
0,0,-0.365245345834872,0
0,0,-0.366100004469316,0
0,0,-0.366108315828513,0
0,0,-0.365267770822896,0
0,0,-0.363576330817187,0
0,0,-0.361036661719056,0
0,0,-0.357651429436168,0
0,0,-0.353427690782938,0
0,0,-0.348372816209973,0
0,0,-0.342498880710825,0
0,0,-0.335819527460025,0
0,0,-0.328348556450203,0
0,0,-0.320106354034107,0
0,0,-0.311111581565406,0
0,0,-0.301387604940711,0
0,0,-0.290959201419518,0
0,0,-0.279853970987084,0
0,0,-0.268100611355355,0
0,0,-0.255730172507749,0
0,0,-0.242776056699152,0
0,0,-0.229273548001628,0
0,0,-0.215259812304418,0
0,0,-0.200772799587255,0
0,0,-0.185854066646124,0
0,0,-0.170545170277011,0
0,0,-0.154888921820689,0
0,0,-0.13893126897989,0
0,0,-0.12271706173066,0
0,0,-0.106294286411006,0
0,0,-0.0897099884503469,0
0,0,-0.0730129382771808,0
0,0,-0.0562515926838084,0
0,0,-0.0394759766435127,0
0,0,-0.0227343901304965,0
0,0,-0.00607591720945333,0
0,0,0.0104512989635108,0
0,0,0.0267991152322906,0
0,0,0.042918761168389,0
0,0,0.0587647595233671,0
0,0,0.0742927307754733,0
0,0,0.0894562567676809,0
0,0,0.104213780704003,0
0,0,0.118523902606552,0
0,0,0.132346477042222,0
0,0,0.14564308357699,0
0,0,0.158378908593083,0
0,0,0.170521490744204,0
0,0,0.182037741411661,0
0,0,0.192901315154979,0
0,0,0.203085709715587,0
0,0,0.212565991015891,0
0,0,0.221321772703144,0
0,0,0.229335647968461,0
0,0,0.236591778183937,0
0,0,0.243075108812158,0
0,0,0.248777014857731,0
0,0,0.253688557689066,0
0,0,0.257804091854633,0
0,0,0.261118755993392,0
0,0,0.263632863741539,0
0,0,0.265348453734349,0
0,0,0.26626646688041,0
0,0,0.266396312265606,0
0,0,0.265743008069075,0
0,0,0.264317845193878,0
0,0,0.262132428179271,0
0,0,0.259200557017884,0
0,0,0.25553901124621,0
0,0,0.251164099946446,0
0,0,0.246095739017049,0
0,0,0.240353844356469,0
0,0,0.233961625043223,0
0,0,0.226941192429136,0
0,0,0.219318891954683,0
0,0,0.211119344061259,0
0,0,0.202370776006517,0
0,0,0.193099846867127,0
0,0,0.183337292990309,0
0,0,0.173111341633715,0
0,0,0.162453199598859,0
0,0,0.151392819142472,0
0,0,0.139963288883243,0
0,0,0.128194561077905,0
0,0,0.116120037981343,0
0,0,0.103771710485564,0
0,0,0.0911815694825708,0
0,0,0.07838317404535,0
0,0,0.0654089855202007,0
0,0,0.0522913084353238,0
0,0,0.0390632314094104,0
0,0,0.0257573726068576,0
0,0,0.0124041547386899,0
0,0,-0.000963176758303153,0
0,0,-0.0143148264454902,0
0,0,-0.0276199011575526,0
0,0,-0.0408486054558584,0
0,0,-0.0539727120827561,0
0,0,-0.0669632096901038,0
0,0,-0.0797940664736236,0
0,0,-0.0924375256299581,0
0,0,-0.104869593990103,0
0,0,-0.117065807930762,0
0,0,-0.129003115191518,0
0,0,-0.14066144305582,0
0,0,-0.152018993808037,0
0,0,-0.163056635640206,0
0,0,-0.173757902652029,0
0,0,-0.184104917580328,0
0,0,-0.194082155433394,0
0,0,-0.2036756594005,0
0,0,-0.212874765850978,0
0,0,-0.221664263429314,0
0,0,-0.230035997594411,0
0,0,-0.237979618351795,0
0,0,-0.245487284796564,0
0,0,-0.252551312841913,0
0,0,-0.25916605703631,0
0,0,-0.265326969654914,0
0,0,-0.271027934791899,0
0,0,-0.276267384266284,0
0,0,-0.28104202489801,0
0,0,-0.285349818051802,0
0,0,-0.289189352364778,0
0,0,-0.29256125510933,0
0,0,-0.295465055831163,0
0,0,-0.297900597712181,0
0,0,-0.299869292115265,0
0,0,-0.301373491311885,0
0,0,-0.302414136210632,0
0,0,-0.302993735901073,0
0,0,-0.303115269927072,0
0,0,-0.30278265874108,0
0,0,-0.301996843251686,0
0,0,-0.300764880273303,0
0,0,-0.299089278895499,0
0,0,-0.296974900479315,0
0,0,-0.294427704112476,0
0,0,-0.291452707974122,0
0,0,-0.288056655242468,0
0,0,-0.284245818641438,0
0,0,-0.280027411803542,0
0,0,-0.275409589269878,0
0,0,-0.270400662399646,0
0,0,-0.265009569824434,0
0,0,-0.259246975174911,0
0,0,-0.253122601173156,0
0,0,-0.246648052358427,0
0,0,-0.239835246906175,0
0,0,-0.232697200718541,0
0,0,-0.225247556970055,0
0,0,-0.217499802017151,0
0,0,-0.209469931305832,0
0,0,-0.201173313009708,0
0,0,-0.192625472120487,0
0,0,-0.18384491317374,0
0,0,-0.174848102069764,0
0,0,-0.165653856980327,0
0,0,-0.156280682440999,0
0,0,-0.14674818071404,0
0,0,-0.137075013153118,0
0,0,-0.127282036565276,0
0,0,-0.117388539576576,0
0,0,-0.107414751721667,0
0,0,-0.0973815298075923,0
0,0,-0.0873081624604134,0
0,0,-0.0772156633052711,0
0,0,-0.0671239482406188,0
0,0,-0.057052933164911,0
0,0,-0.0470212794318168,0
0,0,-0.0370504711207712,0
0,0,-0.0271583854949533,0
0,0,-0.017364781634719,0
0,0,-0.00768863452993374,0
0,0,0.00185139446573213,0
0,0,0.0112375849071988,0
0,0,0.0204520595312863,0
0,0,0.0294769410748155,0
0,0,0.038296077273686,0
0,0,0.0468926885914049,0
0,0,0.0552504659457738,0
0,0,0.0633548252536729,0
0,0,0.07119133925008,0
0,0,0.0787458943061701,0
0,0,0.0860053177017053,0
0,0,0.092957377625037,0
0,0,0.0995899990826141,0
0,0,0.105892988898063,0
0,0,0.11185521298642,0
0,0,0.117468203170391,0
0,0,0.122723334454583,0
0,0,0.127613393206483,0
0,0,0.132131165793582,0
0,0,0.136271790854839,0
0,0,0.14002993657492,0
0,0,0.14340199613757,0
0,0,0.146386087725612,0
0,0,0.148979231795183,0
0,0,0.151182055618675,0
0,0,0.152993931923695,0
0,0,0.154416742527421,0
0,0,0.155452526065128,0
0,0,0.156103948444482,0
0,0,0.156376184662719,0
0,0,0.156273155172292,0
0,0,0.155800348606632,0
0,0,0.15496497859825,0
0,0,0.153773317871069,0
0,0,0.152233050511893,0
0,0,0.150352644698019,0
0,0,0.148140411788644,0
0,0,0.145605447233454,0
0,0,0.142757003300237,0
0,0,0.139605429983463,0
0,0,0.136160136369018,0
0,0,0.132431786087569,0
0,0,0.128431199587882,0
0,0,0.124169040500626,0
0,0,0.119656442910763,0
0,0,0.114905168175649,0
0,0,0.109926664016441,0
0,0,0.104732534972396,0
0,0,0.0993354833094577,0
0,0,0.0937466431125882,0
0,0,0.0879793439201233,0
0,0,0.082046131179907,0
0,0,0.0759590798854914,0
0,0,0.0697324604837994,0
0,0,0.0633791320588726,0
0,0,0.0569117968766539,0
0,0,0.0503448822021653,0
0,0,0.0436914039375456,0
0,0,0.036965789347817,0
0,0,0.0301816816075109,0
0,0,0.023353037527355,0
0,0,0.0164944411904688,0
0,0,0.00962094713426698,0
0,0,0.00274619853327995,0
0,0,-0.00411318189409582,0
0,0,-0.0109419827923504,0
0,0,-0.0177257768964602,0
0,0,-0.0244479414880314,0
0,0,-0.031092324302963,0
0,0,-0.0376432435314493,0
0,0,-0.0440854878179783,0
0,0,-0.0504014935355659,0
0,0,-0.0565768334191913,0
0,0,-0.0625950415685574,0
0,0,-0.0684412202643483,0
0,0,-0.0741000013329538,0
0,0,-0.0795571143274502,0
0,0,-0.0847981319828158,0
0,0,-0.089808470215931,0
0,0,-0.0945768381237345,0
0,0,-0.0990897493497932,0
0,0,-0.103336069809145,0
0,0,-0.107305606325415,0
0,0,-0.110988792994622,0
0,0,-0.114376691185176,0
0,0,-0.117461773628371,0
0,0,-0.120238081236479,0
0,0,-0.122701536738952,0
0,0,-0.124847278774749,0
0,0,-0.126673895980987,0
0,0,-0.128179349722393,0
0,0,-0.129365364998044,0
0,0,-0.130231784989842,0
0,0,-0.130782216514043,0
0,0,-0.131021991385982,0
0,0,-0.130954402785717,0
0,0,-0.130588389344838,0
0,0,-0.129930851059659,0
0,0,-0.12899166747036,0
0,0,-0.127781815843803,0
0,0,-0.12631258708305,0
0,0,-0.124597781180731,0
0,0,-0.122651198129474,0
0,0,-0.120487892466694,0
0,0,-0.118124643728884,0
0,0,-0.115578858724928,0
0,0,-0.112868728354202,0
0,0,-0.11001338442467,0
0,0,-0.107033370107177,0
0,0,-0.103949071754473,0
0,0,-0.100781816627894,0
0,0,-0.0975543433516577,0
0,0,-0.0942884496413965,0
0,0,-0.0910075013937207,0
0,0,-0.0877347076871449,0
0,0,-0.0844932776001815,0
0,0,-0.0813062633932458,0
0,0,-0.0781979718715378,0
0,0,-0.0751902007506885,0
0,0,-0.0723055318368182,0
0,0,-0.0695687423894219,0
0,0,-0.0669997483069528,0
0,0,-0.0646200336688459,0
0,0,-0.0624515530088299,0
0,0,-0.0605129676805745,0
0,0,-0.0588241935825333,0
0,0,-0.0574035784321799,0
0,0,-0.0562669608574188,0
0,0,-0.0554323749395272,0
0,0,-0.0549125229444481,0
0,0,-0.0547229298638899,0
0,0,-0.0548736320561286,0
0,0,-0.0553762340604204,0
0,0,-0.0562393608721597,0
0,0,-0.0574702261238568,0
0,0,-0.0590746320851395,0
0,0,-0.0610561855722644,0
0,0,-0.0634161411300157,0
0,0,-0.0661555964850791,0
0,0,-0.0692723561840828,0
0,0,-0.0727626565926722,0
0,0,-0.0766214795317099,0
0,0,-0.0808409840962924,0
0,0,-0.0854122316548308,0
0,0,-0.0903226767594796,0
0,0,-0.0955605580528835,0
0,0,-0.101110507361433,0
0,0,-0.10695621560293,0
0,0,-0.113078394151312,0
0,0,-0.119457127108125,0
0,0,-0.126070930393935,0
0,0,-0.132896908566424,0
0,0,-0.139909970729902,0
0,0,-0.147084085080091,0
0,0,-0.154392435722222,0
0,0,-0.161806952216742,0
0,0,-0.169297211852625,0
0,0,-0.17683357600934,0
0,0,-0.184384837885371,0
0,0,-0.191918692952517,0
0,0,-0.199402993500674,0
0,0,-0.206804337274956,0
0,0,-0.214088851566182,0
0,0,-0.221222193210874,0
0,0,-0.228170489499852,0
0,0,-0.234900024542032,0
0,0,-0.241376298355841,0
0,0,-0.247565438232095,0
0,0,-0.253435139642596,0
0,0,-0.258951843514356,0
0,0,-0.264082774864882,0
0,0,-0.268797824619344,0
0,0,-0.273066726884816,0
0,0,-0.276859058950276,0
0,0,-0.280147064012364,0
0,0,-0.282904867084901,0
0,0,-0.285105652273118,0
0,0,-0.286725112771815,0
0,0,-0.287740823592969,0
0,0,-0.288132084747637,0
0,0,-0.28787756897448,0
0,0,-0.286960810373204,0
0,0,-0.285365656679706,0
0,0,-0.283077523810868,0
0,0,-0.280084964045531,0
0,0,-0.27637778420732,0
0,0,-0.271948300209431,0
0,0,-0.266793532508,0
0,0,-0.260907992469595,0
0,0,-0.254294189183785,0
0,0,-0.246953690831552,0
0,0,-0.238891986046326,0
0,0,-0.230116131642521,0
0,0,-0.220638045795589,0
0,0,-0.210470430771475,0
0,0,-0.199628497925688,0
0,0,-0.188131692702391,0
0,0,-0.176000244636233,0
0,0,-0.163257362805727,0
0,0,-0.149928294924661,0
0,0,-0.136041111432588,0
0,0,-0.121625607768141,0
0,0,-0.106713618005227,0
0,0,-0.0913393284892223,0
0,0,-0.0755373960197999,0
0,0,-0.0593459273947889,0
0,0,-0.0428025589577243,0
0,0,-0.025949161140789,0
0,0,-0.00882650664947948,0
0,0,0.00852165226684476,0
0,0,0.0260517201769221,0
0,0,0.0437169652875298,0
0,0,0.0614714398959355,0
0,0,0.0792679417546218,0
0,0,0.0970577004350919,0
0,0,0.114792729599337,0
0,0,0.132423161092175,0
0,0,0.149900538121303,0
0,0,0.167174365259146,0
0,0,0.184195244804812,0
0,0,0.200913465421217,0
0,0,0.217280099861765,0
0,0,0.233247161788448,0
0,0,0.248765253500376,0
0,0,0.263787956840523,0
0,0,0.27826901046996,0
0,0,0.292163250776446,0
0,0,0.305426611874423,0
0,0,0.31801722333171,0
0,0,0.329895880623791,0
0,0,0.341021497408973,0
0,0,0.351359103251388,0
0,0,0.36087357089707,0
0,0,0.369532125363524,0
0,0,0.377304030303529,0
0,0,0.384162156186121,0
0,0,0.390083293932786,0
0,0,0.395041411739246,0
0,0,0.39901957325091,0
0,0,0.4019997443865,0
0,0,0.403967184244799,0
0,0,0.404910288286551,0
0,0,0.404820274698263,0
0,0,0.403690870756012,0
0,0,0.401519881006427,0
0,0,0.398305423632331,0
0,0,0.394050321359487,0
0,0,0.388759749185134,0
0,0,0.382441077559879,0
0,0,0.375104186023901,0
0,0,0.366761620025044,0
0,0,0.357430159099801,0
0,0,0.347125485057979,0
0,0,0.335869395615209,0
0,0,0.323684472577611,0
0,0,0.310595022750386,0
0,0,0.296628489300693,0
0,0,0.281815294939558,0
0,0,0.266186646468495,0
0,0,0.249775946142392,0
0,0,0.232618791669509,0
0,0,0.214752662575282,0
0,0,0.196218174747111,0
0,0,0.177054846345707,0
0,0,0.157305488711841,0
0,0,0.13701495182156,0
0,0,0.116227772014713,0
0,0,0.0949909947207186,0
0,0,0.0733527630956832,0
0,0,0.0513613771138099,0
0,0,0.0290673322026749,0
0,0,0.00652096697175653,0
0,0,-0.0162254981522908,0
0,0,-0.0391203131971055,0
0,0,-0.0621104736455426,0
0,0,-0.0851429749804566,0
0,0,-0.108164342230408,0
0,0,-0.131120786787762,0
0,0,-0.153958990499176,0
0,0,-0.176625948847504,0
0,0,-0.199068030043212,0
0,0,-0.221233327295837,0
0,0,-0.243069620178726,0
0,0,-0.264526256446204,0
0,0,-0.285552897488794,0
0,0,-0.30610124333229,0
0,0,-0.326122523548198,0
0,0,-0.345570476797586,0
0,0,-0.364400723558704,0
0,0,-0.38256810021931,0
0,0,-0.400031520437711,0
0,0,-0.41674942741792,0
0,0,-0.432683243907813,0
0,0,-0.447795960836248,0
0,0,-0.462053705494044,0
0,0,-0.475421036991037,0
0,0,-0.487868787160989,0
0,0,-0.499367317383364,0
0,0,-0.509890125399592,0
0,0,-0.51941227713208,0
0,0,-0.527912602137588,0
0,0,-0.535371654971957,0
0,0,-0.541771087917714,0
0,0,-0.547098198708917,0
0,0,-0.551339814625326,0
0,0,-0.55448731067155,0
0,0,-0.556533786851273,0
0,0,-0.557475322712044,0
0,0,-0.557311761435764,0
0,0,-0.556042005295747,0
0,0,-0.553672170197818,0
0,0,-0.550208215229703,0
0,0,-0.545658765386796,0
0,0,-0.540036209298843,0
0,0,-0.53335387650418,0
0,0,-0.52563089881077,0
0,0,-0.516884996663695,0
0,0,-0.50713922232337,0
0,0,-0.496418039413093,0
0,0,-0.48474842064573,0
0,0,-0.472158436460835,0
0,0,-0.458680705022805,0
0,0,-0.444348628586528,0
0,0,-0.429197648042165,0
0,0,-0.413264929278958,0
0,0,-0.396590931366207,0
0,0,-0.379215172464624,0
0,0,-0.361180620733078,0
0,0,-0.342531498875222,0
0,0,-0.3233129705033,0
0,0,-0.303571610592436,0
0,0,-0.28335509184444,0
0,0,-0.262711871051615,0
0,0,-0.241691502732947,0
0,0,-0.220344011861721,0
0,0,-0.19872005068361,0
0,0,-0.176870585080483,0
0,0,-0.154847365024703,0
0,0,-0.132702454124826,0
0,0,-0.110487131898919,0
0,0,-0.0882539324098317,0
0,0,-0.066053664721338,0
0,0,-0.043938078805799,0
0,0,-0.0219568860002995,0
0,0,-0.000161365822907045,0
0,0,0.0214000249340776,0
0,0,0.0426783590240583,0
0,0,0.06362627738142,0
0,0,0.0841984595758227,0
0,0,0.104349114722632,0
0,0,0.124035745117272,0
0,0,0.143216950781856,0
0,0,0.161853056737572,0
0,0,0.179905799368494,0
0,0,0.197339894602556,0
0,0,0.214121469730579,0
0,0,0.23021822022436,0
0,0,0.245600664281463,0
0,0,0.260242613279513,0
0,0,0.274118035414231,0
0,0,0.287204976151888,0
0,0,0.299482735503539,0
0,0,0.3109339066603,0
0,0,0.321542023721874,0
0,0,0.331293600331827,0
0,0,0.340178600131884,0
0,0,0.34818604585518,0
0,0,0.355311232958773,0
0,0,0.361547418264447,0
0,0,0.366892406318828,0
0,0,0.371345256213329,0
0,0,0.374905811129851,0
0,0,0.377578148338944,0
0,0,0.379365404202568,0
0,0,0.380274008262746,0
0,0,0.380311487788183,0
0,0,0.379486781410469,0
0,0,0.377809768669783,0
0,0,0.375292995013969,0
0,0,0.371950417253754,0
0,0,0.367795992199868,0
0,0,0.362845872116409,0
0,0,0.35711856153895,0
0,0,0.350631624094474,0
0,0,0.343405446135728,0
0,0,0.335461198105951,0
0,0,0.326821148175069,0
0,0,0.317508505421594,0
0,0,0.307548203923119,0
0,0,0.296965491393431,0
0,0,0.285786242818711,0
0,0,0.274037744548023,0
0,0,0.261748067020919,0
0,0,0.248946221585541,0
0,0,0.235660905953834,0
0,0,0.221922386018726,0
0,0,0.207760927673141,0
0,0,0.193208678627183,0
0,0,0.178295120683288,0
0,0,0.163053499278245,0
0,0,0.147515648485961,0
0,0,0.131713402380342,0
0,0,0.115678908671492,0
0,0,0.0994447855238076,0
0,0,0.0830436511016863,0
0,0,0.0665067122066425,0
0,0,0.0498669006392691,0
0,0,0.0331560504734731,0
0,0,0.0164055253288671,0
0,0,-0.000352840720642233,0
0,0,-0.0170878408735397,0
0,0,-0.0337684251464095,0
0,0,-0.0503640140101288,0
0,0,-0.0668444983898701,0
0,0,-0.0831796123927069,0
0,0,-0.0993400310343017,0
0,0,-0.115297056602709,0
0,0,-0.131021834567884,0
0,0,-0.146486137672177,0
0,0,-0.161662836384622,0
0,0,-0.17652511481045,0
0,0,-0.191047411599678,0
0,0,-0.205205106310909,0
0,0,-0.218972010321767,0
0,0,-0.23232648273472,0
0,0,-0.245245784925547,0
0,0,-0.25770874645101,0
0,0,-0.269694510504068,0
0,0,-0.281185670275835,0
0,0,-0.292163093958348,0
0,0,-0.302610315651309,0
0,0,-0.312511967181109,0
0,0,-0.321853150828431,0
0,0,-0.330620850691136,0
0,0,-0.338803148593773,0
0,0,-0.346388753633279,0
0,0,-0.353369668086655,0
0,0,-0.359736169231819,0
0,0,-0.365481984344849,0
0,0,-0.370601467974216,0
0,0,-0.375089288304585,0
0,0,-0.378943249882583,0
0,0,-0.382160529982444,0
0,0,-0.38474112860417,0
0,0,-0.38668504574776,0
0,0,-0.387994320048488,0
0,0,-0.388672401504513,0
0,0,-0.388722583295893,0
0,0,-0.388150667692257,0
0,0,-0.386963241053723,0
0,0,-0.385168928375686,0
0,0,-0.382775413744949,0
0,0,-0.379793674428379,0
0,0,-0.376235158147132,0
0,0,-0.372111626258563,0
0,0,-0.367436721937206,0
0,0,-0.362224715629981,0
0,0,-0.356490191420011,0
0,0,-0.350251183388573,0
0,0,-0.343522118800687,0
0,0,-0.336322913554808,0
0,0,-0.328672072186507,0
0,0,-0.320587942413258,0
0,0,-0.312090596951613,0
0,0,-0.30320042215432,0
0,0,-0.293939529373206,0
0,0,-0.284327207234332,0
0,0,-0.274386351180017,0
0,0,-0.264138288471596,0
0,0,-0.253604346370406,0
0,0,-0.242807577136862,0
0,0,-0.231768367123713,0
0,0,-0.220509141318982,0
0,0,-0.209051226984004,0
0,0,-0.197415324107725,0
0,0,-0.18562275995148,0
0,0,-0.173695332230902,0
0,0,-0.161650918209169,0
0,0,-0.149510688329519,0
0,0,-0.137293774399916,0
0,0,-0.12501805368354,0
0,0,-0.112703912533137,0
0,0,-0.100366562304222,0
0,0,-0.0880263893495423,0
0,0,-0.0756978209341184,0
0,0,-0.0633996752297188,0
0,0,-0.0511476340461499,0
0,0,-0.03895722237512,0
0,0,-0.0268445924807291,0
0,0,-0.0148251125365877,0
0,0,-0.00291258253532556,0
0,0,0.00887731571325179,0
0,0,0.0205307822165139,0
0,0,0.0320335465275376,0
0,0,0.0433718086536932,0
0,0,0.0545312981480566,0
0,0,0.0654991559265872,0
0,0,0.0762611115423608,0
0,0,0.0868049331837286,0
0,0,0.0971165072218654,0
0,0,0.107182817754631,0
0,0,0.116991319334182,0
0,0,0.126528839240279,0
0,0,0.135782832025078,0
0,0,0.144740909058833,0
0,0,0.153390211257501,0
0,0,0.161717879537042,0
0,0,0.169713563902983,0
0,0,0.177363621180793,0
0,0,0.18465613319502,0
0,0,0.191580122678798,0
0,0,0.198123514638577,0
0,0,0.204274234080807,0
0,0,0.210020833284328,0
0,0,0.215351707709883,0
0,0,0.220254939182021,0
0,0,0.224718923161484,0
0,0,0.228732055109016,0
0,0,0.232282887303458,0
0,0,0.235359658387455,0
0,0,0.237950293367457,0
0,0,0.240043971794697,0
0,0,0.24162971640231,0
0,0,0.242696079469139,0
0,0,0.243232867818809,0
0,0,0.243230986001632,0
0,0,0.242680711295529,0
0,0,0.241573575523204,0
0,0,0.239903149142636,0
0,0,0.237663316248002,0
0,0,0.234848588205868,0
0,0,0.231456612744764,0
0,0,0.227484723957023,0
0,0,0.222932608206448,0
0,0,0.217801206401628,0
0,0,0.212093027632133,0
0,0,0.205814030985688,0
0,0,0.198967039188058,0
0,0,0.191562088597521,0
0,0,0.183607176937076,0
0,0,0.175112654201196,0
0,0,0.166090909019628,0
0,0,0.156555114112609,0
0,0,0.146522205834731,0
0,0,0.136007238723407,0
0,0,0.125029658222796,0
0,0,0.113608125686569,0
0,0,0.101765379738945,0
0,0,0.089522904459358,0
0,0,0.0769045361987137,0
0,0,0.0639383453965654,0
0,0,0.0506480115857211,0
0,0,0.037064584749597,0
0,0,0.0232161353277458,0
0,0,0.00913339966738858,0
0,0,-0.00515069043088123,0
0,0,-0.0196044577112559,0
0,0,-0.0341940294645523,0
0,0,-0.0488841216187079,0
0,0,-0.0636413319188339,0
0,0,-0.0784289649299847,0
0,0,-0.0932120502162916,0
0,0,-0.10795373552471,0
0,0,-0.122617795874586,0
0,0,-0.137166594922387,0
0,0,-0.151563280415066,0
0,0,-0.165769902372893,0
0,0,-0.179750078997117,0
0,0,-0.193465076217517,0
0,0,-0.20687851223534,0
0,0,-0.219953377979446,0
0,0,-0.232653134832985,0
0,0,-0.244942812360089,0
0,0,-0.256786969670596,0
0,0,-0.26815204769152,0
0,0,-0.279005114622268,0
0,0,-0.289314179570836,0
0,0,-0.299048819826199,0
0,0,-0.308179710404018,0
0,0,-0.316680035409526,0
0,0,-0.324522665311758,0
0,0,-0.331682979669318,0
0,0,-0.338139180766574,0
0,0,-0.343869470887896,0
0,0,-0.348854090952929,0
0,0,-0.353075947788983,0
0,0,-0.356519516404349,0
0,0,-0.359170839988302,0
0,0,-0.361018157183484,0
0,0,-0.362051902085916,0
0,0,-0.36226454742689,0
0,0,-0.361649506846286,0
0,0,-0.360203643982145,0
0,0,-0.357927115652564,0
0,0,-0.354818824130856,0
0,0,-0.350883160323767,0
0,0,-0.346124671956141,0
0,0,-0.340551513569078,0
0,0,-0.334172153339873,0
0,0,-0.326998666262076,0
0,0,-0.319046577327396,0
0,0,-0.310330000164659,0
0,0,-0.300869321126613,0
0,0,-0.290684612929809,0
0,0,-0.27979924147086,0
0,0,-0.26823704310067,0
0,0,-0.256026558713088,0
0,0,-0.243197270110549,0
0,0,-0.229779600004077,0
0,0,-0.215809302920031,0
0,0,-0.201319937931397,0
0,0,-0.186350239108395,0
0,0,-0.170938470066954,0
0,0,-0.155126187603059,0
0,0,-0.138954948512698,0
0,0,-0.122470073226211,0
0,0,-0.105715000356762,0
0,0,-0.0887367753337678,0
0,0,-0.0715821299504534,0
0,0,-0.0542990505448254,0
0,0,-0.0369356802729891,0
0,0,-0.019540789563442,0
0,0,-0.00216299202658399,0
0,0,0.0151494123633822,0
0,0,0.0323476531779578,0
0,0,0.0493834304429406,0
0,0,0.0662095419108126,0
0,0,0.0827798830607442,0
0,0,0.099048192553806,0
0,0,0.114969777232051,0
0,0,0.130501198482314,0
0,0,0.145600585872414,0
0,0,0.160226382606364,0
0,0,0.174339227341549,0
0,0,0.187899758735356,0
0,0,0.200872065443328,0
0,0,0.213221333847696,0
0,0,0.224912593512592,0
0,0,0.235915264908892,0
0,0,0.246198925325574,0
0,0,0.255734563414495,0
0,0,0.264496304189474,0
0,0,0.272458115846234,0
0,0,0.279599455213927,0
0,0,0.28589727003214,0
0,0,0.29133383985579,0
0,0,0.295891601057895,0
0,0,0.299556440009629,0
0,0,0.30231471353646,0
0,0,0.304156071643916,0
0,0,0.305073771153781,0
0,0,0.305059187070662,0
0,0,0.304110751213576,0
0,0,0.302226581765348,0
0,0,0.29940652190788,0
0,0,0.295655276184114,0
0,0,0.290977235500795,0
0,0,0.285381495307611,0
0,0,0.278877307872347,0
0,0,0.271477689097143,0
0,0,0.263197066247022,0
0,0,0.254053002948964,0
0,0,0.244064474192837,0
0,0,0.23325265042188,0
0,0,0.221642152077487,0
0,0,0.209257599601055,0
0,0,0.196128474795019,0
0,0,0.182283161735129,0
0,0,0.167754749040077,0
0,0,0.152576325328553,0
0,0,0.136782390582132,0
0,0,0.120411051598643,0
0,0,0.103499631085424,0
0,0,0.0860876472031884,0
0,0,0.0682163431117258,0
0,0,0.0499277460613174,0
0,0,0.0312641969384402,0
0,0,0.0122700752648461,0
0,0,-0.00700914171102662,0
0,0,-0.0265287608312303,0
0,0,-0.0462420503025416,0
0,0,-0.0661014942412473,0
0,0,-0.0860591063093413,0
0,0,-0.106067056986913,0
0,0,-0.126076575845465,0
0,0,-0.146037794729814,0
0,0,-0.165902727301953,0
0,0,-0.185622132679088,0
0,0,-0.20514676997843,0
0,0,-0.224428339225773,0
0,0,-0.243418854083112,0
0,0,-0.262070014576242,0
0,0,-0.280335559366235,0
0,0,-0.298169227114163,0
0,0,-0.315526011025881,0
0,0,-0.332361531579637,0
0,0,-0.348634231979444,0
0,0,-0.364301144066435,0
0,0,-0.379323220134189,0
0,0,-0.393662039748683,0
0,0,-0.407281221111166,0
0,0,-0.420145793785769,0
0,0,-0.43222204188141,0
0,0,-0.443479542687063,0
0,0,-0.453888030309802,0
0,0,-0.463419120673879,0
0,0,-0.472047722883603,0
0,0,-0.479750000588068,0
0,0,-0.486503058344958,0
0,0,-0.492288077982504,0
0,0,-0.497085770874645,0
0,0,-0.500879514302987,0
0,0,-0.503657390092076,0
0,0,-0.505405598249283,0
0,0,-0.506115984233508,0
0,0,-0.505780393503654,0
0,0,-0.504394591971071,0
0,0,-0.501956384182386,0
0,0,-0.498464045138521,0
0,0,-0.493921181655733,0
0,0,-0.488331714186471,0
0,0,-0.481704424544228,0
0,0,-0.474048251360593,0
0,0,-0.465376210537706,0
0,0,-0.455703983885372,0
0,0,-0.44504882139438,0
0,0,-0.433431893507966,0
0,0,-0.420875311577958,0
0,0,-0.407404480136244,0
0,0,-0.393047940076669,0
0,0,-0.377833605020688,0
0,0,-0.361795504495583,0
0,0,-0.344965943029553,0
0,0,-0.327381772875644,0
0,0,-0.309081571285979,0
0,0,-0.290103758694583,0
0,0,-0.270492557805111,0
0,0,-0.250289682231647,0
0,0,-0.229541550131218,0
0,0,-0.208293638752261,0
0,0,-0.186593934432785,0
0,0,-0.164492148509875,0
0,0,-0.142037208230128,0
0,0,-0.119281490838295,0
0,0,-0.0962759622162478,0
0,0,-0.0730731564268371,0
0,0,-0.0497268620776988,0
0,0,-0.026290397322174,0
0,0,-0.00281770758599731,0
0,0,0.0206377321593931,0
0,0,0.044021192397772,0
0,0,0.0672798254300933,0
0,0,0.0903587449220338,0
0,0,0.11320573044694,0
0,0,0.13576730703337,0
0,0,0.15799297925375,0
0,0,0.179830840317619,0
0,0,0.201232747068874,0
0,0,0.222148988170427,0
0,0,0.242533929555742,0
0,0,0.262341153067793,0
0,0,0.281528004183907,0
0,0,0.300051514745214,0
0,0,0.317872009772904,0
0,0,0.334952637013932,0
0,0,0.351255446488568,0
0,0,0.366747663214316,0
0,0,0.381397139481073,0
0,0,0.395174550304501,0
0,0,0.408051511608852,0
0,0,0.420003873407022,0
0,0,0.431009681165284,0
0,0,0.441047293986104,0
0,0,0.450100402787285,0
0,0,0.458152698486627,0
0,0,0.465191792454384,0
0,0,0.471206864241789,0
0,0,0.476189602489644,0
0,0,0.480133891292126,0
0,0,0.483037848832058,0
0,0,0.484897868293184,0
0,0,0.485716615583171,0
0,0,0.485495502064902,0
0,0,0.484240016371809,0
0,0,0.481955960773521,0
0,0,0.478652744355921,0
0,0,0.474340717113481,0
0,0,0.469030385858771,0
0,0,0.462736648311108,0
0,0,0.455473774917416,0
0,0,0.447258388396088,0
0,0,0.438106954647422,0
0,0,0.428039860024166,0
0,0,0.417077647697166,0
0,0,0.405240547201071,0
0,0,0.392553178977279,0
0,0,0.379039222558597,0
0,0,0.364724239295009,0
0,0,0.349635672353675,0
0,0,0.333801905810346,0
0,0,0.317252421467457,0
0,0,0.30001858294462,0
0,0,0.282133635678626,0
0,0,0.263630668288166,0
0,0,0.244546219390087,0
0,0,0.224916670783142,0
0,0,0.204779658810864,0
0,0,0.184175642542554,0
0,0,0.163144610593219,0
0,0,0.141729844757924,0
0,0,0.119973842741243,0
0,0,0.0979205136106347,0
0,0,0.075615491432635,0
0,0,0.0531053511823691,0
0,0,0.0304369814711576,0
0,0,0.00765727091032109,0
0,0,-0.0151842259811519,0
0,0,-0.0380393660471566,0
0,0,-0.0608593788591952,0
0,0,-0.0835948667163779,0
0,0,-0.106196745554011,0
0,0,-0.128616872215989,0
0,0,-0.150806162637618,0
0,0,-0.172718512298067,0
0,0,-0.19430593485933,0
0,0,-0.215524834890145,0
0,0,-0.23633004877827,0
0,0,-0.256678294728638,0
0,0,-0.276529113671951,0
0,0,-0.295841262448417,0
0,0,-0.314577261532599,0
0,0,-0.332701042761943,0
0,0,-0.350177322064385,0
0,0,-0.366973324457429,0
0,0,-0.383060195411032,0
0,0,-0.398408923577052,0
0,0,-0.412994888514094,0
0,0,-0.426794097053153,0
0,0,-0.43978788784056,0
0,0,-0.45195728588645,0
0,0,-0.463285982108623,0
0,0,-0.473762528785923,0
0,0,-0.483375007742894,0
0,0,-0.492117303073713,0
0,0,-0.49998220114587,0
0,0,-0.506967506505991,0
0,0,-0.513071807791194,0
0,0,-0.518297143636753,0
0,0,-0.522644925405551,0
0,0,-0.5261223667301,0
0,0,-0.528736210788615,0
0,0,-0.530493828031706,0
0,0,-0.531407293452923,0
0,0,-0.531487113864837,0
0,0,-0.530746618805783,0
0,0,-0.529200549176979,0
0,0,-0.526864116333938,0
0,0,-0.523754883903642,0
0,0,-0.519888690513995,0
0,0,-0.515286706608237,0
0,0,-0.509966495813349,0
0,0,-0.503948758118277,0
0,0,-0.497254663966259,0
0,0,-0.489906011072926,0
0,0,-0.481924910790104,0
0,0,-0.473334258560112,0
0,0,-0.464156949825266,0
0,0,-0.454415723209784,0
0,0,-0.444135983245554,0
0,0,-0.433339527648207,0
0,0,-0.422051447313431,0
0,0,-0.410296205864527,0
0,0,-0.398097169198103,0
0,0,-0.385479741846047,0
0,0,-0.372465564705892,0
0,0,-0.359080826400013,0
0,0,-0.345348579188827,0
0,0,-0.331292345787042,0
0,0,-0.31693643299986,0
0,0,-0.302304363541988,0
0,0,-0.287420287400528,0
0,0,-0.272306629563505,0
0,0,-0.256987853654215,0
0,0,-0.241487325569269,0
0,0,-0.225827783932888,0
0,0,-0.210032281005487,0
0,0,-0.194125594046558,0
0,0,-0.178129050317439,0
0,0,-0.162066015714742,0
0,0,-0.145959228862685,0
0,0,-0.129831585203585,0
0,0,-0.113705509725466,0
0,0,-0.0976040546887436,0
0,0,-0.0815488609909492,0
0,0,-0.0655628240744008,0
0,0,-0.0496671143823366,0
0,0,-0.0338850978113681,0
0,0,-0.0182377879866359,0
0,0,-0.00274682580567243,0
0,0,0.0125655205615971,0
0,0,0.027677767035738,0
0,0,0.0425701545363948,0
0,0,0.0572199444393477,0
0,0,0.0716076913004375,0
0,0,0.0857128519488175,0
0,0,0.0995150400317399,0
0,0,0.112995123741241,0
0,0,0.12613444172365,0
0,0,0.138914018989103,0
0,0,0.151315978274421,0
0,0,0.163323226406913,0
0,0,0.174918983850088,0
0,0,0.186086941521747,0
0,0,0.196811260793986,0
0,0,0.207078612128468,0
0,0,0.216873000079193,0
0,0,0.226183447379295,0
0,0,0.234996624490439,0
0,0,0.243301240509565,0
0,0,0.251086788624101,0
0,0,0.258343859748166,0
0,0,0.265065240249247,0
0,0,0.271241207405264,0
0,0,0.276867840763767,0
0,0,0.281938710782734,0
0,0,0.286450837918303,0
0,0,0.290400615354217,0
0,0,0.29378694536379,0
0,0,0.29661092567371,0
0,0,0.298872242647779,0
0,0,0.300574189466058,0
0,0,0.301719745672409,0
0,0,0.30231471353646,0
0,0,0.302363170328761,0
0,0,0.301873113772314,0
0,0,0.300853482498708,0
0,0,0.299310549231866,0
0,0,0.297254977602455,0
0,0,0.29469696078685,0
0,0,0.291646221507132,0
0,0,0.288114050666359,0
0,0,0.284111739167594,0
0,0,0.279651362004386,0
0,0,0.274745150988385,0
0,0,0.26940455384075,0
0,0,0.263644625098893,0
0,0,0.257474930666798,0
0,0,0.250909740991388,0
0,0,0.243962228792901,0
0,0,0.236644625882984,0
0,0,0.22896979134568,0
0,0,0.220951368355519,0
0,0,0.212601275087955,0
0,0,0.203932527445127,0
0,0,0.194957514056782,0
0,0,0.185687839462177,0
0,0,0.176136833199646,0
0,0,0.166316099808447,0
0,0,0.156237871100228,0
0,0,0.145914378886639,0
0,0,0.135356914070739,0
0,0,0.124578806190865,0
0,0,0.113590718877684,0
0,0,0.102405981669533,0
0,0,0.0910371400142549,0
0,0,0.0794961120873037,0
0,0,0.0677959137908186,0
0,0,0.0559495610269387,0
0,0,0.0439703833339997,0
0,0,0.0318712397960423,0
0,0,0.0196664008599903,0
0,0,0.00736919606417952,0
0,0,-0.00500563369017315,0
0,0,-0.0174439747742409,0
0,0,-0.0299317135591987,0
0,0,-0.0424534818714359,0
0,0,-0.0549945388097353,0
0,0,-0.0675390457461916,0
0,0,-0.0800719481433911,0
0,0,-0.0925769369191363,0
0,0,-0.105038957536011,0
0,0,-0.117441387275623,0
0,0,-0.129768544328164,0
0,0,-0.142004433247632,0
0,0,-0.154132274497535,0
0,0,-0.16613607263187,0
0,0,-0.177999204932243,0
0,0,-0.189705048680258,0
0,0,-0.201237608429914,0
0,0,-0.212579791008521,0
0,0,-0.223715600970077,0
0,0,-0.234627788323795,0
0,0,-0.245300828077967,0
0,0,-0.255717627059904,0
0,0,-0.265861719369309,0
0,0,-0.275716482287788,0
0,0,-0.28526576355124,0
0,0,-0.294492626805074,0
0,0,-0.303380606148995,0
0,0,-0.311913235682704,0
0,0,-0.320074833596396,0
0,0,-0.327847836263088,0
0,0,-0.335216875509169,0
0,0,-0.342165485434343,0
0,0,-0.34867672968402,0
0,0,-0.35473665144747,0
0,0,-0.360327843915811,0
0,0,-0.365436507096411,0
0,0,-0.370046959179465,0
0,0,-0.374144772899951,0
0,0,-0.377715991447141,0
0,0,-0.380747442100798,0
0,0,-0.383223443051116,0
0,0,-0.385133957939818,0
0,0,-0.38646644131906,0
0,0,-0.387207877286702,0
0,0,-0.387348856756861,0
0,0,-0.386878872916966,0
0,0,-0.385789300771623,0
0,0,-0.384070260780656,0
0,0,-0.381714852947749,0
0,0,-0.378718059093764,0
0,0,-0.375073136040484,0
0,0,-0.370776476971654,0
0,0,-0.365825729615804,0
0,0,-0.360218541701461,0
0,0,-0.35395538368292,0
0,0,-0.347037353286868,0
0,0,-0.339467430057168,0
0,0,-0.331249534446271,0
0,0,-0.322389939178101,0
0,0,-0.312896641975657,0
0,0,-0.302777483743844,0
0,0,-0.292043755385722,0
0,0,-0.280708315985332,0
0,0,-0.268786220080087,0
0,0,-0.256292208571207,0
0,0,-0.243245726902851,0
0,0,-0.229665750064884,0
0,0,-0.215574232591035,0
0,0,-0.200995324468407,0
0,0,-0.185954587046982,0
0,0,-0.170480247584413,0
0,0,-0.154601317428842,0
0,0,-0.138349630654175,0
0,0,-0.121758432697201,0
0,0,-0.104863634902377,0
0,0,-0.0877014622503554,0
0,0,-0.0703103351751623,0
0,0,-0.0527299286556063,0
0,0,-0.0350019563057735,0
0,0,-0.0171673476492574,0
0,0,0.00072967461028739,0
0,0,0.0186453582235018,0
0,0,0.0365350100324378,0
0,0,0.0543539368791475,0
0,0,0.0720566615151921,0
0,0,0.0895969226016435,0
0,0,0.106930026980554,0
0,0,0.124011124675877,0
0,0,0.140795365711566,0
0,0,0.157238213747772,0
0,0,0.173296230171331,0
0,0,0.188926603641473,0
0,0,0.20408934554319,0
0,0,0.218742428626203,0
0,0,0.232848059728877,0
0,0,0.246369857052463,0
0,0,0.259270968343915,0
0,0,0.271518148166443,0
0,0,0.283079876082339,0
0,0,0.293927768015851,0
0,0,0.304032812618839,0
0,0,0.313371173540396,0
0,0,0.321919798520108,0
0,0,0.329658458023324,0
0,0,0.336569274786864,0
0,0,0.342636567000924,0
0,0,0.347848886944345,0
0,0,0.352194630077868,0
0,0,0.355667523677573,0
0,0,0.358262706382418,0
0,0,0.359977041830444,0
0,0,0.360811157294041,0
0,0,0.360767561862779,0
0,0,0.359852841896778,0
0,0,0.358072799665664,0
0,0,0.355439039708695,0
0,0,0.351963323383225,0
0,0,0.347659450681884,0
0,0,0.342543573868773,0
0,0,0.336633256570874,0
0,0,0.329949669231427,0
0,0,0.322512570930786,0
0,0,0.314345798019858,0
0,0,0.305472559577156,0
0,0,0.295919671497448,0
0,0,0.285711597404033,0
0,0,0.274876250918366,0
0,0,0.263441859298098,0
0,0,0.251437904345665,0
0,0,0.238892142864424,0
0,0,0.225836095292085,0
0,0,0.212299400249184,0
0,0,0.198312950901038,0
0,0,0.183908424503455,0
0,0,0.169116400585559,0
0,0,0.153968713221255,0
0,0,0.138496726030158,0
0,0,0.122732900358564,0
0,0,0.106708129371795,0
0,0,0.0904545607799505,0
0,0,0.0740038718388412,0
0,0,0.0573871125318832,0
0,0,0.0406356464786888,0
0,0,0.023781307753165,0
0,0,0.00685357815774812,0
0,0,-0.0101164923241464,0
0,0,-0.0270986377995912,0
0,0,-0.0440636901023475,0
0,0,-0.0609810697032924,0
0,0,-0.0778238038895591,0
0,0,-0.0945620972225165,0
0,0,-0.111168820171199,0
0,0,-0.127616372750347,0
0,0,-0.143878566337584,0
0,0,-0.159928898674338,0
0,0,-0.175742435683017,0
0,0,-0.191294243286029,0
0,0,-0.206560955586762,0
0,0,-0.22151889305241,0
0,0,-0.236146728421634,0
0,0,-0.25042219352451,0
0,0,-0.264325058826389,0
0,0,-0.277835878883111,0
0,0,-0.290935992341004,0
0,0,-0.303606110574009,0
0,0,-0.3158321199533,0
0,0,-0.327596300033794,0
0,0,-0.338884223550472,0
0,0,-0.3496822473288,0
0,0,-0.35997813955713,0
0,0,-0.3697607661505,0
0,0,-0.379018052115359,0
0,0,-0.387742470182999,0
0,0,-0.395923513540851,0
0,0,-0.403555536737384,0
0,0,-0.410630698867695,0
0,0,-0.41714366811645,0
0,0,-0.423089896758805,0
0,0,-0.428464837069917,0
0,0,-0.43326645041451,0
0,0,-0.437491600430623,0
0,0,-0.44113918939157,0
0,0,-0.44420843320686,0
0,0,-0.446698704604101,0
0,0,-0.448610003583294,0
0,0,-0.449945623324497,0
0,0,-0.450705250191514,0
0,0,-0.450892491000602,0
0,0,-0.450509384387034,0
0,0,-0.449560321257556,0
0,0,-0.448047497065541,0
0,0,-0.445976086808226,0
0,0,-0.443350795028553,0
0,0,-0.440175542178972,0
0,0,-0.436457071437701,0
0,0,-0.432198989620994,0
0,0,-0.427408510361364,0
0,0,-0.422090651837947,0
0,0,-0.41625231404706,0
0,0,-0.409900867439309,0
0,0,-0.403041487011933,0
0,0,-0.395682484124128,0
0,0,-0.387830915590306,0
0,0,-0.37949477913347,0
0,0,-0.370681602022327,0
0,0,-0.361400166070366,0
0,0,-0.351660350817768,0
0,0,-0.341469997169434,0
0,0,-0.330841023300817,0
0,0,-0.319783622388293,0
0,0,-0.308309242153018,0
0,0,-0.296429957588546,0
0,0,-0.284159725505601,0
0,0,-0.271511561806325,0
0,0,-0.258500207391935,0
0,0,-0.245141500890335,0
0,0,-0.231451124111332,0
0,0,-0.217446327045712,0
0,0,-0.203143889229968,0
0,0,-0.188563099290163,0
0,0,-0.173722618579965,0
0,0,-0.158641892543535,0
0,0,-0.143343189350797,0
0,0,-0.127847365808793,0
0,0,-0.112176219633155,0
0,0,-0.0963531167204945,0
0,0,-0.0804023638760104,0
0,0,-0.0643484247230006,0
0,0,-0.0482156060666649,0
0,0,-0.0320308806198708,0
0,0,-0.0158201233687978,0
0,0,0.000389536155588788,0
0,0,0.0165706547861275,0
0,0,0.0326965734461482,0
0,0,0.0487387512418034,0
0,0,0.0646703722783237,0
0,0,0.0804636797523528,0
0,0,0.0960901327700425,0
0,0,0.111524169981409,0
0,0,0.126737720946899,0
0,0,0.141703499317449,0
0,0,0.156395473288781,0
0,0,0.170787924692813,0
0,0,0.184853880816677,0
0,0,0.198568093946586,0
0,0,0.211905943641144,0
0,0,0.22484312309515,0
0,0,0.237354855049111,0
0,0,0.249418714515005,0
0,0,0.261013687867689,0
0,0,0.272117977391535,0
0,0,0.282710412643302,0
0,0,0.292773900450303,0
0,0,0.302290093095064,0
0,0,0.31124236785919,0
0,0,0.319615827023365,0
0,0,0.327398081957843,0
0,0,0.334575489488091,0
0,0,0.341138954164422,0
0,0,0.347077812356168,0
0,0,0.352385477703211,0
0,0,0.357055207027333,0
0,0,0.361080570786513,0
0,0,0.364460941708361,0
0,0,0.367190674341344,0
0,0,0.369271807320739,0
0,0,0.370702458829369,0
0,0,0.371485137956801,0
0,0,0.371621883338312,0
0,0,0.371116458608255,0
0,0,0.369974979672454,0
0,0,0.368201680619557,0
0,0,0.365804559172565,0
0,0,0.362791456236381,0
0,0,0.359171467260694,0
0,0,0.354954785421876,0
0,0,0.350152231168695,0
0,0,0.344777604493779,0
0,0,0.33884470538976,0
0,0,0.332366863394971,0
0,0,0.325362269408788,0
0,0,0.317847389331508,0
0,0,0.309840570880604,0
0,0,0.301361573136432,0
0,0,0.292432350632722,0
0,0,0.283074387448907,0
0,0,0.273310265391108,0
0,0,0.263164918536918,0
0,0,0.252663751418224,0
0,0,0.241832482203106,0
0,0,0.230696515423452,0
0,0,0.219285019245501,0
0,0,0.207625280018316,0
0,0,0.195745838635745,0
0,0,0.183675863264028,0
0,0,0.171445149341795,0
0,0,0.159083178671484,0
0,0,0.146620844418413,0
0,0,0.134088098839311,0
0,0,0.121514894190909,0
0,0,0.108932594092819,0
0,0,0.0963703667112814,0
0,0,0.0838572233944375,0
0,0,0.0714224891266249,0
0,0,0.0590948616197899,0
0,0,0.0469006863144059,0
0,0,0.0348670927414392,0
0,0,0.0230196422508728,0
0,0,0.0113818575574169,0
0,0,-2.25818061211358e-05,0
0,0,-0.0111729758507968,0
0,0,-0.022047840497176,0
0,0,-0.0326305530268637,0
0,0,-0.0429030793585824,0
0,0,-0.0528505217730166,0
0,0,-0.0624590802775369,0
0,0,-0.071718091241474,0
0,0,-0.0806183023970429,0
0,0,-0.0891507751126542,0
0,0,-0.0973097071186791,0
0,0,-0.105091021144568,0
0,0,-0.112492678555047,0
0,0,-0.119513267987232,0
0,0,-0.126155298530693,0
0,0,-0.132419240639724,0
0,0,-0.138310739765855,0
0,0,-0.143834970906323,0
0,0,-0.148997422694559,0
0,0,-0.153806563307858,0
0,0,-0.158270704105419,0
0,0,-0.162398940536929,0
0,0,-0.166202093051155,0
0,0,-0.169690825278764,0
0,0,-0.172875800850425,0
0,0,-0.175770506122571,0
0,0,-0.178386859270655,0
0,0,-0.180737719378718,0
0,0,-0.182836886439391,0
0,0,-0.184698003627203,0
0,0,-0.186335811843373,0
0,0,-0.187763170171943,0
0,0,-0.188996074058915,0
0,0,-0.190048323496918,0
0,0,-0.190934973023367,0
0,0,-0.191671390811871,0
0,0,-0.192272004127452,0
0,0,-0.192752024325623,0
0,0,-0.193127446852386,0
0,0,-0.193412698972763,0
0,0,-0.193622364769873,0
0,0,-0.193772282871622,0
0,0,-0.193876410088736,0
0,0,-0.19394807595955,0
0,0,-0.194002021385284,0
0,0,-0.194050164541389,0
0,0,-0.194106619056692,0
0,0,-0.194182362198057,0
0,0,-0.194287273505661,0
0,0,-0.194435152972135,0
0,0,-0.194633371048086,0
0,0,-0.194892434546086,0
0,0,-0.195220184371038,0
0,0,-0.195624304609747,0
0,0,-0.196113106621409,0
0,0,-0.196690981312771,0
0,0,-0.197364201407756,0
0,0,-0.198136844176913,0
0,0,-0.199012986890791,0
0,0,-0.199994511366568,0
0,0,-0.201083613057616,0
0,0,-0.202281860144916,0
0,0,-0.203587998083683,0
0,0,-0.205001713237721,0
0,0,-0.206520496517462,0
0,0,-0.208141682015238,0
0,0,-0.209861819732892,0
0,0,-0.211674950582697,0
0,0,-0.213576683657908,0
0,0,-0.215561059870797,0
0,0,-0.217620395134562,0
0,0,-0.219746691726199,0
0,0,-0.221931324650316,0
0,0,-0.224166609820106,0
0,0,-0.226441256332511,0
0,0,-0.228745855101646,0
0,0,-0.231068801588254,0
0,0,-0.233399432161667,0
0,0,-0.235725044555942,0
0,0,-0.238033250141332,0
0,0,-0.240311189833796,0
0,0,-0.242544906822607,0
0,0,-0.24472248293231,0
0,0,-0.246827609080709,0
0,0,-0.248847426183761,0
0,0,-0.250766722885955,0
0,0,-0.252571542376563,0
0,0,-0.254246516481974,0
0,0,-0.25577627702858,0
0,0,-0.257145769478964,0
0,0,-0.258341037022401,0
0,0,-0.259346711485279,0
0,0,-0.260147895148284,0
0,0,-0.260730944836882,0
0,0,-0.261081119649857,0
0,0,-0.261183992322186,0
0,0,-0.261027644678417,0
0,0,-0.260598433544018,0
0,0,-0.259882872562557,0
0,0,-0.258870768557658,0
0,0,-0.25754926244528,0
0,0,-0.255908474685247,0
0,0,-0.253938525737378,0
0,0,-0.251629692879596,0
0,0,-0.248974762479388,0
0,0,-0.245965579995656,0
0,0,-0.242596029522575,0
0,0,-0.238859995154321,0
0,0,-0.23475292916605,0
0,0,-0.230272008831995,0
0,0,-0.225413000063512,0
0,0,-0.220176530132989,0
0,0,-0.214560560405155,0
0,0,-0.2085657181524,0
0,0,-0.202194512464295,0
0,0,-0.195449609248504,0
0,0,-0.188334772139383,0
0,0,-0.180855019316069,0
0,0,-0.173017250774878,0
0,0,-0.164829150602613,0
0,0,-0.156299814248963,0
0,0,-0.147439434890302,0
0,0,-0.138259617065887,0
0,0,-0.128773376677856,0
0,0,-0.118994670536937,0
0,0,-0.108939964543428,0
0,0,-0.0986255677795262,0
0,0,-0.0880693575084112,0
0,0,-0.0772914064466353,0
0,0,-0.0663103759478676,0
0,0,-0.0551485341820327,0
0,0,-0.0438276788647622,0
0,0,-0.0323694508935888,0
0,0,-0.0207987843461039,0
0,0,-0.00913873148272315,0
0,0,0.00258561680086378,0
0,0,0.0143483855184761,0
0,0,0.0261249542287176,0
0,0,0.0378874093101336,0
0,0,0.0496100325946416,0
0,0,0.0612664786417669,0
0,0,0.0728282065576624,0
0,0,0.0842707527190298,0
0,0,0.0955654194139237,0
0,0,0.106686331656164,0
0,0,0.117606203096687,0
0,0,0.12830104056649,0
0,0,0.138743557716509,0
0,0,0.148908977287251,0
0,0,0.158773776564006,0
0,0,0.168314276013966,0
0,0,0.177506952922423,0
0,0,0.186330323209941,0
0,0,0.194763059615184,0
0,0,0.202786030330188,0
0,0,0.210379633092696,0
0,0,0.217525990639528,0
0,0,0.224210675705662,0
0,0,0.230415654209821,0
0,0,0.23612838070416,0
0,0,0.241336466558933,0
0,0,0.246029091325372,0
0,0,0.250196532281397,0
0,0,0.253830948522107,0
0,0,0.25692591050548,0
0,0,0.259476556870475,0
0,0,0.261479908073231,0
0,0,0.262933298206079,0
0,0,0.263837668177609,0
0,0,0.264194272532605,0
0,0,0.264005777178733,0
0,0,0.263276729840838,0
0,0,0.262013089606645,0
0,0,0.260222070108667,0
0,0,0.257912766796591,0
0,0,0.255095372846789,0
0,0,0.251780551889933,0
0,0,0.247981790282453,0
0,0,0.24371210392649,0
0,0,0.238986390541359,0
0,0,0.233820488754966,0
0,0,0.228231178103802,0
0,0,0.222236492669146,0
0,0,0.215853996077979,0
0,0,0.209103447410659,0
0,0,0.20200460574754,0
0,0,0.194578171077568,0
0,0,0.186844372935392,0
0,0,0.178825322672839,0
0,0,0.170542347551246,0
0,0,0.16201677483195,0
0,0,0.153271970411561,0
0,0,0.144328634279025,0
0,0,0.135209348240462,0
0,0,0.125935753193404,0
0,0,0.11652996048968,0
0,0,0.107011886027743,0
0,0,0.097403484341321,0
0,0,0.0877249849650648,0
0,0,0.0779977151603113,0
0,0,0.0682384544635526,0
0,0,0.0584686869542239,0
0,0,0.0487048785326216,0
0,0,0.038965376916219,0
0,0,0.0292663343691169,0
0,0,0.0196246872459056,0
0,0,0.0100558037201954,0
0,0,0.000574111057008775,0
0,0,-0.00880549302433919,0
0,0,-0.0180703062579045,0
0,0,-0.0272071559234509,0
0,0,-0.0362045942998191,0
0,0,-0.0450510168477523,0
0,0,-0.053736700845171,0
0,0,-0.0622511394795049,0
0,0,-0.0705863350277528,0
0,0,-0.0787333488583249,0
0,0,-0.0866857514292009,0
0,0,-0.094436799562164,0
0,0,-0.101980063715193,0
0,0,-0.10931146661774,0
0,0,-0.116425362818272,0
0,0,-0.123318929591027,0
0,0,-0.129988873755942,0
0,0,-0.136432529405354,0
0,0,-0.142648014722083,0
0,0,-0.148634388797542,0
0,0,-0.154389769814555,0
0,0,-0.159914314591219,0
0,0,-0.165206925400846,0
0,0,-0.170268699970126,0
0,0,-0.175099638299057,0
0,0,-0.179700524478129,0
0,0,-0.184071672143539,0
0,0,-0.188214806294365,0
0,0,-0.192130397384901,0
0,0,-0.195819699959933,0
0,0,-0.199284282200441,0
0,0,-0.202523203197835,0
0,0,-0.205538187951195,0
0,0,-0.208330334187208,0
0,0,-0.210898544179187,0
0,0,-0.21324375883572,0
0,0,-0.215365350884415,0
0,0,-0.21726347714337,0
0,0,-0.218935785341115,0
0,0,-0.220382275477649,0
0,0,-0.221602006644383,0
0,0,-0.222592940206043,0
0,0,-0.223353664799747,0
0,0,-0.223883082698808,0
0,0,-0.224178527995559,0
0,0,-0.224239059781412,0
0,0,-0.224062482602992,0
0,0,-0.223647385097419,0
0,0,-0.222991728629418,0
0,0,-0.222095356380889,0
0,0,-0.220955759262265,0
0,0,-0.219573878182133,0
0,0,-0.217947204050925,0
0,0,-0.216077618685817,0
0,0,-0.213963710723928,0
0,0,-0.211607361982432,0
0,0,-0.209008102007036,0
0,0,-0.206168126251114,0
0,0,-0.203089786986137,0
0,0,-0.199773868302593,0
0,0,-0.196224604289132,0
0,0,-0.192444817671518,0
0,0,-0.188438272084105,0
0,0,-0.184208887979344,0
0,0,-0.179762467626864,0
0,0,-0.175103245115313,0
0,0,-0.170237963622906,0
0,0,-0.165172582237371,0
0,0,-0.159914628227414,0
0,0,-0.154471472043646,0
0,0,-0.148851738681458,0
0,0,-0.143064366772441,0
0,0,-0.137120019947262,0
0,0,-0.13102779365561,0
0,0,-0.12479944925484,0
0,0,-0.118447375374697,0
0,0,-0.111983647008734,0
0,0,-0.105421280059089,0
0,0,-0.0987753290631767,0
0,0,-0.0920592803774301,0
0,0,-0.0852886589935572,0
0,0,-0.0784788330851689,0
0,0,-0.0716464253706591,0
0,0,-0.0648075881141293,0
0,0,-0.057979257670169,0
0,0,-0.051179468120057,0
0,0,-0.0444246853640886,0
0,0,-0.0377331003016399,0
0,0,-0.0311227470139873,0
0,0,-0.0246105618557229,0
0,0,-0.0182153629986133,0
0,0,-0.0119536163429549,0
0,0,-0.00584319915192755,0
0,0,0.00010067721895668,0
0,0,0.00585841050743974,0
0,0,0.0114162007208924,0
0,0,0.0167571115047245,0
0,0,0.021866715593913,0
0,0,0.0267288607243583,0
0,0,0.0313302173577246,0
0,0,0.0356566718651865,0
0,0,0.0396942674360163,0
0,0,0.0434312427128589,0
0,0,0.0468539545211832,0
0,0,0.0499526801389094,0
0,0,0.0527153445724862,0
0,0,0.0551320682817362,0
0,0,0.0571934421807752,0
0,0,0.0588911549104056,0
0,0,0.0602157973847444,0
0,0,0.0611606264255746,0
0,0,0.0617198397632672,0
0,0,0.061885910129116,0
0,0,0.0616558579792577,0
0,0,0.0610243514983577,0
0,0,0.0599885679606511,0
0,0,0.0585463119127652,0
0,0,0.0566963288099154,0
0,0,0.0544386186521013,0
0,0,0.0517730246212256,0
0,0,0.0487018989887584,0
0,0,0.0452277508442693,0
0,0,0.0413535597316212,0
0,0,0.0370849711023449,0
0,0,0.0324270031355778,0
0,0,0.0273868694638311,0
0,0,0.0219714700834193,0
0,0,0.016191311806913,0
0,0,0.0100551764478036,0
0,0,0.00357482536344511,0
0,0,-0.00323766645261014,0
0,0,-0.0103689694620278,0
0,0,-0.0178044995816879,0
0,0,-0.0255279477293915,0
0,0,-0.0335239457315292,0
0,0,-0.0417739890525288,0
0,0,-0.0502584754301325,0
0,0,-0.0589576457839845,0
0,0,-0.0678512705794353,0
0,0,-0.0769166111922643,0
0,0,-0.0861312426344498,0
0,0,-0.0954702308283994,0
0,0,-0.104910053059404,0
0,0,-0.114425147977478,0
0,0,-0.123989170142148,0
0,0,-0.133576401385331,0
0,0,-0.143159868994161,0
0,0,-0.152710875256692,0
0,0,-0.162202761096252,0
0,0,-0.171607299255192,0
0,0,-0.18089547838537,0
0,0,-0.190039698501525,0
0,0,-0.199011105073615,0
0,0,-0.207780373117301,0
0,0,-0.216321000374011,0
0,0,-0.22460272095082,0
0,0,-0.232598405316761,0
0,0,-0.240280453486576,0
0,0,-0.247621108656908,0
0,0,-0.254593241296792,0
0,0,-0.261171446874341,0
0,0,-0.267330477675768,0
0,0,-0.273044301896793,0
0,0,-0.278290808185591,0
0,0,-0.283045846555059,0
0,0,-0.287287932925763,0
0,0,-0.290996053672562,0
0,0,-0.294151076987493,0
0,0,-0.296734655153082,0
0,0,-0.298729381360444,0
0,0,-0.300119730617871,0
0,0,-0.300892059750832,0
0,0,-0.301032882402892,0
0,0,-0.300530907670993,0
0,0,-0.299376412833052,0
0,0,-0.297562968347051,0
0,0,-0.295082106035694,0
0,0,-0.29193131680941,0
0,0,-0.288106366579555,0
0,0,-0.283607255346125,0
0,0,-0.278433199018632,0
0,0,-0.272587804413332,0
0,0,-0.266076246527459,0
0,0,-0.258903073085859,0
0,0,-0.251076909083923,0
0,0,-0.24260779087993,0
0,0,-0.233506538922644,0
0,0,-0.223786796386597,0
0,0,-0.213463304173008,0
0,0,-0.202552841818369,0
0,0,-0.191073443403956,0
0,0,-0.17904549528252,0
0,0,-0.166489854261101,0
0,0,-0.153430513508703,0
0,0,-0.139892093466723,0
0,0,-0.125899841848948,0
0,0,-0.111482926821619,0
0,0,-0.0966695756423857,0
0,0,-0.0814911519308622,0
0,0,-0.0659788624885619,0
0,0,-0.050167520933256,0
0,0,-0.0340905295198307,0
0,0,-0.0177837995927436,0
0,0,-0.00128575158601896,0
0,0,0.0153675463377878,0
0,0,0.0321357919274747,0
0,0,0.0489785261137416,0
0,0,0.0658562307358768,0
0,0,0.0827268785435988,0
0,0,0.0995473445599409,0
0,0,0.116275915170818,0
0,0,0.132868524490674,0
0,0,0.149280792997758,0
0,0,0.165470066169396,0
0,0,0.181391337211445,0
0,0,0.196999912965955,0
0,0,0.212252668455961,0
0,0,0.227104596887317,0
0,0,0.241514611918332,0
0,0,0.25543864766345,0
0,0,0.268836872325761,0
0,0,0.281669610926458,0
0,0,0.293898286213415,0
0,0,0.305485575479295,0
0,0,0.316396978742523,0
0,0,0.32660081874729,0
0,0,0.336064790965396,0
0,0,0.344761609047777,0
0,0,0.352664770735861,0
0,0,0.359750753314938,0
0,0,0.365998386341771,0
0,0,0.371388538008395,0
0,0,0.375906781049788,0
0,0,0.37953774729234,0
0,0,0.382272498104461,0
0,0,0.384101153945975,0
0,0,0.385018853455839,0
0,0,0.385022146635899,0
0,0,0.384108994850878,0
0,0,0.38228394582562,0
0,0,0.37954825410491,0
0,0,0.375910074229847,0
0,0,0.371378188013922,0
0,0,0.365963102269707,0
0,0,0.359677989717437,0
0,0,0.352539002621215,0
0,0,0.344563861426119,0
0,0,0.335771541122018,0
0,0,0.326184309878835,0
0,0,0.315825219956985,0
0,0,0.304719675888355,0
0,0,0.292893552659125,0
0,0,0.280375861617438,0
0,0,0.267195927747629,0
0,0,0.253384016942627,0
0,0,0.238972433730632,0
0,0,0.223994423548433,0
0,0,0.208483859105211,0
0,0,0.192475710836836,0
0,0,0.176005576451567,0
0,0,0.159109680930057,0
0,0,0.141825346979644,0
0,0,0.124189897307668,0
0,0,0.106240968257665,0
0,0,0.0880174507179523,0
0,0,0.069556667395871,0
0,0,0.0508992341788179,0
0,0,0.0320827874103293,0
0,0,0.0131460611606262,0
0,0,-0.00587126959148132,0
0,0,-0.0249309412300657,0
0,0,-0.0439948469572977,0
0,0,-0.0630240958848578,0
0,0,-0.0819816789416035,0
0,0,-0.100829959783999,0
0,0,-0.119533340703784,0
0,0,-0.13805528308411,0
0,0,-0.156361757397698,0
0,0,-0.174418263662973,0
0,0,-0.192192340533637,0
0,0,-0.209651526663389,0
0,0,-0.226764301614521,0
0,0,-0.243502124493184,0
0,0,-0.259835043042648,0
0,0,-0.275737339094831,0
0,0,-0.291180942210179,0
0,0,-0.306141859219689,0
0,0,-0.320595626500063,0
0,0,-0.33452138724426,0
0,0,-0.347896559646156,0
0,0,-0.360701698261593,0
0,0,-0.372919239463588,0
0,0,-0.38453146280706,0
0,0,-0.39552362739079,0
0,0,-0.405880208223071,0
0,0,-0.415588973492253,0
0,0,-0.424639416385766,0
0,0,-0.43301946191006,0
0,0,-0.440720798705937,0
0,0,-0.447736056322788,0
0,0,-0.454058962036691,0
0,0,-0.459682459033232,0
0,0,-0.464602940496157,0
0,0,-0.46881836779019,0
0,0,-0.472325290917174,0
0,0,-0.475122298514227,0
0,0,-0.477209390581348,0
0,0,-0.478586880754734,0
0,0,-0.479257748578248,0
0,0,-0.479221209961399,0
0,0,-0.478483380810013,0
0,0,-0.477048181576539,0
0,0,-0.474920159985824,0
0,0,-0.472105118307494,0
0,0,-0.468611367900747,0
0,0,-0.4644456519438,0
0,0,-0.459616909068242,0
0,0,-0.454136430177134,0
0,0,-0.448013310720164,0
0,0,-0.441260723417568,0
0,0,-0.433891056899095,0
0,0,-0.425917954339274,0
0,0,-0.417355843003129,0
0,0,-0.408219306973779,0
0,0,-0.398525282605815,0
0,0,-0.38829133352622,0
0,0,-0.37753392563529,0
0,0,-0.366272504377186,0
0,0,-0.354525731105576,0
0,0,-0.342313521718914,0
0,0,-0.329656262569951,0
0,0,-0.316575280920021,0
0,0,-0.303091904030461,0
0,0,-0.28922887052549,0
0,0,-0.275009075847425,0
0,0,-0.260455101802389,0
0,0,-0.24559125519558,0
0,0,-0.230440745105511,0
0,0,-0.215028348791677,0
0,0,-0.199378686695474,0
0,0,-0.183515908804004,0
0,0,-0.167465576467249,0
0,0,-0.151253407853294,0
0,0,-0.134903866585435,0
0,0,-0.11844314128605,0
0,0,-0.101897106941318,0
0,0,-0.0852910112650282,0
0,0,-0.0686513565157526,0
0,0,-0.0520033904072804,0
0,0,-0.0353748697429676,0
0,0,-0.0187905717823081,0
0,0,-0.00227668514767965,0
0,0,0.0141391901756598,0
0,0,0.0304318064739215,0
0,0,0.0465741910342388,0
0,0,0.0625404688704314,0
0,0,0.0783035104515342,0
0,0,0.0938371271551706,0
0,0,0.10911465990467,0
0,0,0.124110076895754,0
0,0,0.138796405415556,0
0,0,0.153147456841699,0
0,0,0.167137042551807,0
0,0,0.180739130741601,0
0,0,0.193927689606802,0
0,0,0.206677157797427,0
0,0,0.218962287599687,0
0,0,0.230758458572187,0
0,0,0.242041991182118,0
0,0,0.25278873544238,0
0,0,0.262976266364949,0
0,0,0.272582472597998,0
0,0,0.281587908697367,0
0,0,0.289971404219818,0
0,0,0.297715709174564,0
0,0,0.304804671297505,0
0,0,0.311221981506442,0
0,0,0.316954153444941,0
0,0,0.321990523482334,0
0,0,0.326320271169855,0
0,0,0.329934144239718,0
0,0,0.332826340422296,0
0,0,0.334992939265135,0
0,0,0.336428922589098,0
0,0,0.337135231302774,0
0,0,0.337111081315672,0
0,0,0.336358824899264,0
0,0,0.334882382506,0
0,0,0.332686929133117,0
0,0,0.329781246594107,0
0,0,0.326171137158597,0
0,0,0.321867734911551,0
0,0,0.316881703483636,0
0,0,0.311224804232207,0
0,0,0.304909896241305,0
0,0,0.297951877230247,0
0,0,0.290367369917427,0
0,0,0.282171742476456,0
0,0,0.273383499442904,0
0,0,0.264022086260931,0
0,0,0.2541067915566,0
0,0,0.243658785773148,0
0,0,0.232700023444306,0
0,0,0.221253870466683,0
0,0,0.209343692736891,0
0,0,0.196994581150621,0
0,0,0.184231940239759,0
0,0,0.171083213171466,0
0,0,0.157574588568117,0
0,0,0.143733666414974,0
0,0,0.129590398968764,0
0,0,0.115172856669042,0
0,0,0.100511932681127,0
0,0,0.0856374224436494,0
0,0,0.0705802191219285,0
0,0,0.0553723136079689,0
0,0,0.0400445990670892,0
0,0,0.024629066391294,0
0,0,0.00915754965449045,0
0,0,-0.00633843070561113,0
0,0,-0.0218265701608095,0
0,0,-0.0372753482733935,0
0,0,-0.0526540286961438,0
0,0,-0.0679309341732514,0
0,0,-0.0830750147212987,0
0,0,-0.0980569453559494,0
0,0,-0.112846460184277,0
0,0,-0.127414234221943,0
0,0,-0.141733137937983,0
0,0,-0.155774003166157,0
0,0,-0.169511111738384,0
0,0,-0.182918275032285,0
0,0,-0.195971656696956,0
0,0,-0.208646009018609,0
0,0,-0.220919847917809,0
0,0,-0.232771375678925,0
0,0,-0.244180362767306,0
0,0,-0.25512767737499,0
0,0,-0.265595599056896,0
0,0,-0.275569073275609,0
0,0,-0.28503100685844,0
0,0,-0.293969795266132,0
0,0,-0.302373990777528,0
0,0,-0.310231047944781,0
0,0,-0.317532498590598,0
0,0,-0.324270815446269,0
0,0,-0.330440196242168,0
0,0,-0.336033740981979,0
0,0,-0.341048626939938,0
0,0,-0.345482188208377,0
0,0,-0.349333170242511,0
0,0,-0.352600632133754,0
0,0,-0.355286612517378,0
0,0,-0.357392679574364,0
0,0,-0.358922910575264,0
0,0,-0.359881225972527,0
0,0,-0.360273114399587,0
0,0,-0.360105319034659,0
0,0,-0.359384426237863,0
0,0,-0.358119845095083,0
0,0,-0.356319730147417,0
0,0,-0.35399427457124,0
0,0,-0.351155082905808,0
0,0,-0.34781281878179,0
0,0,-0.343979557192736,0
0,0,-0.339668470858885,0
0,0,-0.33489210522808,0
0,0,-0.329665828473932,0
0,0,-0.324002186044287,0
0,0,-0.317918114293735,0
0,0,-0.311428040487297,0
0,0,-0.304547960070976,0
0,0,-0.297295279853657,0
0,0,-0.289686779371834,0
0,0,-0.281740179070586,0
0,0,-0.273473826667388,0
0,0,-0.264906383515909,0
0,0,-0.25605713824221,0
0,0,-0.246945693108551,0
0,0,-0.237592904921972,0
0,0,-0.228019160035221,0
0,0,-0.218246726618226,0
0,0,-0.208297559204713,0
0,0,-0.198192828237921,0
0,0,-0.187956997341149,0
0,0,-0.177612961956713,0
0,0,-0.167184401617422,0
0,0,-0.156694995856082,0
0,0,-0.146169678750285,0
0,0,-0.13563212983284,0
0,0,-0.125107596817533,0
0,0,-0.114620229691469,0
0,0,-0.104194805714138,0
0,0,-0.0938565725993309,0
0,0,-0.0836292098798539,0
0,0,-0.0735370243609076,0
0,0,-0.0636036955752991,0
0,0,-0.0538530598739342,0
0,0,-0.0443070717905413,0
0,0,-0.0349881563131438,0
0,0,-0.0259177975211765,0
0,0,-0.0171162249492892,0
0,0,-0.00860366813213187,0
0,0,-0.000397690696688047,0
0,0,0.00748288918527518,0
0,0,0.0150228601582452,0
0,0,0.0222060699581217,0
0,0,0.0290188754103733,0
0,0,0.0354490447033511,0
0,0,0.0414854437520926,0
0,0,0.0471186634707137,0
0,0,0.0523405493181155,0
0,0,0.0571449853884736,0
0,0,0.0615274239569439,0
0,0,0.0654851991158594,0
0,0,0.0690168995023379,0
0,0,0.0721226819344767,0
0,0,0.0748064668647279,0
0,0,0.0770713906550526,0
0,0,0.0789241964836678,0
0,0,0.0803724116192803,0
0,0,0.0814248178753814,0
0,0,0.082093019791228,0
0,0,0.0823884650879789,0
0,0,0.0823255810306556,0
0,0,0.0819195789747702,0
0,0,0.0811856702758349,0
0,0,0.0801425162875198,0
0,0,0.0788067397282184,0
0,0,0.0771987269506798,0
0,0,0.0753368256723772,0
0,0,0.0732426767908432,0
0,0,0.0709371371131198,0
0,0,0.0684413770824461,0
0,0,0.065777351232551,0
0,0,0.0629679550057511,0
0,0,0.0600354565719721,0
0,0,0.0570027513735305,0
0,0,0.0538925780346458,0
0,0,0.0507284592700272,0
0,0,0.0475331337038944,0
0,0,0.0443296535966622,0
0,0,0.0411410712087461,0
0,0,0.037989968346267,0
0,0,0.0348981427248556,0
0,0,0.0318875488782409,0
0,0,0.0289787299772692,0
0,0,0.0261917587384923,0
0,0,0.023547178332757,0
0,0,0.02106302284134,0
0,0,0.0187570127093226,0
0,0,0.0166460842912959,0
0,0,0.0147449784884772,0
0,0,0.0130676521115949,0
0,0,0.0116275915170816,0
0,0,0.0104351466994104,0
0,0,0.00950004038066021,0
0,0,0.00883074073812717,0
0,0,0.00843289322334106,0
0,0,0.00831120237924377,0
0,0,0.00846880456779764,0
0,0,0.00890491569851082,0
0,0,0.00962063349807041,0
0,0,0.0106115670597311,0
0,0,0.0118741095672368,0
0,0,0.013401674660469,0
0,0,0.0151853237078383,0
0,0,0.0172153339872647,0
0,0,0.0194807282318836,0
0,0,0.0219673928128696,0
0,0,0.0246612141013969,0
0,0,0.0275454125609729,0
0,0,0.0306025813827122,0
0,0,0.0338140592129457,0
0,0,0.0371604006075132,0
0,0,0.0406204351231767,0
0,0,0.044172678680501,0
0,0,0.0477951767457578,0
0,0,0.0514648770585315,0
0,0,0.0551582569041129,0
0,0,0.0588513231134977,0
0,0,0.0625205529719772,0
0,0,0.0661417964924496,0
0,0,0.0696885514163419,0
0,0,0.0731390200280233,0
0,0,0.0764668568870197,0
0,0,0.0796483824605227,0
0,0,0.0826596035795297,0
0,0,0.0854752725302521,0
0,0,0.0880748461418435,0
0,0,0.0904330767005159,0
0,0,0.0925284801268342,0
0,0,0.0943389450689724,0
0,0,0.0958437715379854,0
0,0,0.0970227299992237,0
0,0,0.0978565318266251,0
0,0,0.0983277702113046,0
0,0,0.0984184110719848,0
0,0,0.0981141839617425,0
0,0,0.0973998775250653,0
0,0,0.096262319041716,0
0,0,0.094690844881026,0
0,0,0.0926754186847194,0
0,0,0.0902080427297953,0
0,0,0.0872824442923308,0
0,0,0.0838950165560708,0
0,0,0.0800419958866612,0
0,0,0.0757232254660045,0
0,0,0.070940116656983,0
0,0,0.0656945512767737,0
0,0,0.059993272503593,0
0,0,0.0538425530613638,0
0,0,0.0472508611273807,0
0,0,0.0402298012409015,0
0,0,0.0327919188497705,0
0,0,0.0249516412190098,0
0,0,0.0167251206127197,0
0,0,0.00813101838456975,0
0,0,-0.000811847293672674,0
0,0,-0.0100818355244745,0
0,0,-0.0196565213198128,0
0,0,-0.0295120683287817,0
0,0,-0.0396233856556919,0
0,0,-0.0499638142238722,0
0,0,-0.0605066949566515,0
0,0,-0.0712234869601833,0
0,0,-0.0820845516139328,0
0,0,-0.0930611912059548,0
0,0,-0.104123139843323,0
0,0,-0.115239033906425,0
0,0,-0.126378450684237,0
0,0,-0.137510653829537,0
0,0,-0.148605063813204,0
0,0,-0.159629846561332,0
0,0,-0.170553795272405,0
0,0,-0.181348212234478,0
0,0,-0.191980636101251,0
0,0,-0.20242236916078,0
0,0,-0.212643772792531,0
0,0,-0.222616619738851,0
0,0,-0.2323118986516,0
0,0,-0.241703891362694,0
0,0,-0.250765311523072,0
0,0,-0.259471381873239,0
0,0,-0.267797638789898,0
0,0,-0.275721814103122,0
0,0,-0.283221953279184,0
0,0,-0.290279394964414,0
0,0,-0.296873752806064,0
0,0,-0.302989344994327,0
0,0,-0.308609862447006,0
0,0,-0.313722132443861,0
0,0,-0.318312198174167,0
0,0,-0.322371434642529,0
0,0,-0.32588839412779,0
0,0,-0.328857274360319,0
0,0,-0.331271645798099,0
0,0,-0.333126490261988,0
0,0,-0.334419141844322,0
0,0,-0.335148032364119,0
0,0,-0.33531316182138,0
0,0,-0.33491562794279,0
0,0,-0.333959978453193,0
0,0,-0.332448879260258,0
0,0,-0.330389230360298,0
0,0,-0.327786834022941,0
0,0,-0.324650315243582,0
0,0,-0.320988926290005,0
0,0,-0.31681254670239,0
0,0,-0.312132467383796,0
0,0,-0.306960920145872,0
0,0,-0.301310450436464,0
0,0,-0.295194858248201,0
0,0,-0.288628570846104,0
0,0,-0.281627426858079,0
0,0,-0.274205696731049,0
0,0,-0.266380473637702,0
0,0,-0.258169007568826,0
0,0,-0.249587921242815,0
0,0,-0.240654935104751,0
0,0,-0.231387612781616,0
0,0,-0.221805399717571,0
0,0,-0.211926016357696,0
0,0,-0.201769535418544,0
0,0,-0.191354304617587,0
0,0,-0.180700396671379,0
0,0,-0.169827257024079,0
0,0,-0.158754331119846,0
0,0,-0.147501691675233,0
0,0,-0.136090195497282,0
0,0,-0.124538974393957,0
0,0,-0.112868414718006,0
0,0,-0.101098589185981,0
0,0,-0.0892500409687282,0
0,0,-0.0773419018742117,0
0,0,-0.0653950287094736,0
0,0,-0.0534290237367714,0
0,0,-0.0414625483097752,0
0,0,-0.0295172433260181,0
0,0,-0.0176116133210705,0
0,0,-0.00576541737528857,0
0,0,0.00600142861287312,0
0,0,0.0176699496535495,0
0,0,0.0292199162120903,0
0,0,0.0406315692081392,0
0,0,0.0518857768337329,0
0,0,0.0629623095542209,0
0,0,0.0738410946530517,0
0,0,0.0845030003222611,0
0,0,0.0949270129367088,0
0,0,0.105092746143647,0
0,0,0.114981224953209,0
0,0,0.12457112210406,0
0,0,0.133842208061548,0
0,0,0.14277378283673,0
0,0,0.151346557803543,0
0,0,0.159539519336848,0
0,0,0.167333221992484,0
0,0,0.174707436235801,0
0,0,0.181642559804542,0
0,0,0.188120401799331,0
0,0,0.194120732685518,0
0,0,0.199626302472315,0
0,0,0.204618449806055,0
0,0,0.209081963331224,0
0,0,0.212999122602741,0
0,0,0.216355500355585,0
0,0,0.219136198870439,0
0,0,0.221328672699459,0
0,0,0.222920062758603,0
0,0,0.223900175871497,0
0,0,0.224261327951336,0
0,0,0.223992698549354,0
0,0,0.223090367213099,0
0,0,0.221548374854845,0
0,0,0.219364055566925,0
0,0,0.216535997986456,0
0,0,0.213063731659143,0
0,0,0.208950236128851,0
0,0,0.204199902302325,0
0,0,0.198817591540605,0
0,0,0.192812869747672,0
0,0,0.186194518737018,0
0,0,0.178975554410784,0
0,0,0.171168835853008,0
0,0,0.162791142600185,0
0,0,0.153861136005984,0
0,0,0.144397477424074,0
0,0,0.134422905478675,0
0,0,0.123961099702594,0
0,0,0.113036994173423,0
0,0,0.101677247967833,0
0,0,0.0899108724339659,0
0,0,0.0777676630104527,0
0,0,0.0652769446816319,0
0,0,0.0524741583376653,0
0,0,0.03939035396197,0
0,0,0.026061442899002,0
0,0,0.0125228660389238,0
0,0,-0.00119056300049492,0
0,0,-0.0150397965128362,0
0,0,-0.0289895504260356,0
0,0,-0.0430018747603623,0
0,0,-0.0570383490817912,0
0,0,-0.071061650682982,0
0,0,-0.0850332023118122,0
0,0,-0.0989150539885507,0
0,0,-0.112670039823956,0
0,0,-0.126259425747807,0
0,0,-0.139645889052764,0
0,0,-0.152791636577194,0
0,0,-0.165660129704249,0
0,0,-0.178213888908491,0
0,0,-0.190417786935955,0
0,0,-0.202237323805066,0
0,0,-0.213637372261858,0
0,0,-0.224585941414327,0
0,0,-0.235051040370467,0
0,0,-0.245002403237353,0
0,0,-0.254409920940156,0
0,0,-0.263246934402206,0
0,0,-0.271488823182106,0
0,0,-0.27910861456699,0
0,0,-0.286086549476502,0
0,0,-0.292400673376913,0
0,0,-0.298032795368848,0
0,0,-0.30296566546152,0
0,0,-0.307185170026102,0
0,0,-0.310678136342359,0
0,0,-0.313432959871033,0
0,0,-0.315441799707221,0
0,0,-0.316697128582216,0
0,0,-0.317194555589271,0
0,0,-0.31693157163882,0
0,0,-0.315906294913683,0
0,0,-0.314121548139628,0
0,0,-0.311581722223398,0
0,0,-0.30829214898033,0
0,0,-0.304261453405815,0
0,0,-0.299501083221012,0
0,0,-0.294023897509964,0
0,0,-0.287844637173887,0
0,0,-0.280981336294059,0
0,0,-0.273454067587032,0
0,0,-0.265284158314143,0
0,0,-0.256495288008199,0
0,0,-0.247113174837282,0
0,0,-0.237165418786651,0
0,0,-0.226680874386351,0
0,0,-0.215690277983602,0
0,0,-0.20422546365231,0
0,0,-0.192320147283558,0
0,0,-0.180009456131313,0
0,0,-0.167328517449542,0
0,0,-0.15431402667319,0
0,0,-0.141004404236284,0
0,0,-0.127436659209966,0
0,0,-0.113649682482556,0
0,0,-0.0996828353966678,0
0,0,-0.0855745383863263,0
0,0,-0.0713649368846363,0
0,0,-0.0570927649618187,0
0,0,-0.0427969135061939,0
0,0,-0.0285167438603757,0
0,0,-0.0142887946412118,0
0,0,-0.000151799918925333,0
0,0,0.013858642598225,0
0,0,0.027705210202899,0
0,0,0.041354343822112,0
0,0,0.0547702889295048,0
0,0,0.0679212114511711,0
0,0,0.0807746500408117,0
0,0,0.0932992410788143,0
0,0,0.105466443671331,0
0,0,0.117246776015926,0
0,0,0.128613422217831,0
0,0,0.139538939109885,0
0,0,0.149998549432593,0
0,0,0.159969828197932,0
0,0,0.169428625418802,0
0,0,0.178355025196748,0
0,0,0.186728013906629,0
0,0,0.194530027921462,0
0,0,0.201743346796167,0
0,0,0.208351661448544,0
0,0,0.214341485522161,0
0,0,0.219699019024387,0
0,0,0.224412971052163,0
0,0,0.228474089337702,0
0,0,0.231873278431317,0
0,0,0.234604108790987,0
0,0,0.236661875873771,0
0,0,0.238042502409118,0
0,0,0.238746302033225,0
0,0,0.238770922474621,0
0,0,0.238120597821953,0
0,0,0.236798150800988,0
0,0,0.234808442772763,0
0,0,0.232159157824086,0
0,0,0.228858136859859,0
0,0,0.224916984419338,0
0,0,0.22034730504178,0
0,0,0.215162428265521,0
0,0,0.209377722264171,0
0,0,0.203010593846615,0
0,0,0.196077822549345,0
0,0,0.188599637907012,0
0,0,0.180596583090461,0
0,0,0.172090455815325,0
0,0,0.163104308342017,0
0,0,0.15366229065764,0
0,0,0.143788709567394,0
0,0,0.133509910511752,0
0,0,0.122851925294994,0
0,0,0.111842040266183,0
0,0,0.100508169046773,0
0,0,0.0888772843496322,0
0,0,0.0769780838867051,0
0,0,0.0648387949156437,0
0,0,0.0524874878760007,0
0,0,0.0399523900254279,0
0,0,0.0272615718034785,0
0,0,0.0144431036497059,0
0,0,0.00152411509507466,0
0,0,-0.0114693620561365,0
0,0,-0.0245095710005701,0
0,0,-0.0375709503882427,0
0,0,-0.050628409323463,0
0,0,-0.0636567000924443,0
0,0,-0.0766315158899857,0
0,0,-0.0895293340013787,0
0,0,-0.102327572620501,0
0,0,-0.11500223857835,0
0,0,-0.12753184779549,0
0,0,-0.139895386646782,0
0,0,-0.152070743780398,0
0,0,-0.164039257842669,0
0,0,-0.17577944475416,0
0,0,-0.18727358406979,0
0,0,-0.19850301443589,0
0,0,-0.209448447226398,0
0,0,-0.220093730177212,0
0,0,-0.230421770115646,0
0,0,-0.240417982958577,0
0,0,-0.250065432351417,0
0,0,-0.259350788755829,0
0,0,-0.268260252179183,0
0,0,-0.276780336265048,0
0,0,-0.284899593292263,0
0,0,-0.292605477812983,0
0,0,-0.29988905119562,0
0,0,-0.306738865719015,0
0,0,-0.313147237296362,0
0,0,-0.319104913659876,0
0,0,-0.324604210722751,0
0,0,-0.32963854212487,0
0,0,-0.334201478324211,0
0,0,-0.33828847159593,0
0,0,-0.341893562852302,0
0,0,-0.345013772549463,0
0,0,-0.347645337053059,0
0,0,-0.349785120001129,0
0,0,-0.351430925940301,0
0,0,-0.352581813961986,0
0,0,-0.353237470429988,0
0,0,-0.353397111253816,0
0,0,-0.353062461432549,0
0,0,-0.352234305056678,0
0,0,-0.350915151215771,0
0,0,-0.349107665817497,0
0,0,-0.346815612496207,0
0,0,-0.344044166249139,0
0,0,-0.340796463438252,0
0,0,-0.337080344968452,0
0,0,-0.332901142655072,0
0,0,-0.328267167857308,0
0,0,-0.323185320571477,0
0,0,-0.317665009883461,0
0,0,-0.311716428969635,0
0,0,-0.305348673279686,0
0,0,-0.298572720080479,0
0,0,-0.291400958001761,0
0,0,-0.283845618855181,0
0,0,-0.275919561724779,0
0,0,-0.2676354888765,0
0,0,-0.259009552574444,0
0,0,-0.250054925538847,0
0,0,-0.240787446397614,0
0,0,-0.231223110596748,0
0,0,-0.221377756764153,0
0,0,-0.211267850800125,0
0,0,-0.200909858604962,0
0,0,-0.19032181425994,0
0,0,-0.179520654119651,0
0,0,-0.168524098629175,0
0,0,-0.157350652324084,0
0,0,-0.146017251558968,0
0,0,-0.134543812232282,0
0,0,-0.122948211607205,0
0,0,-0.111248640583113,0
0,0,-0.0994648582403601,0
0,0,-0.0876147418421265,0
0,0,-0.0757166391058858,0
0,0,-0.063789681839602,0
0,0,-0.0518523745788454,0
0,0,-0.0399230650410904,0
0,0,-0.0280196304895157,0
0,0,-0.0161605754596928,0
0,0,-0.00436409085099676,0
0,0,0.00735225970958853,0
0,0,0.0189712262312767,0
0,0,0.0304747746327907,0
0,0,0.0418461253776377,0
0,0,0.0530681852931281,0
0,0,0.064124018024672,0
0,0,0.0749965303995803,0
0,0,0.0856703542442425,0
0,0,0.0961285532040681,0
0,0,0.106355288651153,0
0,0,0.116334251503297,0
0,0,0.126049916768794,0
0,0,0.135486289001641,0
0,0,0.144627372755835,0
0,0,0.15345905440255,0
0,0,0.161966279404373,0
0,0,0.17013399322389,0
0,0,0.17794761177798,0
0,0,0.18539286461972,0
0,0,0.192457206301265,0
0,0,0.199126209557593,0
0,0,0.205386701668466,0
0,0,0.211226764458433,0
0,0,0.216633852479647,0
0,0,0.221595106648068,0
0,0,0.226100333787322,0
0,0,0.230139340721034,0
0,0,0.233700052455654,0
0,0,0.236774784904376,0
0,0,0.239353658527023,0
0,0,0.241428205146299,0
0,0,0.242990897493498,0
0,0,0.244034521936108,0
0,0,0.244554530749285,0
0,0,0.244544964845303,0
0,0,0.244003158316495,0
0,0,0.242926131618998,0
0,0,0.241313414298517,0
0,0,0.239164692718857,0
0,0,0.236481848697194,0
0,0,0.233267548141196,0
0,0,0.22952680923,0
0,0,0.225265277415136,0
0,0,0.22049063678341,0
0,0,0.215211669148313,0
0,0,0.209438410868122,0
0,0,0.203184034663072,0
0,0,0.196460301890521,0
0,0,0.189282580724076,0
0,0,0.181666552973546,0
0,0,0.17362993908401,0
0,0,0.165190145864354,0
0,0,0.156367559667326,0
0,0,0.147182253209478,0
0,0,0.137655396934049,0
0,0,0.127810043101454,0
0,0,0.117668146245422,0
0,0,0.10725416998925,0
0,0,0.0965925779562367,0
0,0,0.0857065792248952,0
0,0,0.0746217351452096,0
0,0,0.0633642343395566,0
0,0,0.0519577563407436,0
0,0,0.0404286465892456,0
0,0,0.0288019959807522,0
0,0,0.01710399313764,0
0,0,0.00535863122891267,0
0,0,-0.00640758748685677,0
0,0,-0.0181705130225668,0
0,0,-0.0299056817549201,0
0,0,-0.0415881596063241,0
0,0,-0.0531950511344615,0
0,0,-0.0647020495341325,0
0,0,-0.0760868866354127,0
0,0,-0.0873269806321808,0
0,0,-0.0984002201726097,0
0,0,-0.109286218903951,0
0,0,-0.119964120019163,0
0,0,-0.130414321255988,0
0,0,-0.140617690806461,0
0,0,-0.150556351407403,0
0,0,-0.160212739431832,0
0,0,-0.169570388979451,0
0,0,-0.178614715967141,0
0,0,-0.187329568130799,0
0,0,-0.195702400022582,0
0,0,-0.203720038922252,0
0,0,-0.21137025301816,0
0,0,-0.218642065043443,0
0,0,-0.225525752276019,0
0,0,-0.232011905630005,0
0,0,-0.238091586473812,0
0,0,-0.243758051629222,0
0,0,-0.249004714736119,0
0,0,-0.253825146252479,0
0,0,-0.258215112089656,0
0,0,-0.262170534977101,0
0,0,-0.265688905825244,0
0,0,-0.268767558726417,0
0,0,-0.271404768681544,0
0,0,-0.273601162963015,0
0,0,-0.275356584752733,0
0,0,-0.27667244541358,0
0,0,-0.277550313126537,0
0,0,-0.277992696981173,0
0,0,-0.278004615156626,0
0,0,-0.277588890378661,0
0,0,-0.27675101128071,0
0,0,-0.275496623314304,0
0,0,-0.273832156021462,0
0,0,-0.271763411671814,0
0,0,-0.269299799351243,0
0,0,-0.266448689510359,0
0,0,-0.263218550326456,0
0,0,-0.259619731794007,0
0,0,-0.255662270271288,0
0,0,-0.251356829388966,0
0,0,-0.246716268231084,0
0,0,-0.241750779974015,0
0,0,-0.236476360063762,0
0,0,-0.230904613039582,0
0,0,-0.225051377529378,0
0,0,-0.218931394434369,0
0,0,-0.212560031928165,0
0,0,-0.205954069547258,0
0,0,-0.199129816373848,0
0,0,-0.192105306489211,0
0,0,-0.184897789884135,0
0,0,-0.177525614276092,0
0,0,-0.170006186473968,0
0,0,-0.162358951921923,0
0,0,-0.154601787883136,0
0,0,-0.146754139801767,0
0,0,-0.138834355395287,0
0,0,-0.130861096017369,0
0,0,-0.122853493475975,0
0,0,-0.114830209124775,0
0,0,-0.106809590681241,0
0,0,-0.0988098290447503,0
0,0,-0.0908484878422852,0
0,0,-0.0829425034284358,0
0,0,-0.0751088121577936,0
0,0,-0.0673630958401645,0
0,0,-0.0597213499215518,0
0,0,-0.0521984721212709,0
0,0,-0.044808419250049,0
0,0,-0.0375640503919275,0
0,0,-0.0304794791757327,0
0,0,-0.0235652124140345,0
0,0,-0.0168326978279911,0
0,0,-0.0102924422301729,0
0,0,-0.00395369788836619,0
0,0,0.00217443974774212,0
0,0,0.00808350250085677,0
0,0,0.0137654926479756,0
0,0,0.0192142942832745,0
0,0,0.0244214392294586,0
0,0,0.0293823797616835,0
0,0,0.0340899022474386,0
0,0,0.0385383612351933,0
0,0,0.0427224249096139,0
0,0,0.0466373887277582,0
0,0,0.0502779208742923,0
0,0,0.0536386895338816,0
0,0,0.0567157742540751,0
0,0,0.0595050977643228,0
0,0,0.0620017987035848,0
0,0,0.0642036816184881,0
0,0,0.06610776696517,0
0,0,0.0677112320178648,0
0,0,0.0690117245051016,0
0,0,0.0700103421535674,0
0,0,0.0707039486013001,0
0,0,0.0710939552111831,0
0,0,0.071181146073706,0
0,0,0.0709672461879478,0
0,0,0.0704553919158701,0
0,0,0.0696482491651396,0
0,0,0.068550052024404,0
0,0,0.0671667595813898,0
0,0,0.0655033900152349,0
0,0,0.0635674705946463,0
0,0,0.0613669990426253,0
0,0,0.0589096594459773,0
0,0,0.0562061154353701,0
0,0,0.05326640336908,0
0,0,0.0501008732415789,0
0,0,0.0467234818635947,0
0,0,0.0431452065019919,0
0,0,0.0393809448760862,0
0,0,0.0354454378870954,0
0,0,0.0313515446190613,0
0,0,0.0271165150627704,0
0,0,0.0227550901194404,0
0,0,0.0182843629617606,0
0,0,0.0137207994900272,0
0,0,0.00908133605883155,0
0,0,0.00438322265896063,0
0,0,-0.00035613390070155,0
0,0,-0.00511869953887634,0
0,0,-0.00988800835526815,0
0,0,-0.014644928541913,0
0,0,-0.0193739351071029,0
0,0,-0.0240560530609718,0
0,0,-0.0286746596851249,0
0,0,-0.0332132890792661,0
0,0,-0.037654691252608,0
0,0,-0.0419833412134426,0
0,0,-0.0461821457890812,0
0,0,-0.050237775441188,0
0,0,-0.0541336074513687,0
0,0,-0.0578575668260723,0
0,0,-0.0613956967545712,0
0,0,-0.0647360790614127,0
0,0,-0.067868050115928,0
0,0,-0.0707811031055473,0
0,0,-0.0734658289443867,0
0,0,-0.0759147003637397,0
0,0,-0.0781205037310947,0
0,0,-0.0800785345035099,0
0,0,-0.0817828335932596,0
0,0,-0.0832307350926755,0
0,0,-0.0844197299121896,0
0,0,-0.0853480930527228,0
0,0,-0.0860155108780795,0
0,0,-0.0864230811149455,0
0,0,-0.0865723719443017,0
0,0,-0.0864649515471284,0
0,0,-0.0861066221930542,0
0,0,-0.0854997361535503,0
0,0,-0.0846508797887349,0
0,0,-0.0835663258225307,0
0,0,-0.08225234697886,0
0,0,-0.0807191364340976,0
0,0,-0.0789732805483618,0
0,0,-0.0770257565885165,0
0,0,-0.0748869145490342,0
0,0,-0.0725672612424854,0
0,0,-0.0700790284805188,0
0,0,-0.0674338208023912,0
0,0,-0.0646463791093204,0
0,0,-0.0617276806681705,0
0,0,-0.0586935641068468,0
0,0,-0.0555576725998798,0
0,0,-0.0523356879570755,0
0,0,-0.0490414101710653,0
0,0,-0.0456922460507322,0
0,0,-0.0423034069515896,0
0,0,-0.0388902610472468,0
0,0,-0.0354697446922957,0
0,0,-0.0320569124241493,0
0,0,-0.0286691710516926,0
0,0,-0.0253209478399483,0
0,0,-0.0220287086892127,0
0,0,-0.0188076649549973,0
0,0,-0.0156724007204226,0
0,0,-0.0126382841590984,0
0,0,-0.0097183311731639,0
0,0,-0.00692649857334771,0
0,0,-0.00427501817129727,0
0,0,-0.00177565132436786,0
0,0,0.000559526973888946,0
0,0,0.00272173490998262,0
0,0,0.00470093612563649,0
0,0,0.00648866244355517,0
0,0,0.00807911159411101,0
0,0,0.00946334494571355,0
0,0,0.010638226136402,0
0,0,0.0115971688060579,0
0,0,0.0123384479556017,0
0,0,0.0128579863144844,0
0,0,0.0131551566103141,0
0,0,0.0132283906621096,0
0,0,0.0130786293784593,0
0,0,0.0127065000317554,0
0,0,0.0121127867124888,0
0,0,0.0113021939636011,0
0,0,0.0102759763298761,0
0,0,0.00903946562664903,0
0,0,0.00759720957876309,0
0,0,0.00595532409204269,0
0,0,0.00411976825421467,0
0,0,0.00209744206159312,0
0,0,-0.000103343126623634,0
0,0,-0.00247427595123884,0
0,0,-0.00500720187115367,0
0,0,-0.00769161407379715,0
0,0,-0.0105185739275799,0
0,0,-0.0134772609837358,0
0,0,-0.0165571684296941,0
0,0,-0.0197477894528851,0
0,0,-0.0230379899683462,0
0,0,-0.0264172631635071,0
0,0,-0.0298740044991112,0
0,0,-0.0333978639806861,0
0,0,-0.0369769234327797,0
0,0,-0.0406011464971152,0
0,0,-0.0442598695430243,0
0,0,-0.0479403903045643,0
0,0,-0.0516343974225376,0
0,0,-0.0553291886310016,0
0,0,-0.0590159821164644,0
0,0,-0.0626839574301592,0
0,0,-0.0663232350319086,0
0,0,-0.0699231512910443,0
0,0,-0.073475394848369,0
0,0,-0.0769693020732137,0
0,0,-0.0803957775158917,0
0,0,-0.0837466666353031,0
0,0,-0.0870127171636624,0
0,0,-0.0901862450141649,0
0,0,-0.093257997919024,0
0,0,-0.0962209190638273,0
0,0,-0.0990666970893775,0
0,0,-0.101788275181262,0
0,0,-0.104377341980283,0
0,0,-0.106827624762519,0
0,0,-0.109132223531654,0
0,0,-0.111283454200882,0
0,0,-0.113275828136774,0
0,0,-0.115102445343012,0
0,0,-0.116757974004264,0
0,0,-0.118237395941391,0
0,0,-0.119535536157157,0
0,0,-0.120648474199111,0
0,0,-0.121572603250996,0
0,0,-0.122306041495637,0
0,0,-0.122845966207268,0
0,0,-0.123191436477301,0
0,0,-0.12334370685052,0
0,0,-0.12330246369073,0
0,0,-0.123069745633204,0
0,0,-0.122647120858924,0
0,0,-0.12204023481942,0
0,0,-0.121251126149967,0
0,0,-0.1202849698478,0
0,0,-0.119148195454941,0
0,0,-0.117845507514331,0
0,0,-0.116383492386089,0
0,0,-0.114769206884628,0
0,0,-0.113009864642459,0
0,0,-0.111112679292092,0
0,0,-0.109085491738431,0
0,0,-0.106935829250182,0
0,0,-0.104672473640838,0
0,0,-0.102303579451497,0
0,0,-0.0998368307689652,0
0,0,-0.097281636679126,0
0,0,-0.0946458380868819,0
0,0,-0.0919393145324117,0
0,0,-0.0891706910111081,0
0,0,-0.0863489061545617,0
0,0,-0.083483212230557,0
0,0,-0.0805833319611752,0
0,0,-0.0776575767056125,0
0,0,-0.0747161396402435,0
0,0,-0.0717678025785599,0
0,0,-0.0688221314245433,0
0,0,-0.0658879079916854,0
0,0,-0.0629750118201643,0
0,0,-0.0600915974510787,0
0,0,-0.0572464466979208,0
0,0,-0.0544489686465736,0
0,0,-0.051706376929549,0
0,0,-0.0490279238146319,0
0,0,-0.0464206661162351,0
0,0,-0.0438929151935566,0
0,0,-0.0414509437705188,0
0,0,-0.0391032200244169,0
0,0,-0.0368552325886825,0
0,0,-0.0347151360044161,0
0,0,-0.0326874779964605,0
0,0,-0.0307794721973277,0
0,0,-0.0289964504223501,0
0,0,-0.0273435876687657,0
0,0,-0.0258259021157112,0
0,0,-0.024447627851835,0
0,0,-0.0232128421476868,0
0,0,-0.0221265631824038,0
0,0,-0.0211897318645753,0
0,0,-0.0204075231914367,0
0,0,-0.01977978034489,0
0,0,-0.0193093260507009,0
0,0,-0.0189972580355555,0
0,0,-0.0188429490270616,0
0,0,-0.0188478103881016,0
0,0,-0.0190087057567142,0
0,0,-0.0193259487690953,0
0,0,-0.0197956189727946,0
0,0,-0.0204163050049283,0
0,0,-0.0211822045958678,0
0,0,-0.022089710929359,0
0,0,-0.0231330217357726,0
0,0,-0.0243058642911862,0
0,0,-0.0256016522354812,0
0,0,-0.0270119173913623,0
0,0,-0.0285292893082203,0
0,0,-0.0301443589001718,0
0,0,-0.0318481875356273,0
0,0,-0.0336296411296236,0
0,0,-0.0354802515048656,0
0,0,-0.0373881004859009,0
0,0,-0.0393428380782568,0
0,0,-0.0413333301969716,0
0,0,-0.0433484427570819,0
0,0,-0.0453770416736257,0
0,0,-0.0474083064978364,0
0,0,-0.049431103144752,0
0,0,-0.0514347679837037,0
0,0,-0.0534092646564158,0
0,0,-0.0553440863503178,0
0,0,-0.0572306080700163,0
0,0,-0.0590594207296273,0
0,0,-0.0608217425156604,0
0,0,-0.0625102029775051,0
0,0,-0.0641169612102596,0
0,0,-0.0656366853985887,0
0,0,-0.0670613778194914,0
0,0,-0.0683875884748107,0
0,0,-0.0696095150949184,0
0,0,-0.0707233940454599,0
0,0,-0.0717268730549657,0
0,0,-0.072616031670983,0
0,0,-0.0733899289849241,0
0,0,-0.0740469968158086,0
0,0,-0.0745862942550475,0
0,0,-0.075008291756935,0
0,0,-0.0753137734119622,0
0,0,-0.0755030528563239,0
0,0,-0.0755781687252964,0
0,0,-0.0755428846532321,0
0,0,-0.0753982983668181,0
0,0,-0.0751480166823096,0
0,0,-0.0747959600521577,0
0,0,-0.0743469898374035,0
0,0,-0.0738047128543011,0
0,0,-0.0731750881905782,0
0,0,-0.0724629772072738,0
0,0,-0.0716735549016241,0
0,0,-0.0708130939975522,0
0,0,-0.0698867694922937,0
0,0,-0.0689014813821635,0
0,0,-0.0678617773920052,0
0,0,-0.0667748711543303,0
0,0,-0.0656459376663744,0
0,0,-0.0644803087434713,0
0,0,-0.0632845707457409,0
0,0,-0.0620638986704178,0
0,0,-0.0608228402423469,0
0,0,-0.0595668840949596,0
0,0,-0.0583010484073948,0
0,0,-0.0570295672682996,0
0,0,-0.0557577724930077,0
0,0,-0.0544889572615795,0
0,0,-0.0532276692988587,0
0,0,-0.0519776722391979,0
0,0,-0.050742416080755,0
0,0,-0.0495259780940802,0
0,0,-0.0483313378230357,0
0,0,-0.047161161175289,0
0,0,-0.0460192117851939,0
0,0,-0.044908939650907,0
0,0,-0.0438309720448216,0
0,0,-0.0427896998736833,0
0,0,-0.0417871617727658,0
0,0,-0.0408249259230511,0
0,0,-0.0399061286864995,0
0,0,-0.039032338244092,0
0,0,-0.0382049659587115,0
0,0,-0.0374276186466127,0
0,0,-0.0367010803982868,0
0,0,-0.0360269193947138,0
0,0,-0.0354090560883453,0
0,0,-0.0348481177515738,0
0,0,-0.0343459862015756,0
0,0,-0.0339056409822148,0
0,0,-0.0335294343649615,0
0,0,-0.0332189345307966,0
0,0,-0.0329763369330928,0
0,0,-0.0328049347519097,0
0,0,-0.0327056688958363,0
0,0,-0.0326812052725383,0
0,0,-0.0327349938801741,0
0,0,-0.0328671915368411,0
0,0,-0.0330821891492855,0
0,0,-0.0333807708079975,0
0,0,-0.0337657592387425,0
0,0,-0.0342398203491869,0
0,0,-0.0348038950479197,0
0,0,-0.0354608060607059,0
0,0,-0.0362121215685262,0
0,0,-0.037059409752361,0
0,0,-0.038004866065583,0
0,0,-0.0390494314167812,0
0,0,-0.0401943603507393,0
0,0,-0.0414404369579484,0
0,0,-0.0427889157831928,0
0,0,-0.0442394831902763,0
0,0,-0.0457924528153945,0
0,0,-0.047447197386156,0
0,0,-0.049202305539678,0
0,0,-0.0510558954587833,0
0,0,-0.0530060853262951,0
0,0,-0.0550495819621551,0
0,0,-0.0571821512777146,0
0,0,-0.0593994023662282,0
0,0,-0.0616972579571462,0
0,0,-0.0640667794188791,0
0,0,-0.0665016940275045,0
0,0,-0.068995101786707,0
0,0,-0.0715371231563093,0
0,0,-0.0741188195047212,0
0,0,-0.0767296840193733,0
0,0,-0.0793579553429105,0
0,0,-0.0819921857541733,0
0,0,-0.0846201434415146,0
0,0,-0.0872286556846955,0
0,0,-0.0898045497634793,0
0,0,-0.0923340256852365,0
0,0,-0.0948023425487486,0
0,0,-0.0971949162708972,0
0,0,-0.0994974764047573,0
0,0,-0.101694341140522,0
0,0,-0.103771710485564,0
0,0,-0.10571343217578,0
0,0,-0.107505392582347,0
0,0,-0.109133478076438,0
0,0,-0.110582006848247,0
0,0,-0.111837649359438,0
0,0,-0.11288754652597,0
0,0,-0.113716330174233,0
0,0,-0.114312709401167,0
0,0,-0.114663981940828,0
0,0,-0.114758386435862,0
0,0,-0.114584631983208,0
0,0,-0.11413268222459,0
0,0,-0.113392657619831,0
0,0,-0.112355776355438,0
0,0,-0.111013570254116,0
0,0,-0.109359609773845,0
0,0,-0.107387465372604,0
0,0,-0.105092746143647,0
0,0,-0.102471374816425,0
0,0,-0.09951990139278,0
0,0,-0.0962380122365165,0
0,0,-0.0926244528028493,0
0,0,-0.0886817321813479,0
0,0,-0.0844115753710903,0
0,0,-0.0798182164607256,0
0,0,-0.0749077713560768,0
0,0,-0.0696863559629691,0
0,0,-0.0641630657310901,0
0,0,-0.0583480938368136,0
0,0,-0.0522528880012985,0
0,0,-0.0458912482171743,0
0,0,-0.0392776017494629,0
0,0,-0.0324295122251469,0
0,0,-0.025364072816916,0
0,0,-0.0181008857870271,0
0,0,-0.010662376123504,0
0,0,-0.00306893017909404,0
0,0,0.00465342024192306,0
0,0,0.0124794274257602,0
0,0,0.0203822754776481,0
0,0,0.0283342075942299,0
0,0,0.0363051147006772,0
0,0,0.0442650445402601,0
0,0,0.05218231985717,0
0,0,0.0600247929413036,0
0,0,0.0677584342653819,0
0,0,0.0753501552107125,0
0,0,0.0827652989776242,0
0,0,0.089968111039759,0
0,0,0.0969245618698362,0
0,0,0.10359952421389,0
0,0,0.109956773091269,0
0,0,0.115963847155673,0
0,0,0.121585148698841,0
0,0,0.126788216374475,0
0,0,0.131540588836276,0
0,0,0.135811686555122,0
0,0,0.139570302729497,0
0,0,0.14278915101034,0
0,0,0.145442356411469,0
0,0,0.147503103038116,0
0,0,0.148951631809924,0
0,0,0.149766301829361,0
0,0,0.149929079015151,0
0,0,0.149426006556565,0
0,0,0.148244225369561,0
0,0,0.14637573773114,0
0,0,0.143812702736397,0
0,0,0.14055292493196,0
0,0,0.136597031590222,0
0,0,0.131946434074064,0
0,0,0.126609130106487,0
0,0,0.120594215137181,0
0,0,0.113915959613067,0
0,0,0.106588477162972,0
0,0,0.0986332518663315,0
0,0,0.0900714541663823,0
0,0,0.0809277045045214,0
0,0,0.0712305437745959,0
0,0,0.0610094537790415,0
0,0,0.050297836772746,0
0,0,0.039129408646793,0
0,0,0.0275416489266194,0
0,0,0.0155723507738581,0
0,0,0.00326165962161329,0
0,0,-0.00934871091602929,0
0,0,-0.0222159494982997,0
0,0,-0.0352977152387203,0
0,0,-0.048548217252657,0
0,0,-0.0619241737450438,0
0,0,-0.0753794801950501,0
0,0,-0.0888692866266314,0
0,0,-0.10234874306374,0
0,0,-0.115772685894134,0
0,0,-0.129097362868454,0
0,0,-0.142278394464949,0
0,0,-0.155272812524748,0
0,0,-0.168038589797572,0
0,0,-0.18053432630553,0
0,0,-0.192720033433619,0
0,0,-0.204556193021124,0
0,0,-0.216006109633101,0
0,0,-0.227032931016503,0
0,0,-0.237602470825953,0
0,0,-0.247681483624662,0
0,0,-0.257239076247312,0
0,0,-0.266244669164779,0
0,0,-0.274670505573707,0
0,0,-0.282490710487916,0
0,0,-0.289682388465088,0
0,0,-0.296222644062906,0
0,0,-0.302091718201014,0
0,0,-0.307271890434331,0
0,0,-0.311747478953051,0
0,0,-0.315505154218838,0
0,0,-0.318532684420044,0
0,0,-0.32082505137753,0
0,0,-0.322371748278726,0
0,0,-0.323171206942651,0
0,0,-0.323221545552129,0
0,0,-0.322523077743357,0
0,0,-0.321077842151607,0
0,0,-0.318893679681785,0
0,0,-0.3159778039664,0
0,0,-0.312339624091337,0
0,0,-0.307993724139716,0
0,0,-0.302954374558459,0
0,0,-0.297238982156453,0
0,0,-0.290867462832151,0
0,0,-0.283861457483085,0
0,0,-0.276246213823045,0
0,0,-0.268046509111524,0
0,0,-0.259292766059545,0
0,0,-0.25001415283335,0
0,0,-0.240243601233531,0
0,0,-0.23001419987878,0
0,0,-0.219363585112631,0
0,0,-0.208326884189051,0
0,0,-0.196944242541143,0
0,0,-0.185256432874405,0
0,0,-0.173303443803843,0
0,0,-0.161129027578815,0
0,0,-0.148775838721995,0
0,0,-0.136289040845626,0
0,0,-0.123712856653361,0
0,0,-0.111093704302226,0
0,0,-0.0984762769501705,0
0,0,-0.0859077768447103,0
0,0,-0.0734325835075977,0
0,0,-0.0610968014596628,0
0,0,-0.0489451238588542,0
0,0,-0.0370217734088256,0
0,0,-0.0253706591770342,0
0,0,-0.0140330243232709,0
0,0,-0.00305011200732663,0
0,0,0.00753824597389152,0
0,0,0.0176950405492398,0
0,0,0.0273827921932814,0
0,0,0.0365693531959135,0
0,0,0.0452224190289354,0
0,0,0.0533118806175183,0
0,0,0.0608124902478744,0
0,0,0.0676983729338234,0
0,0,0.0739492991407151,0
0,0,0.0795451961519975,0
0,0,0.0844713230664524,0
0,0,0.0887146639819407,0
0,0,0.0922643984496962,0
0,0,0.0951144105638944,0
0,0,0.0972609366901815,0
0,0,0.0987028791018714,0
0,0,0.0994425900704348,0
0,0,0.0994850877750098,0
0,0,0.0988393108471861,0
0,0,0.0975145115547496,0
0,0,0.0955262148894078,0
0,0,0.0928890049342814,0
0,0,0.0896224839516278,0
0,0,0.085748606475176,0
0,0,0.081289797492949,0
0,0,0.0762739706264022,0
0,0,0.0707280985884018,0
0,0,0.0646837018166593,0
0,0,0.0581727712031788,0
0,0,0.0512294930933388,0
0,0,0.0438894651953992,0
0,0,0.0361904806709932,0
0,0,0.0281712735903423,0
0,0,0.0198713621141589,0
0,0,0.0113308916755466,0
0,0,0.00259345770576669,0
0,0,-0.00630142163446812,0
0,0,-0.0153093668234062,0
0,0,-0.0243875665202768,0
0,0,-0.0334938366567007,0
0,0,-0.0425845818014166,0
0,0,-0.0516166769774566,0
0,0,-0.0605482517526381,0
0,0,-0.0693357106957002,0
0,0,-0.0779381242830476,0
0,0,-0.0863136220824974,0
0,0,-0.0944233132057306,0
0,0,-0.102226738583447,0
0,0,-0.109687045962601,0
0,0,-0.116766912635854,0
0,0,-0.123431681803534,0
0,0,-0.129646539847871,0
0,0,-0.135380593603547,0
0,0,-0.140604204450027,0
0,0,-0.145288204221073,0
0,0,-0.149407188384797,0
0,0,-0.152937320590295,0
0,0,-0.155856959940033,0
0,0,-0.158147131444146,0
0,0,-0.159789801021357,0
0,0,-0.160771482315231,0
0,0,-0.161081354877004,0
0,0,-0.160707814167418,0
0,0,-0.159646626097825,0
0,0,-0.157891674762401,0
0,0,-0.155442960161146,0
0,0,-0.152300168657865,0
0,0,-0.148467220705007,0
0,0,-0.143951016298889,0
0,0,-0.138760023616805,0
0,0,-0.132904279017033,0
0,0,-0.126400562036064,0
0,0,-0.11926329993892,0
0,0,-0.111512565442153,0
0,0,-0.103169528989002,0
0,0,-0.0942588110208622,0
0,0,-0.0848061297058169,0
0,0,-0.0748408100282036,0
0,0,-0.0643932746990465,0
0,0,-0.0534969259732329,0
0,0,-0.0421861070142382,0
0,0,-0.0304973564389119,0
0,0,-0.0184684674088871,0
0,0,-0.00614021262965903,0
0,0,0.00644836019235329,0
0,0,0.0192538124439865,0
0,0,0.032233489602568,0
0,0,0.0453433257825417,0
0,0,0.0585400391888427,0
0,0,0.0717809752987975,0
0,0,0.0850159523210254,0
0,0,0.098204981640521,0
0,0,0.111299292828787,0
0,0,0.124255290454561,0
0,0,0.13702624272462,0
0,0,0.149568240571508,0
0,0,0.161837531745864,0
0,0,0.173789266271642,0
0,0,0.185381730534758,0
0,0,0.19657211319444,0
0,0,0.20732136654427,0
0,0,0.217590286059734,0
0,0,0.227338883125824,0
0,0,0.236533441851457,0
0,0,0.245135698620706,0
0,0,0.253114760268253,0
0,0,0.260437381357308,0
0,0,0.267074080085435,0
0,0,0.272996158740688,0
0,0,0.278177428700692,0
0,0,0.282593269524049,0
0,0,0.286223294858013,0
0,0,0.289044766078364,0
0,0,0.291042471829589,0
0,0,0.292200887119981,0
0,0,0.292507152865498,0
0,0,0.29195076225357,0
0,0,0.290523874379294,0
0,0,0.288222255154023,0
0,0,0.2850422977615,0
0,0,0.280984786292217,0
0,0,0.276051602563349,0
0,0,0.270248862480721,0
0,0,0.263582681950159,0
0,0,0.256064822329015,0
0,0,0.247707672247039,0
0,0,0.23852565896925,0
0,0,0.228538698394104,0
0,0,0.21776466778478,0
0,0,0.206228030764575,0
0,0,0.193953250956786,0
0,0,0.18096745789238,0
0,0,0.167300447009989,0
0,0,0.152983425111125,0
0,0,0.138050892177364,0
0,0,0.122537034554084,0
0,0,0.106479331766721,0
0,0,0.0899168315216923,0
0,0,0.0728898360702013,0
0,0,0.0554395885720378,0
0,0,0.0376101549127581,0
0,0,0.0194445032512311,0
0,0,0.000989051744483493,0
0,0,-0.0177115064495362,0
0,0,-0.0366090281747239,0
0,0,-0.055656468001659,0
0,0,-0.0748070941371205,0
0,0,-0.0940111952440207,0
0,0,-0.113222509983433,0
0,0,-0.132391954290661,0
0,0,-0.151473423644876,0
0,0,-0.170418618071874,0
0,0,-0.189181276232728,0
0,0,-0.207716391333291,0
0,0,-0.225976447489852,0
0,0,-0.243919887906424,0
0,0,-0.261501705788862,0
0,0,-0.278679717068788,0
0,0,-0.295412051314018,0
0,0,-0.311659817636234,0
0,0,-0.327383341056625,0
0,0,-0.342545612504048,0
0,0,-0.357111818360733,0
0,0,-0.371046517736519,0
0,0,-0.384318190193694,0
0,0,-0.396895628930744,0
0,0,-0.408749038509037,0
0,0,-0.419851289397607,0
0,0,-0.430178231609354,0
0,0,-0.439705401520979,0
0,0,-0.448411785507342,0
0,0,-0.456277938124283,0
0,0,-0.463287236653408,0
0,0,-0.469424626557302,0
0,0,-0.474676621479532,0
0,0,-0.479035223697097,0
0,0,-0.482488044580249,0
0,0,-0.48503257503942,0
0,0,-0.486663012804982,0
0,0,-0.487378730604542,0
0,0,-0.487178944347609,0
0,0,-0.486066947214244,0
0,0,-0.484048855110271,0
0,0,-0.481130783941514,0
0,0,-0.477322456430052,0
0,0,-0.472636418023731,0
0,0,-0.46708584144279,0
0,0,-0.460686722133228,0
0,0,-0.453458035084913,0
0,0,-0.445419853014397,0
0,0,-0.43659397363731,0
0,0,-0.427006115121734,0
0,0,-0.416681054727164,0
0,0,-0.405647019711251,0
0,0,-0.393933648694529,0
0,0,-0.381570893933727,0
0,0,-0.368592941774224,0
0,0,-0.355031783108025,0
0,0,-0.340924113370076,0
0,0,-0.326304432541951,0
0,0,-0.31121084742148,0
0,0,-0.295681464806491,0
0,0,-0.279755018767206,0
0,0,-0.26347165473673,0
0,0,-0.246871518148167,0
0,0,-0.229995852161306,0
0,0,-0.212886997662626,0
0,0,-0.195586040993819,0
0,0,-0.178137361676637,0
0,0,-0.160582516507065,0
0,0,-0.142965414552563,0
0,0,-0.125329494426293,0
0,0,-0.107716312924242,0
0,0,-0.0901694654776721,0
0,0,-0.0727316066092556,0
0,0,-0.0554439794787835,0
0,0,-0.0383476704279491,0
0,0,-0.0214823544355609,0
0,0,-0.00488754966233174,0
0,0,0.0114006757291845,0
0,0,0.0273449990316483,0
0,0,0.0429110770815837,0
0,0,0.058066291714594,0
0,0,0.0727791224929686,0
0,0,0.0870211853409577,0
0,0,0.100764096182812,0
0,0,0.11398292094094,0
0,0,0.12665429371873,0
0,0,0.138756887254844,0
0,0,0.150271726559419,0
0,0,0.161181875277862,0
0,0,0.171472749327054,0
0,0,0.181131646441052,0
0,0,0.19014774617109,0
0,0,0.198512580339872,0
0,0,0.206220033041573,0
0,0,0.213266811096135,0
0,0,0.219648209960615,0
0,0,0.225366111452191,0
0,0,0.230421613297547,0
0,0,0.234817695040549,0
0,0,0.23856047258702,0
0,0,0.241656689115177,0
0,0,0.24411449916612,0
0,0,0.245944723188614,0
0,0,0.247158495267622,0
0,0,0.247768988123381,0
0,0,0.247790629020914,0
0,0,0.247238158861438,0
0,0,0.246128357181445,0
0,0,0.24447721942694,0
0,0,0.242303877405884,0
0,0,0.239624797018574,0
0,0,0.23645958052727,0
0,0,0.232827202921835,0
0,0,0.22874632555594,0
0,0,0.224235766601352,0
0,0,0.219315598774623,0
0,0,0.214004012975129,0
0,0,0.20832045464703,0
0,0,0.20228389878019,0
0,0,0.195911752183496,0
0,0,0.189223773937303,0
0,0,0.182237684486691,0
0,0,0.174970420186253,0
0,0,0.167440799207755,0
0,0,0.15966560108769,0
0,0,0.151661918998748,0
0,0,0.143445434750733,0
0,0,0.135035280151611,0
0,0,0.126444627921619,0
0,0,0.117691041687739,0
0,0,0.108789889623582,0
0,0,0.0997560694484627,0
0,0,0.0906054197902872,0
0,0,0.0813528383683704,0
0,0,0.0720125956296365,0
0,0,0.062599432475303,0
0,0,0.0531274625341962,0
0,0,0.0436109562532392,0
0,0,0.0340633999888658,0
0,0,0.0244985937337054,0
0,0,0.014930337480388,0
0,0,0.00537180394915016,0
0,0,-0.00416430459406458,0
0,0,-0.0136641881566268,0
0,0,-0.0231159285630839,0
0,0,-0.0325061962751,0
0,0,-0.0418233867534188,0
0,0,-0.0510543272778028,0
0,0,-0.0601872564908974,0
0,0,-0.0692097857629553,0
0,0,-0.0781106241909165,0
0,0,-0.0868769126907402,0
0,0,-0.0954968899050703,0
0,0,-0.103959108112749,0
0,0,-0.112252276410716,0
0,0,-0.12036275162444,0
0,0,-0.12828081103184,0
0,0,-0.135993281912679,0
0,0,-0.143489187000094,0
0,0,-0.150756451300532,0
0,0,-0.157783156638541,0
0,0,-0.164559109837748,0
0,0,-0.171071608632209,0
0,0,-0.177309362118863,0
0,0,-0.183261393030847,0
0,0,-0.188916880919393,0
0,0,-0.194263123518559,0
0,0,-0.199290554924363,0
0,0,-0.203989138778528,0
0,0,-0.208346486451308,0
0,0,-0.212353659311114,0
0,0,-0.216000620999668,0
0,0,-0.219278276067285,0
0,0,-0.22217627451949,0
0,0,-0.224687402723773,0
0,0,-0.226804133411429,0
0,0,-0.228517371132768,0
0,0,-0.229822097708652,0
0,0,-0.230711883597062,0
0,0,-0.231181553800761,0
0,0,-0.231226403776807,0
0,0,-0.230842356254651,0
0,0,-0.2300287839619,0
0,0,-0.228780982355612,0
0,0,-0.227100519616768,0
0,0,-0.224985827564388,0
0,0,-0.222439572106138,0
0,0,-0.219462537332509,0
0,0,-0.216058957332148,0
0,0,-0.212232282103213,0
0,0,-0.207988470733431,0
0,0,-0.203333482310526,0
0,0,-0.198275000921307,0
0,0,-0.19282118110687,0
0,0,-0.186982843315982,0
0,0,-0.180769553452625,0
0,0,-0.174193072874154,0
0,0,-0.167267201573199,0
0,0,-0.160005269088095,0
0,0,-0.152421389047667,0
0,0,-0.144532340988409,0
0,0,-0.136355061264911,0
0,0,-0.127906015777469,0
0,0,-0.119204649970244,0
0,0,-0.110270095651199,0
0,0,-0.101122425536886,0
0,0,-0.0917834373429371,0
0,0,-0.0822736742401968,0
0,0,-0.072616031670983,0
0,0,-0.0628343459862014,0
0,0,-0.0529513558100712,0
0,0,-0.0429907406754001,0
0,0,-0.0329779051140733,0
0,0,-0.022937469567488,0
0,0,-0.012893113568451,0
0,0,-0.0028727507384172,0
0,0,0.00709978257170718,0
0,0,0.0169979841033494,0
0,0,0.0267977038694081,0
0,0,0.0364719691570163,0
0,0,0.0459955322523862,0
0,0,0.0553434590779252,0
0,0,0.0644906587379435,0
0,0,0.0734125107910453,0
0,0,0.0820837675234423,0
0,0,0.0904810630385231,0
0,0,0.0985794632586956,0
0,0,0.106355915923545,0
0,0,0.113788152863145,0
0,0,0.120853121817083,0
0,0,0.127528554615431,0
0,0,0.133794535359737,0
0,0,0.139630677697252,0
0,0,0.145016908911423,0
0,0,0.149935038102877,0
0,0,0.154367972098924,0
0,0,0.158299088181169,0
0,0,0.161713645448394,0
0,0,0.164596746181283,0
0,0,0.166936629022482,0
0,0,0.168722316705126,0
0,0,0.169943145598547,0
0,0,0.170591902070234,0
0,0,0.170660431579088,0
0,0,0.170144656854558,0
0,0,0.169039246081311,0
0,0,0.167343885623152,0
0,0,0.165057164117196,0
0,0,0.162180179290132,0
0,0,0.158716381140115,0
0,0,0.154669219665303,0
0,0,0.15004575168011,0
0,0,0.144853033998948,0
0,0,0.139100946161995,0
0,0,0.132800465436115,0
0,0,0.125963823632958,0
0,0,0.118605761653741,0
0,0,0.11074117721778,0
0,0,0.102387790770157,0
0,0,0.0935637932102469,0
0,0,0.0842883163460129,0
0,0,0.0745830010749882,0
0,0,0.0644699587489994,0
0,0,0.0539720848103638,0
0,0,0.0431139997004772,0
0,0,0.0319207943150301,0
0,0,0.020418970912595,0
0,0,0.00863565902413677,0
0,0,-0.00340122772888973,0
0,0,-0.0156628348164405,0
0,0,-0.028120621344668,0
0,0,-0.0407438509663521,0
0,0,-0.053502257788567,0
0,0,-0.0663655759183857,0
0,0,-0.0793022849180982,0
0,0,-0.0922814916223854,0
0,0,-0.105271675593537,0
0,0,-0.118241159575745,0
0,0,-0.131159050403689,0
0,0,-0.143993984457758,0
0,0,-0.156715068572634,0
0,0,-0.169291566401095,0
0,0,-0.181693682504511,0
0,0,-0.193890994171856,0
0,0,-0.205855274145478,0
0,0,-0.217557511077239,0
0,0,-0.22897057543617,0
0,0,-0.240065926328426,0
0,0,-0.250818786494512,0
0,0,-0.261204065038738,0
0,0,-0.271196671065415,0
0,0,-0.280773709132224,0
0,0,-0.289913851977829,0
0,0,-0.298594204159914,0
0,0,-0.306797202051494,0
0,0,-0.314502302481725,0
0,0,-0.321693353186504,0
0,0,-0.328356554173204,0
0,0,-0.334474184996742,0
0,0,-0.340036366116941,0
0,0,-0.345030865722152,0
0,0,-0.349447804272196,0
0,0,-0.353278399953582,0
0,0,-0.35651622322429,0
0,0,-0.359157039995672,0
0,0,-0.361195518452394,0
0,0,-0.362630874503965,0
0,0,-0.363461539969405,0
0,0,-0.363688926211597,0
0,0,-0.36331460141152,0
0,0,-0.362343426930215,0
0,0,-0.360781205037311,0
0,0,-0.35863342436624,0
0,0,-0.355908709912394,0
0,0,-0.35261709803405,0
0,0,-0.348767056908504,0
0,0,-0.344370975165502,0
0,0,-0.339440927798595,0
0,0,-0.333989303437531,0
0,0,-0.328029902074939,0
0,0,-0.321576680521546,0
0,0,-0.314644850132864,0
0,0,-0.307248367719622,0
0,0,-0.299403385545919,0
0,0,-0.291124017240582,0
0,0,-0.282427826430593,0
0,0,-0.273329867653367,0
0,0,-0.263845195446316,0
0,0,-0.253991216618327,0
0,0,-0.243782985706814,0
0,0,-0.233237595884466,0
0,0,-0.222371042597284,0
0,0,-0.211200105381762,0
0,0,-0.199741877410588,0
0,0,-0.188013295038354,0
0,0,-0.176031921892042,0
0,0,-0.163815478416733,0
0,0,-0.151382625966098,0
0,0,-0.138751869075707,0
0,0,-0.125940771372543,0
0,0,-0.112970660117943,0
0,0,-0.0998590989388902,0
0,0,-0.0866274150967216,0
0,0,-0.073295054035596,0
0,0,-0.0598825589263609,0
0,0,-0.0464115706665476,0
0,0,-0.0329015347003166,0
0,0,-0.0193742487432988,0
0,0,-0.00585041278443865,0
0,0,0.00764927318732012,0
0,0,0.0211028546382479,0
0,0,0.0344908861241857,0
0,0,0.0477910994752082,0
0,0,0.0609846765195476,0
0,0,0.0740502899958677,0
0,0,0.0869681808238125,0
0,0,0.0997187467411238,0
0,0,0.112282385485544,0
0,0,0.124639337976717,0
0,0,0.136771099679072,0
0,0,0.14865885242084,0
0,0,0.160283621212157,0
0,0,0.171627999244137,0
0,0,0.182674266071699,0
0,0,0.19340407397737,0
0,0,0.203801741151343,0
0,0,0.213849547148537,0
0,0,0.223531966977245,0
0,0,0.232832691555267,0
0,0,0.241737136799484,0
0,0,0.250230248172481,0
0,0,0.258298225681629,0
0,0,0.265926955698103,0
0,0,0.273103735955959,0
0,0,0.279816805097843,0
0,0,0.286053774494007,0
0,0,0.291804137331881,0
0,0,0.297057700435092,0
0,0,0.301804270627265,0
0,0,0.306036007003496,0
0,0,0.309744755022688,0
0,0,0.312923301052328,0
0,0,0.315565529186592,0
0,0,0.317665637155853,0
0,0,0.319218920417167,0
0,0,0.320222085790477,0
0,0,0.320671212823329,0
0,0,0.320564419698548,0
0,0,0.319900295053251,0
0,0,0.318678525251242,0
0,0,0.316899267110619,0
0,0,0.314564088812362,0
0,0,0.311675342627942,0
0,0,0.308235851283125,0
0,0,0.304249848866558,0
0,0,0.299722667193575,0
0,0,0.294660108533806,0
0,0,0.289070013792152,0
0,0,0.282959596601124,0
0,0,0.276338893319,0
0,0,0.269216842577368,0
0,0,0.261605205733583,0
0,0,0.253515744145,0
0,0,0.244961787349954,0
0,0,0.235957292159173,0
0,0,0.226517626746268,0
0,0,0.216660041102023,0
0,0,0.206399746581953,0
0,0,0.195755561357825,0
0,0,0.184746460419504,0
0,0,0.173391261938758,0
0,0,0.161710665904531,0
0,0,0.149724274579081,0
0,0,0.137453885678038,0
0,0,0.124920356008446,0
0,0,0.112145012831641,0
0,0,0.0991512220442337,0
0,0,0.0859588995446785,0
0,0,0.0725929794105677,0
0,0,0.0590732207222571,0
0,0,0.0454225189220636,0
0,0,0.0316636126342067,0
0,0,0.0178178291200231,0
0,0,0.00390586836845674,0
0,0,-0.0100495309962731,0
0,0,-0.0240282962576145,0
0,0,-0.0380097274266229,0
0,0,-0.0519735949686485,0
0,0,-0.0659010807119229,0
0,0,-0.0797716414856009,0
0,0,-0.0935684977531888,0
0,0,-0.107272674524822,0
0,0,-0.120866137719222,0
0,0,-0.134332891890387,0
0,0,-0.147655059775138,0
0,0,-0.160816959563669,0
0,0,-0.17380479126335,0
0,0,-0.1866008344291,0
0,0,-0.199192073158779,0
0,0,-0.211564393823563,0
0,0,-0.223703839612722,0
0,0,-0.235597865078413,0
0,0,-0.247233767954692,0
0,0,-0.258599159611813,0
0,0,-0.269683219601008,0
0,0,-0.280474029746825,0
0,0,-0.290961867327185,0
0,0,-0.301136382347614,0
0,0,-0.310987695267935,0
0,0,-0.320507181092756,0
0,0,-0.329686685280975,0
0,0,-0.338517896473397,0
0,0,-0.346992973765116,0
0,0,-0.355105644432213,0
0,0,-0.362849635750763,0
0,0,-0.370218674996844,0
0,0,-0.37720758717322,0
0,0,-0.383810726828362,0
0,0,-0.390024330327914,0
0,0,-0.395843065856544,0
0,0,-0.401263797052291,0
0,0,-0.406283701189387,0
0,0,-0.410897760088696,0
0,0,-0.415104091933042,0
0,0,-0.418900344450952,0
0,0,-0.422282910826173,0
0,0,-0.425250693332016,0
0,0,-0.427800555606522,0
0,0,-0.429931713559199,0
0,0,-0.43164150128238,0
0,0,-0.432929918776066,0
0,0,-0.433794143314492,0
0,0,-0.434233547625264,0
0,0,-0.434247190799796,0
0,0,-0.433833347839008,0
0,0,-0.432992175560997,0
0,0,-0.43172163533049,0
0,0,-0.430020943056997,0
0,0,-0.427890098740516,0
0,0,-0.425326750109577,0
0,0,-0.422329956255592,0
0,0,-0.418899403542364,0
0,0,-0.415034151061306,0
0,0,-0.410732944267632,0
0,0,-0.405995469525147,0
0,0,-0.400820629107164,0
0,0,-0.395208109377487,0
0,0,-0.38915838079041,0
0,0,-0.382669875164953,0
0,0,-0.37574463113639,0
0,0,-0.36838280552282,0
0,0,-0.360584398324242,0
0,0,-0.352351448175931,0
0,0,-0.343685209622672,0
0,0,-0.334587250845446,0
0,0,-0.325061021842409,0
0,0,-0.315109502157425,0
0,0,-0.304735514516259,0
0,0,-0.29394486118854,0
0,0,-0.282741619444817,0
0,0,-0.271131748372816,0
0,0,-0.259121363878363,0
0,0,-0.246718306866359,0
0,0,-0.233931202332199,0
0,0,-0.220768675271276,0
0,0,-0.20724201658665,0
0,0,-0.193362203545187,0
0,0,-0.179142408867123,0
0,0,-0.164595648454597,0
0,0,-0.149737447299318,0
0,0,-0.134585055392073,0
0,0,-0.119154938633158,0
0,0,-0.103465915194341,0
0,0,-0.0875394691550563,0
0,0,-0.0713969277766411,0
0,0,-0.0550594615023332,0
0,0,-0.0385513771373329,0
0,0,-0.0218977655773297,0
0,0,-0.00512387453611274,0
0,0,0.0117431664553542,0
0,0,0.0286762278661055,0
0,0,0.04564708243849,0
0,0,0.0626246801890913,0
0,0,0.0795796961335713,0
0,0,0.0964807666523178,0
0,0,0.113296057671424,0
0,0,0.1299923237541,0
0,0,0.146537260372145,0
0,0,0.162895740271593,0
0,0,0.179034204379459,0
0,0,0.194917368623678,0
0,0,0.210510733022677,0
0,0,0.225779640776783,0
0,0,0.240687553269148,0
0,0,0.255201068244884,0
0,0,0.269284587995731,0
0,0,0.282903769358214,0
0,0,0.296023485078366,0
0,0,0.308610803355594,0
0,0,0.320632792389304,0
0,0,0.332055736288414,0
0,0,0.342848898705702,0
0,0,0.352981229657752,0
0,0,0.362423560978325,0
0,0,0.371146410864985,0
0,0,0.379123433877257,0
0,0,0.386330009573745,0
0,0,0.392741203876857,0
0,0,0.398337257706237,0
0,0,0.403097157436745,0
0,0,0.407004750804281,0
0,0,0.410044512817135,0
0,0,0.41220421166366,0
0,0,0.413476476893246,0
0,0,0.413851272147616,0
0,0,0.413327186063889,0
0,0,0.411901552734398,0
0,0,0.409577038066809,0
0,0,0.406356935241182,0
0,0,0.402249085162421,0
0,0,0.397262896916407,0
0,0,0.391412484131969,0
0,0,0.38471039225695,0
0,0,0.377176850826,0
0,0,0.368830991647084,0
0,0,0.359693044254851,0
0,0,0.349788883635483,0
0,0,0.339143757502766,0
0,0,0.327786206750549,0
0,0,0.315744145000286,0
0,0,0.303049876780179,0
0,0,0.289734608891743,0
0,0,0.275832370862257,0
0,0,0.261377192219,0
0,0,0.246404670670233,0
0,0,0.230951658469001,0
0,0,0.21505406695976,0
0,0,0.198750002940339,0
0,0,0.182076945936177,0
0,0,0.165073943653689,0
0,0,0.147778161982118,0
0,0,0.130228491809783,0
0,0,0.112462883116415,0
0,0,0.0945191290636471,0
0,0,0.0764358069036031,0
0,0,0.0582491416169357,0
0,0,0.0399966127290818,0
0,0,0.0217150724930861,0
0,0,0.00343996179911099,0
0,0,-0.0147945330074652,0
0,0,-0.0329512460374031,0
0,0,-0.0509981863986959,0
0,0,-0.0689014813821635,0
0,0,-0.0866280423691139,0
0,0,-0.104145564831346,0
0,0,-0.12142409651213,0
0,0,-0.13843337151854,0
0,0,-0.155142967139552,0
0,0,-0.171526224298494,0
0,0,-0.187554758919618,0
0,0,-0.203202225562448,0
0,0,-0.218443846967491,0
0,0,-0.233253748148567,0
0,0,-0.247611542752926,0
0,0,-0.261492453521076,0
0,0,-0.274877505463151,0
0,0,-0.2877464690445,0
0,0,-0.300079898820963,0
0,0,-0.311861799346539,0
0,0,-0.32307492063044,0
0,0,-0.333704835407645,0
0,0,-0.343737273231229,0
0,0,-0.353160629561936,0
0,0,-0.361962986224314,0
0,0,-0.370134620496283,0
0,0,-0.377667064200546,0
0,0,-0.384552790068396,0
0,0,-0.390786152648305,0
0,0,-0.396362604215428,0
0,0,-0.4012791652259,0
0,0,-0.405533012953959,0
0,0,-0.409125558762486,0
0,0,-0.41205680265148,0
0,0,-0.41432941052861,0
0,0,-0.415947616482523,0
0,0,-0.416915811419964,0
0,0,-0.417240895337249,0
0,0,-0.416929297776398,0
0,0,-0.415989486914706,0
0,0,-0.414431185474253,0
0,0,-0.412263488904728,0
0,0,-0.409498315381582,0
0,0,-0.40614821035266,0
0,0,-0.402225405629613,0
0,0,-0.397743701205069,0
0,0,-0.392717994798344,0
0,0,-0.387163968219244,0
0,0,-0.381096205550891,0
0,0,-0.374531486329774,0
0,0,-0.367486276456193,0
0,0,-0.359977512284738,0
0,0,-0.352022757442391,0
0,0,-0.34363847782945,0
0,0,-0.334843334799582,0
0,0,-0.325653480616891,0
0,0,-0.316088047089339,0
0,0,-0.306165538752497,0
0,0,-0.295901951052367,0
0,0,-0.285317513523601,0
0,0,-0.274429162520788,0
0,0,-0.263256029851893,0
0,0,-0.251816620052487,0
0,0,-0.240129594476239,0
0,0,-0.22821439856731,0
0,0,-0.216089850497466,0
0,0,-0.203775866165162,0
0,0,-0.191291420560264,0
0,0,-0.178657527307912,0
0,0,-0.165893161397971,0
0,0,-0.15301870918319,0
0,0,-0.14005424338012,0
0,0,-0.12701936625102,0
0,0,-0.113936189147717,0
0,0,-0.100823059787684,0
0,0,-0.0877006781598654,0
0,0,-0.0745892737989104,0
0,0,-0.0615093898756668,0
0,0,-0.0484800013799996,0
0,0,-0.0355211810284604,0
0,0,-0.0226530015376016,0
0,0,-0.0098945947153869,0
0,0,0.00273365308543538,0
0,0,0.015214491874078,0
0,0,0.0275270648434995,0
0,0,0.0396534947305198,0
0,0,0.0515757474538623,0
0,0,0.0632743775693667,0
0,0,0.0747329191767363,0
0,0,0.0859320836499098,0
0,0,0.0968555619066886,0
0,0,0.107485476683893,0
0,0,0.117804577990737,0
0,0,0.127797497653609,0
0,0,0.137446515227429,0
0,0,0.146736105720489,0
0,0,0.155650587322982,0
0,0,0.164174435043199,0
0,0,0.172292594343728,0
0,0,0.17999032432335,0
0,0,0.187253981807532,0
0,0,0.194071021348432,0
0,0,0.200427642953418,0
0,0,0.206311928447038,0
0,0,0.211713057380526,0
0,0,0.21662067975941,0
0,0,0.221024916043511,0
0,0,0.224918082146024,0
0,0,0.228291866707753,0
0,0,0.231140624277167,0
0,0,0.233458552584637,0
0,0,0.235242044813908,0
0,0,0.236487494148725,0
0,0,0.237192705135714,0
0,0,0.237358461865367,0
0,0,0.236983823429094,0
0,0,0.236070828462171,0
0,0,0.23462167241797,0
0,0,0.232640746203238,0
0,0,0.230131656634229,0
0,0,0.227100676434866,0
0,0,0.223555332873856,0
0,0,0.219501898675122,0
0,0,0.214950567015038,0
0,0,0.209910433343291,0
0,0,0.204391690836256,0
0,0,0.198406571305581,0
0,0,0.191966679290523,0
0,0,0.185085657965614,0
0,0,0.177776209596797,0
0,0,0.170054486448172,0
0,0,0.161933818058074,0
0,0,0.153431297599193,0
0,0,0.144562293245139,0
0,0,0.135342329987619,0
0,0,0.125790853270794,0
0,0,0.115923701722568,0
0,0,0.105758125333729,0
0,0,0.0953134127303361,0
0,0,0.0846063434488848,0
0,0,0.0736562061154353,0
0,0,0.0624810348112654,0
0,0,0.0511001181624369,0
0,0,0.0395325879769131,0
0,0,0.02779741924456,0
0,0,0.0159140574095376,0
0,0,0.00390226155220086,0
0,0,-0.00821836606519089,0
0,0,-0.0204272822717922,0
0,0,-0.0327050416234439,0
0,0,-0.0450309441312002,0
0,0,-0.0573842898061179,0
0,0,-0.069745476385939,0
0,0,-0.0820923925188362,0
0,0,-0.0944057495787474,0
0,0,-0.10666312257765,0
0,0,-0.118843654708503,0
0,0,-0.13092664598236,0
0,0,-0.142890925955983,0
0,0,-0.154715167368036,0
0,0,-0.16637819977528,0
0,0,-0.177859793643065,0
0,0,-0.189137837619564,0
0,0,-0.200192258988225,0
0,0,-0.211002044123908,0
0,0,-0.221547590764355,0
0,0,-0.231808826193014,0
0,0,-0.241765520875233,0
0,0,-0.251399327093541,0
0,0,-0.260690485767581,0
0,0,-0.269621276452273,0
0,0,-0.278173037793946,0
0,0,-0.286328206165617,0
0,0,-0.294070786121285,0
0,0,-0.301383370852063,0
0,0,-0.308250592184343,0
0,0,-0.314658022853101,0
0,0,-0.320590294684729,0
0,0,-0.326034862231381,0
0,0,-0.330979180045211,0
0,0,-0.335410075405983,0
0,0,-0.339317668773518,0
0,0,-0.342690041972364,0
0,0,-0.345519667733814,0
0,0,-0.347796980153886,0
0,0,-0.349515079236265,0
0,0,-0.350668789983715,0
0,0,-0.351251055581823,0
0,0,-0.351259994213412,0
0,0,-0.350691999062228,0
0,0,-0.349546442855877,0
0,0,-0.347823011958164,0
0,0,-0.345523431368168,0
0,0,-0.342650837447848,0
0,0,-0.339209307467756,0
0,0,-0.335204330061324,0
0,0,-0.330643589315356,0
0,0,-0.325534142044265,0
0,0,-0.319886808696818,0
0,0,-0.313712252903683,0
0,0,-0.30702427465749,0
0,0,-0.299833694407004,0
0,0,-0.292158389415406,0
0,0,-0.284011846039128,0
0,0,-0.275412255177545,0
0,0,-0.266377180457642,0
0,0,-0.256924812778793,0
0,0,-0.247076322584237,0
0,0,-0.236851155318133,0
0,0,-0.226271422332309,0
0,0,-0.2153584508881,0
0,0,-0.204135763700217,0
0,0,-0.192625785756683,0
0,0,-0.180852039772206,0
0,0,-0.168838675733889,0
0,0,-0.156610314083128,0
0,0,-0.144190477534632,0
0,0,-0.131605354710776,0
0,0,-0.118878311508175,0
0,0,-0.106034438822516,0
0,0,-0.0930994548218819,0
0,0,-0.0800973526752778,0
0,0,-0.0670538505507844,0
0,0,-0.0539927847993082,0
0,0,-0.0409400304070291,0
0,0,-0.0279198941791476,0
0,0,-0.0149566829208625,0
0,0,-0.00207470343737459,0
0,0,0.0107012670118234,0
0,0,0.0233472352577266,0
0,0,0.035838894495136,0
0,0,0.0481520947369494,0
0,0,0.0602628428141636,0
0,0,0.0721476160120689,0
0,0,0.0837830484340538,0
0,0,0.0951465582739972,0
0,0,0.106215093271484,0
0,0,0.116967326165178,0
0,0,0.127381459239448,0
0,0,0.137436478869153,0
0,0,0.147112625973938,0
0,0,0.156390768745839,0
0,0,0.165252716285481,0
0,0,0.173681375420174,0
0,0,0.181660907522015,0
0,0,0.189176414871688,0
0,0,0.196215195203248,0
0,0,0.202765173523146,0
0,0,0.208814588474027,0
0,0,0.214356696877673,0
0,0,0.219384285101575,0
0,0,0.223890139513221,0
0,0,0.227872064659238,0
0,0,0.231326924177665,0
0,0,0.234254561250405,0
0,0,0.236655916786044,0
0,0,0.238531931693173,0
0,0,0.239889035513811,0
0,0,0.240730364609919,0
0,0,0.241064073522597,0
0,0,0.24089784633865,0
0,0,0.240241719416354,0
0,0,0.239105572295888,0
0,0,0.237501636788898,0
0,0,0.235443242433723,0
0,0,0.232943248314402,0
0,0,0.230017022604545,0
0,0,0.226679463023469,0
0,0,0.222946251380979,0
0,0,0.218834010395472,0
0,0,0.214358108240556,0
0,0,0.209536892633705,0
0,0,0.20438573174853,0
0,0,0.19892156193962,0
0,0,0.193161790015862,0
0,0,0.187122725059454,0
0,0,0.180819421607809,0
0,0,0.174269129651715,0
0,0,0.167486119638095,0
0,0,0.160485446104364,0
0,0,0.153280909043151,0
0,0,0.145885994810889,0
0,0,0.138314032945914,0
0,0,0.130575687078894,0
0,0,0.122683345839576,0
0,0,0.114647516040531,0
0,0,0.106478077221936,0
0,0,0.0981839680153809,0
0,0,0.0897749111429453,0
0,0,0.0812589043276306,0
0,0,0.0726434748381442,0
0,0,0.0639369340336831,0
0,0,0.0551460250924638,0
0,0,0.0462789025555861,0
0,0,0.0373426232374627,0
0,0,0.028344557588702,0
0,0,0.0192925465142082,0
0,0,0.0101939604645895,0
0,0,0.00105773807143539,0
0,0,-0.00810890703274292,0
0,0,-0.0172962521258652,0
0,0,-0.0264941040315584,0
0,0,-0.035694935481114,0
0,0,-0.0448874555714727,0
0,0,-0.0540603733995733,0
0,0,-0.0632049071519248,0
0,0,-0.0723083545625834,0
0,0,-0.081358954274195,0
0,0,-0.0903461994741888,0
0,0,-0.0992562901699363,0
0,0,-0.108077935458376,0
0,0,-0.11679796261927,0
0,0,-0.125404610295265,0
0,0,-0.133884548948025,0
0,0,-0.142224762675411,0
0,0,-0.150413490120068,0
0,0,-0.158438499470347,0
0,0,-0.166285833915521,0
0,0,-0.17394482982492,0
0,0,-0.181402157660212,0
0,0,-0.188647624245019,0
0,0,-0.195669468221988,0
0,0,-0.202456241869962,0
0,0,-0.208998379284957,0
0,0,-0.215285530472501,0
0,0,-0.221308599982907,0
0,0,-0.227058962820782,0
0,0,-0.232528778081221,0
0,0,-0.237710832131715,0
0,0,-0.24259728406736,0
0,0,-0.247183429345214,0
0,0,-0.251463936149943,0
0,0,-0.255432845393821,0
0,0,-0.259086393442495,0
0,0,-0.262420503025413,0
0,0,-0.265433449143499,0
0,0,-0.268120997708103,0
0,0,-0.270481737356345,0
0,0,-0.27251425672534,0
0,0,-0.274217614906502,0
0,0,-0.275591184627435,0
0,0,-0.276633554525261,0
0,0,-0.277347547325742,0
0,0,-0.277731908484094,0
0,0,-0.277789931180378,0
0,0,-0.277522242686984,0
0,0,-0.276931195275385,0
0,0,-0.276020395761834,0
0,0,-0.274792510054001,0
0,0,-0.273251772240531,0
0,0,-0.271403984591054,0
0,0,-0.269251813013236,0
0,0,-0.266801530231001,0
0,0,-0.264059722604467,0
0,0,-0.261030937858476,0
0,0,-0.25772254644364,0
0,0,-0.254140664265781,0
0,0,-0.250293916320295,0
0,0,-0.246187477604416,0
0,0,-0.241831227658321,0
0,0,-0.237233321023113,0
0,0,-0.232400657695104,0
0,0,-0.227343430850668,0
0,0,-0.222071363211885,0
0,0,-0.216593550228445,0
0,0,-0.210919400986229,0
0,0,-0.205061460933083,0
0,0,-0.199028511882499,0
0,0,-0.192833099282322,0
0,0,-0.186486357217514,0
0,0,-0.179999576591136,0
0,0,-0.173385146032934,0
0,0,-0.166655924626949,0
0,0,-0.159822105549557,0
0,0,-0.152898429701975,0
0,0,-0.145896344805361,0
0,0,-0.138828709943757,0
0,0,-0.131708541019302,0
0,0,-0.124548540297939,0
0,0,-0.117360939591317,0
0,0,-0.110160322982555,0
0,0,-0.102958608647107,0
0,0,-0.0957684988509155,0
0,0,-0.0886042640409048,0
0,0,-0.0814782928468212,0
0,0,-0.0744029738984117,0
0,0,-0.0673924208245024,0
0,0,-0.0604579245281539,0
0,0,-0.0536120304572109,0
0,0,-0.0468664999690287,0
0,0,-0.0402332512390593,0
0,0,-0.0337223206255789,0
0,0,-0.0273453126678445,0
0,0,-0.0211108523612493,0
0,0,-0.0150292897002657,0
0,0,-0.00910909286218942,0
0,0,-0.0033585732062168,0
0,0,0.00221536927133692,0
0,0,0.00760442321127419,0
0,0,0.0128034136163586,0
0,0,0.0178066950350606,0
0,0,0.0226086220158497,0
0,0,0.0272046468338818,0
0,0,0.031591789945294,0
0,0,0.0357655036252422,0
0,0,0.0397231219660599,0
0,0,0.0434629199686676,0
0,0,0.0469819180892028,0
0,0,0.050279802691469,0
0,0,0.0533554760487798,0
0,0,0.0562067427077622,0
0,0,0.0588353276674953,0
0,0,0.0612396627469982,0
0,0,0.063420218400565,0
0,0,0.0653784059910785,0
0,0,0.0671143823366367,0
0,0,0.0686298724363181,0
0,0,0.0699264444711034,0
0,0,0.0710050393495811,0
0,0,0.0718686366156145,0
0,0,0.0725191180863802,0
0,0,0.072958679215251,0
0,0,0.0731904563641879,0
0,0,0.073217742713251,0
0,0,0.0730430473520087,0
0,0,0.072670604369109,0
0,0,0.0721041773989053,0
0,0,0.0713465891671627,0
0,0,0.0704033283073131,0
0,0,0.0692773743632205,0
0,0,0.0679737455140221,0
0,0,0.0664971463026605,0
0,0,0.0648518108177827,0
0,0,0.0630426004204294,0
0,0,0.0610739060173457,0
0,0,0.0589499616971794,0
0,0,0.0566756288209709,0
0,0,0.0542551414773675,0
0,0,0.0516917928464287,0
0,0,0.0489904442891944,0
0,0,0.0461534480771357,0
0,0,0.0431847246627037,0
0,0,0.0400886649526448,0
0,0,0.036866837127939,0
0,0,0.0335231616410385,0
0,0,0.0300607748539043,0
0,0,0.0264823426742034,0
0,0,0.0227908446457987,0
0,0,0.0189902012211423,0
0,0,0.0150841760345877,0
0,0,0.0110751213576057,0
0,0,0.00696868264172656,0
0,0,0.0027678394308126,0
0,0,-0.00152113555121181,0
0,0,-0.00589432185189631,0
0,0,-0.0103452899292205,0
0,0,-0.0148680806954572,0
0,0,-0.0194554805180954,0
0,0,-0.0241005894008217,0
0,0,-0.0287954096206333,0
0,0,-0.0335311593640403,0
0,0,-0.0382992136356474,0
0,0,-0.0430896928952776,0
0,0,-0.047892247148459,0
0,0,-0.0526958991283268,0
0,0,-0.0574902988404088,0
0,0,-0.0622627440187618,0
0,0,-0.0670013164879334,0
0,0,-0.0716930003457837,0
0,0,-0.0763249365082727,0
0,0,-0.0808845795275541,0
0,0,-0.0853575021386068,0
0,0,-0.0897306884392914,0
0,0,-0.0939904952550763,0
0,0,-0.0981242203200187,0
0,0,-0.102117279550999,0
0,0,-0.105957441136367,0
0,0,-0.109631375537788,0
0,0,-0.113126223671221,0
0,0,-0.116431321905999,0
0,0,-0.119532242977098,0
0,0,-0.122419734616733,0
0,0,-0.125080937740863,0
0,0,-0.127506600081702,0
0,0,-0.129686528462877,0
0,0,-0.131610686526111,0
0,0,-0.133271076548402,0
0,0,-0.134658289443868,0
0,0,-0.135766209306684,0
0,0,-0.13658746568624,0
0,0,-0.137116413131007,0
0,0,-0.13734850391614,0
0,0,-0.137278719862502,0
0,0,-0.136905806425308,0
0,0,-0.136227097696891,0
0,0,-0.13524102549627,0
0,0,-0.133948217095839,0
0,0,-0.132350397494674,0
0,0,-0.130449605328052,0
0,0,-0.128249290594129,0
0,0,-0.125753530563456,0
0,0,-0.122969538868542,0
0,0,-0.119902490506624,0
0,0,-0.116559912746411,0
0,0,-0.11295152830998,0
0,0,-0.109085491738431,0
0,0,-0.104973721207217,0
0,0,-0.100625625802223,0
0,0,-0.0960540646074883,0
0,0,-0.0912714262527609,0
0,0,-0.0862904130039842,0
0,0,-0.0811245112175905,0
0,0,-0.0757881481586026,0
0,0,-0.0702949670015519,0
0,0,-0.064660492738146,0
0,0,-0.0588996230877012,0
0,0,-0.0530269421333378,0
0,0,-0.0470589157753522,0
0,0,-0.0410112258235499,0
0,0,-0.0348987699972478,0
0,0,-0.0287395823777229,0
0,0,-0.0225471493214089,0
0,0,-0.0163388776371904,0
0,0,-0.0101306059529721,0
0,0,-0.00393754562426518,0
0,0,0.00222399426673037,0
0,0,0.00833895918260108,0
0,0,0.0143924514040317,0
0,0,0.0203694163936072,0
0,0,0.026255426886306,0
0,0,0.0320366828894987,0
0,0,0.0376996980467521,0
0,0,0.0432314564559266,0
0,0,0.0486189422148831,0
0,0,0.0538502371481686,0
0,0,0.0589134230803308,0
0,0,0.0637976795626027,0
0,0,0.0684914020557286,0
0,0,0.0729853382919214,0
0,0,0.0772683541862198,0
0,0,0.081331981561328,0
0,0,0.0851661840589699,0
0,0,0.0887637480466346,0
0,0,0.092114793984144,0
0,0,0.0952128923294777,0
0,0,0.0980505158139289,0
0,0,0.100620293986888,0
0,0,0.102915326852041,0
0,0,0.104930439412152,0
0,0,0.106660143033787,0
0,0,0.108098164993025,0
0,0,0.109240428019317,0
0,0,0.110083482114504,0
0,0,0.110622465917547,0
0,0,0.110854713520778,0
0,0,0.110777402198433,0
0,0,0.11038817967904,0
0,0,0.10968547778162,0
0,0,0.108667257870896,0
0,0,0.107333363128772,0
0,0,0.10568269582856,0
0,0,0.103715255970261,0
0,0,0.101431827644365,0
0,0,0.0988325676689694,0
0,0,0.0959181033164676,0
0,0,0.0926909436764278,0
0,0,0.0891523432936348,0
0,0,0.0853048112576575,0
0,0,0.0811508566580652,0
0,0,0.0766936158568188,0
0,0,0.07193700930637,0
0,0,0.0668844870048764,0
0,0,0.0615416944038676,0
0,0,0.0559125519557961,0
0,0,0.05000364602078,0
0,0,0.0438207788684477,0
0,0,0.0373700664046235,0
0,0,0.0306599768066034,0
0,0,0.023696782798309,0
0,0,0.0164897366475272,0
0,0,0.00904730653155195,0
0,0,0.00137811744577832,0
0,0,-0.00650653970673432,0
0,0,-0.014599608111573,0
0,0,-0.0228866605037157,0
0,0,-0.0313573468886896,0
0,0,-0.0400005331815335,0
0,0,-0.0488024193896172,0
0,0,-0.057750146428899,0
0,0,-0.0668289733981621,0
0,0,-0.07602557075907,0
0,0,-0.085323315793229,0
0,0,-0.0947066835089305,0
0,0,-0.104159051187779,0
0,0,-0.113663168838989,0
0,0,-0.123200688745087,0
0,0,-0.132754204097187,0
0,0,-0.142305523995914,0
0,0,-0.15183504617901,0
0,0,-0.161323011566119,0
0,0,-0.170751856530259,0
0,0,-0.18010041062819,0
0,0,-0.189349698870047,0
0,0,-0.198479962175475,0
0,0,-0.207472539190803,0
0,0,-0.216307200381382,0
0,0,-0.224964970757345,0
0,0,-0.233427816237417,0
0,0,-0.241676291377435,0
0,0,-0.249691421187537,0
0,0,-0.25745783749411,0
0,0,-0.264955467580603,0
0,0,-0.272167845546719,0
0,0,-0.279079916855044,0
0,0,-0.285673176970008,0
0,0,-0.291933982717077,0
0,0,-0.297847436376937,0
0,0,-0.303397072049291,0
0,0,-0.308570971558686,0
0,0,-0.313355805366786,0
0,0,-0.317738243935256,0
0,0,-0.32170746681533,0
0,0,-0.325251869467752,0
0,0,-0.328361415534244,0
0,0,-0.331026068656532,0
0,0,-0.333237360657319,0
0,0,-0.334986823359311,0
0,0,-0.336267399948093,0
0,0,-0.337073131335941,0
0,0,-0.33739711752654,0
0,0,-0.337236222157927,0
0,0,-0.33658417250618,0
0,0,-0.335439400390321,0
0,0,-0.333799396720777,0
0,0,-0.331662906952766,0
0,0,-0.329029617450091,0
0,0,-0.325899998667046,0
0,0,-0.322276559693201,0
0,0,-0.318161809618124,0
0,0,-0.313559982530464,0
0,0,-0.308476410245554,0
0,0,-0.302916895033022,0
0,0,-0.296890532342557,0
0,0,-0.290404692624767,0
0,0,-0.283471137237006,0
0,0,-0.276100529809944,0
0,0,-0.268306356700014,0
0,0,-0.260102731536041,0
0,0,-0.251505336127832,0
0,0,-0.242530793193781,0
0,0,-0.233197764087558,0
0,0,-0.223524753344734,0
0,0,-0.213533401862843,0
0,0,-0.203243782358435,0
0,0,-0.192679574364318,0
0,0,-0.181864457413301,0
0,0,-0.170822111038191,0
0,0,-0.159578096588971,0
0,0,-0.148159073142313,0
0,0,-0.136590602048201,0
0,0,-0.124900283291894,0
0,0,-0.113115716858652,0
0,0,-0.101263561825143,0
0,0,-0.0893729863576096,0
0,0,-0.0774711199870154,0
0,0,-0.0655865036072082,0
0,0,-0.0537465803853491,0
0,0,-0.041979107124795,0
0,0,-0.0303113701746091,0
0,0,-0.0187700286114619,0
0,0,-0.00738142787582829,0
0,0,0.00382902750040537,0
0,0,0.0148364034396482,0
0,0,0.0256174908633853,0
0,0,0.0361482966026143,0
0,0,0.0464089047588803,0
0,0,0.0563761062536703,0
0,0,0.0660321806419035,0
0,0,0.075359407478498,0
0,0,0.0843389685916871,0
0,0,0.092957377625037,0
0,0,0.101199109586839,0
0,0,0.109051932665445,0
0,0,0.116505183230186,0
0,0,0.123547570378002,0
0,0,0.130171723658284,0
0,0,0.136369018075638,0
0,0,0.14213412181473,0
0,0,0.147462487150717,0
0,0,0.152350193631146,0
0,0,0.15679473216645,0
0,0,0.160795475484234,0
0,0,0.164351953130207,0
0,0,0.167465262831053,0
0,0,0.170137756858244,0
0,0,0.172371473847054,0
0,0,0.174172059249014,0
0,0,0.175542492607987,0
0,0,0.176490614828876,0
0,0,0.17702144409082,0
0,0,0.177144389479701,0
0,0,0.176866821446129,0
0,0,0.176198619530283,0
0,0,0.175150760999025,0
0,0,0.173733282210633,0
0,0,0.171959199067246,0
0,0,0.169840586562414,0
0,0,0.167390931052571,0
0,0,0.164624659802739,0
0,0,0.161556043259841,0
0,0,0.158200606415585,0
0,0,0.154574187897877,0
0,0,0.150693096788914,0
0,0,0.146573485352798,0
0,0,0.142233544488902,0
0,0,0.137690053733721,0
0,0,0.132960263078041,0
0,0,0.128062677057434,0
0,0,0.123014859298882,0
0,0,0.117835314337957,0
0,0,0.112541448983544,0
0,0,0.107152395043607,0
0,0,0.10168477523654,0
0,0,0.0961570940979155,0
0,0,0.0905869152547156,0
0,0,0.0849914886977274,0
0,0,0.079387280327248,0
0,0,0.0737915401340636,0
0,0,0.0682191658374909,0
0,0,0.0626869369740222,0
0,0,0.0572092808086795,0
0,0,0.0517999973340924,0
0,0,0.0464736706333804,0
0,0,0.0412441006991733,0
0,0,0.036123048888826,0
0,0,0.0311235311044775,0
0,0,0.0262565246129924,0
0,0,0.0215336339536274,0
0,0,0.0169653659389521,0
0,0,0.0125612864729492,0
0,0,0.00833111827769839,0
0,0,0.00428395680288651,0
0,0,0.000427329317221892,0
0,0,-0.0032307664562955,0
0,0,-0.00668374415754558,0
0,0,-0.00992533106260707,0
0,0,-0.012950508992342,0
0,0,-0.0157531620409251,0
0,0,-0.0183314083911794,0
0,0,-0.0206813275906549,0
0,0,-0.0227994696411922,0
0,0,-0.0246856777246948,0
0,0,-0.0263391677506716,0
0,0,-0.0277611942639079,0
0,0,-0.0289530118091872,0
0,0,-0.0299171294760788,0
0,0,-0.0306576245351322,0
0,0,-0.0311799856197806,0
0,0,-0.0314892309091608,0
0,0,-0.0315933581262747,0
0,0,-0.0314997377217312,0
0,0,-0.0312188765081002,0
0,0,-0.0307600267531679,0
0,0,-0.0301341657237978,0
0,0,-0.0293547797764243,0
0,0,-0.028433159814108,0
0,0,-0.027384203556164,0
0,0,-0.0262224950857131,0
0,0,-0.0249635593944629,0
0,0,-0.0236235487465138,0
0,0,-0.0222183017697708,0
0,0,-0.0207661661817067,0
0,0,-0.0192840783369129,0
0,0,-0.0177910132252547,0
0,0,-0.0163040640194204,0
0,0,-0.0148423625273746,0
0,0,-0.0134237860122959,0
0,0,-0.0120673094640505,0
0,0,-0.0107901828734253,0
0,0,-0.00961138123028527,0
0,0,-0.00854737043492726,0
0,0,-0.00761681184102103,0
0,0,-0.00683617134886294,0
0,0,-0.00622207167684796,0
0,0,-0.00578956736239,0
0,0,-0.00555449703339361,0
0,0,-0.00553097431868399,0
0,0,-0.00573248557469552,0
0,0,-0.00617188988546802,0
0,0,-0.00686110542645502,0
0,0,-0.00781063901022683,0
0,0,-0.00903052699505924,0
0,0,-0.0105284534677581,0
0,0,-0.0123132002418138,0
0,0,-0.0143893150420704,0
0,0,-0.0167624433200586,0
0,0,-0.0194360350739357,0
0,0,-0.022412756211369,0
0,0,-0.0256930771866523,0
0,0,-0.0292760570911971,0
0,0,-0.033161539106905,0
0,0,-0.0373438777822473,0
0,0,-0.041819466300967,0
0,0,-0.0465826592115343,0
0,0,-0.0516262428814384,0
0,0,-0.0569395536800112,0
0,0,-0.0625145938842508,0
0,0,-0.0683394453187054,0
0,0,-0.0744007784450387,0
0,0,-0.0806857341792103,0
0,0,-0.0871792579838057,0
0,0,-0.0938642566861355,0
0,0,-0.100725205294493,0
0,0,-0.107744696999992,0
0,0,-0.114902345449884,0
0,0,-0.122180116562892,0
0,0,-0.129557310350073,0
0,0,-0.137013540458677,0
0,0,-0.144526695536878,0
0,0,-0.152074977869046,0
0,0,-0.159636432921451,0
0,0,-0.167188792524168,0
0,0,-0.174708377144389,0
0,0,-0.182172604975995,0
0,0,-0.189559364667158,0
0,0,-0.196845603957462,0
0,0,-0.204008584222688,0
0,0,-0.211027448655794,0
0,0,-0.217879929086856,0
0,0,-0.22454438461834,0
0,0,-0.231001840260381,0
0,0,-0.237230655115446,0
0,0,-0.243212481466061,0
0,0,-0.248928187504264,0
0,0,-0.254359268694482,0
0,0,-0.259488945500222,0
0,0,-0.264300752021189,0
0,0,-0.26877869281138,0
0,0,-0.272907870151478,0
0,0,-0.276675424957444,0
0,0,-0.280067243600449,0
0,0,-0.283072035177436,0
0,0,-0.285680861056813,0
0,0,-0.287882273517422,0
0,0,-0.289670156653439,0
0,0,-0.291036983196157,0
0,0,-0.291976794057849,0
0,0,-0.292487080148946,0
0,0,-0.292563921016997,0
0,0,-0.2922074734801,0
0,0,-0.291416326175371,0
0,0,-0.290193301828578,0
0,0,-0.288541223165483,0
0,0,-0.28646401063854,0
0,0,-0.283966682426886,0
0,0,-0.281057236253522,0
0,0,-0.277742572114763,0
0,0,-0.274032726368885,0
0,0,-0.26993804901036,0
0,0,-0.265467792306975,0
0,0,-0.260636697159946,0
0,0,-0.255456211290433,0
0,0,-0.249941232417751,0
0,0,-0.244106187806923,0
0,0,-0.237966759267754,0
0,0,-0.231538314973855,0
0,0,-0.224838104916012,0
0,0,-0.217882438176425,0
0,0,-0.210687937473488,0
0,0,-0.203273420978968,0
0,0,-0.195654884138869,0
0,0,-0.187851145124957,0
0,0,-0.179879297109921,0
0,0,-0.171756276448352,0
0,0,-0.163499333131038,0
0,0,-0.155126501239255,0
0,0,-0.146653305764712,0
0,0,-0.138097780788685,0
0,0,-0.129474510394296,0
0,0,-0.120801215026624,0
0,0,-0.112094046949771,0
0,0,-0.103366649338267,0
0,0,-0.0946365858190962,0
0,0,-0.0859179700210843,0
0,0,-0.077225386027351,0
0,0,-0.0685738883753094,0
0,0,-0.0599775906937866,0
0,0,-0.05145044979351,0
0,0,-0.0430051679404218,0
0,0,-0.0346552314909557,0
0,0,-0.0264142836196442,0
0,0,-0.0182931447752522,0
0,0,-0.0103046740418221,0
0,0,-0.0024593782319231,0
0,0,0.00523066766089308,0
0,0,0.0127555840964493,0
0,0,0.020105177898371,0
0,0,0.0272689422540875,0
0,0,0.0342382521682061,0
0,0,0.0410033849186466,0
0,0,0.0475547746014271,0
0,0,0.0538859916745269,0
0,0,0.0599871565977685,0
0,0,0.0658507421024443,0
0,0,0.0714712595551226,0
0,0,0.0768389862337233,0
0,0,0.0819492175953043,0
0,0,0.0867947400073548,0
0,0,0.091371162563129,0
0,0,0.0956718989025085,0
0,0,0.0996934990273357,0
0,0,0.103430160667982,0
0,0,0.106880002007272,0
0,0,0.110038945774654,0
0,0,0.112903855608168,0
0,0,0.11547426105352,0
0,0,0.117747182566846,0
0,0,0.119721836057656,0
0,0,0.121397751071656,0
0,0,0.122774143518355,0
0,0,0.123851640670146,0
0,0,0.124631340253716,0
0,0,0.125113712723358,0
0,0,0.125301737622936,0
0,0,0.125195885406743,0
0,0,0.124801174253918,0
0,0,0.124119015527344,0
0,0,0.12315427058806,0
0,0,0.121912114433302,0
0,0,0.120397094787915,0
0,0,0.118615484375821,0
0,0,0.116574026375236,0
0,0,0.114279934418671,0
0,0,0.111741363047226,0
0,0,0.108966780438197,0
0,0,0.105965909313662,0
0,0,0.1027486292138,0
0,0,0.0993263878597701,0
0,0,0.0957096920641416,0
0,0,0.0919115577290543,0
0,0,0.0879439030299607,0
0,0,0.083820998413785,0
0,0,0.0795564870550578,0
0,0,0.0751651098549979,0
0,0,0.0706627054415094,0
0,0,0.066065269260595,0
0,0,0.0613892672125504,0
0,0,0.0566524197424576,0
0,0,0.0518732313858878,0
0,0,0.0470695794060199,0
0,0,0.0422616933375046,0
0,0,0.0374682345340109,0
0,0,0.0327099029844835,0
0,0,0.0280070850416703,0
0,0,0.0233793829678293,0
0,0,0.0188498490233759,0
0,0,0.0144368309257834,0
0,0,0.0101622832087804,0
0,0,0.00604596495272314,0
0,0,0.00210763523796764,0
0,0,-0.00163263321893448,0
0,0,-0.0051568063367059,0
0,0,-0.00844606594357855,0
0,0,-0.0114845734116487,0
0,0,-0.0142542946596381,0
0,0,-0.0167417433311147,0
0,0,-0.0189329626153498,0
0,0,-0.0208143093378119,0
0,0,-0.0223754335040299,0
0,0,-0.0236067692100211,0
0,0,-0.0244996914603919,0
0,0,-0.0250469866226325,0
0,0,-0.0252447342442899,0
0,0,-0.0250888570548149,0
0,0,-0.024578570963718,0
0,0,-0.023713562334802,0
0,0,-0.0224957129852443,0
0,0,-0.0209292570036922,0
0,0,-0.0190185852968923,0
0,0,-0.0167721660421384,0
0,0,-0.0141981537805317,0
0,0,-0.0113072121427392,0
0,0,-0.00811188657660589,0
0,0,-0.00462456571187986,0
0,0,-0.000862499539346806,0
0,0,0.00315878694928418,0
0,0,0.00742047558224601,0
0,0,0.0119024936429861,0
0,0,0.0165850820511493,0
0,0,0.0214447180920256,0
0,0,0.0264583495051998,0
0,0,0.0316005717587855,0
0,0,0.0368469212294853,0
0,0,0.0421691706596474,0
0,0,0.0475403473364053,0
0,0,0.0529308126392249,0
0,0,0.058312339310455,0
0,0,0.0636521523676004,0
0,0,0.0689215540987154,0
0,0,0.0740877695213049,0
0,0,0.0791181804709717,0
0,0,0.0839811096919074,0
0,0,0.0886440958378125,0
0,0,0.0930737366537997,0
0,0,0.097237727611668,0
0,0,0.101104077819413,0
0,0,0.104639698658343,0
0,0,0.107814324235531,0
0,0,0.110595179568484,0
0,0,0.112952626036666,0
0,0,0.114857025019544,0
0,0,0.116278581078485,0
0,0,0.117190321500624,0
0,0,0.117566841754073,0
0,0,0.117381639580261,0
0,0,0.116611349082575,0
0,0,0.11523621118066,0
0,0,0.113233644068395,0
0,0,0.110586711391188,0
0,0,0.107279888157332,0
0,0,0.103299374374198,0
0,0,0.0986326245939391,0
0,0,0.0932713274573591,0
0,0,0.0872092102405355,0
0,0,0.0804404706738393,0
0,0,0.0729651087572714,0
0,0,0.064782654036537,0
0,0,0.0558982815088724,0
0,0,0.0463170093534153,0
0,0,0.0360484034741479,0
0,0,0.0251043820465231,0
0,0,0.0134996859717584,0
0,0,0.00124984024156238,0
0,0,-0.0116246119732186,0
0,0,-0.0251006184121699,0
0,0,-0.0391540290881892,0
0,0,-0.0537580281065078,0
0,0,-0.0688823495741996,0
0,0,-0.0844956298716522,0
0,0,-0.100564623562076,0
0,0,-0.117052635210525,0
0,0,-0.133921871655364,0
0,0,-0.151133442008275,0
0,0,-0.168645475837075,0
0,0,-0.186414534528601,0
0,0,-0.204397806742081,0
0,0,-0.222549031138586,0
0,0,-0.240821475924894,0
0,0,-0.259167782035389,0
0,0,-0.277538865405379,0
0,0,-0.295886112424463,0
0,0,-0.314159811755556,0
0,0,-0.332307742972001,0
0,0,-0.350280822009107,0
0,0,-0.368026828440217,0
0,0,-0.385495266837755,0
0,0,-0.402635014501754,0
0,0,-0.419395732822734,0
0,0,-0.435727240009315,0
0,0,-0.451578726997726,0
0,0,-0.466901893813761,0
0,0,-0.481648126847023,0
0,0,-0.495770223849994,0
0,0,-0.509221609847549,0
0,0,-0.521956180318858,0
0,0,-0.533931751195542,0
0,0,-0.545103942955849,0
0,0,-0.555432766984772,0
0,0,-0.56487792103111,0
0,0,-0.573400984660838,0
0,0,-0.580968085164773,0
0,0,-0.587543311198459,0
0,0,-0.593095142324186,0
0,0,-0.597594253557615,0
0,0,-0.601013358549684,0
0,0,-0.603325484587526,0
0,0,-0.604508363501215,0
0,0,-0.604544274845672,0
0,0,-0.603411577723362,0
0,0,-0.601098040322638,0
0,0,-0.597591274013751,0
0,0,-0.592879987893643,0
0,0,-0.586958066056487,0
0,0,-0.579820960777442,0
0,0,-0.571469142510799,0
0,0,-0.561900415803187,0
0,0,-0.551122935195705,0
0,0,-0.539143130230374,0
0,0,-0.525971978174057,0
0,0,-0.511621083566012,0
0,0,-0.496108480487516,0
0,0,-0.479454555291317,0
0,0,-0.461677498876791,0
0,0,-0.442805852137784,0
0,0,-0.422865646878575,0
0,0,-0.401887776264483,0
0,0,-0.37990611300469,0
0,0,-0.356955313898867,0
0,0,-0.333075838016314,0
0,0,-0.308310183061607,0
0,0,-0.282700533103125,0
0,0,-0.256296599477953,0
0,0,-0.229146682160295,0
0,0,-0.201303158394904,0
0,0,-0.172820757698004,0
0,0,-0.143755307312507,0
0,0,-0.114166554933772,0
0,0,-0.0841134641666724,0
0,0,-0.0536595463409243,0
0,0,-0.0228673718776536,0
0,0,0.00819782289434468,0
0,0,0.0394681357386093,0
0,0,0.0708780166901501,0
0,0,0.102358465785819,0
0,0,0.133840012608175,0
0,0,0.165252559467383,0
0,0,0.196525538219315,0
0,0,0.227588223901744,0
0,0,0.258368323371464,0
0,0,0.288794641211953,0
0,0,0.318797079733378,0
0,0,0.348302875338237,0
0,0,0.377242871245285,0
0,0,0.405545715219902,0
0,0,0.433143034571334,0
0,0,0.459965829336432,0
0,0,0.485946824551128,0
0,0,0.511022665703804,0
0,0,0.535126861920881,0
0,0,0.558199508688899,0
0,0,0.580179917403908,0
0,0,0.601010535823918,0
0,0,0.620635693524118,0
0,0,0.639003954168343,0
0,0,0.656067488236682,0
0,0,0.671776113937757,0
0,0,0.686090940383248,0
0,0,0.698970253959069,0
0,0,0.710378143320764,0
0,0,0.720282774394427,0
0,0,0.728655919922407,0
0,0,0.735474370826188,0
0,0,0.740716956662534,0
0,0,0.744368936530227,0
0,0,0.74641870589001,0
0,0,0.746860619290351,0
0,0,0.745688717643526,0
0,0,0.742909116855358,0
0,0,0.738526991923084,0
0,0,0.732553006477372,0
0,0,0.725002528691831,0
0,0,0.715894376738231,0
0,0,0.705252543785573,0
0,0,0.69310290482004,0
0,0,0.679476823461242,0
0,0,0.664408015600264,0
0,0,0.647937097124505,0
0,0,0.630100763468911,0
0,0,0.610945903244802,0
0,0,0.590519561881598,0
0,0,0.56886941208111,0
0,0,0.546049242450973,0
0,0,0.522112841598823,0
0,0,0.497118075402846,0
0,0,0.47112092792405,0
0,0,0.444183655947366,0
0,0,0.41636726171294,0
0,0,0.387734629278096,0
0,0,0.358349426790647,0
0,0,0.328277047397486,0
0,0,0.297583981972191,0
0,0,0.26633531002546,0
0,0,0.234598776975653,0
0,0,0.202441500968744,0
0,0,0.1699307569688,0
0,0,0.137134917666578,0
0,0,0.104120317117558,0
0,0,0.0709562689210836,0
0,0,0.0377080094059494,0
0,0,0.00444375444481282,0
0,0,-0.0287703187249436,0
0,0,-0.0618688169564274,0
0,0,-0.0947865039208448,0
0,0,-0.127460338742774,0
0,0,-0.15982759418299,0
0,0,-0.191825386184169,0
0,0,-0.223395221595734,0
0,0,-0.254477195904225,0
0,0,-0.285013600049555,0
0,0,-0.314947038607832,0
0,0,-0.344224820698107,0
0,0,-0.372793941803236,0
0,0,-0.400601867860366,0
0,0,-0.427602651166766,0
0,0,-0.453746266749153,0
0,0,-0.47898880554007,0
0,0,-0.503287299380647,0
0,0,-0.526601289201584,0
0,0,-0.548892197750758,0
0,0,-0.570122545502731,0
0,0,-0.590260498383598,0
0,0,-0.609272810956567,0
0,0,-0.627130785509694,0
0,0,-0.643807135693916,0
0,0,-0.659276613795445,0
0,0,-0.673520088006317,0
0,0,-0.686513878793724,0
0,0,-0.698243088438351,0
0,0,-0.708692035130391,0
0,0,-0.717847389331508,0
0,0,-0.725699898773918,0
0,0,-0.732239527099343,0
0,0,-0.737460785674353,0
0,0,-0.741361949499868,0
0,0,-0.743939411759633,0
0,0,-0.745194113362235,0
0,0,-0.745130758850618,0
0,0,-0.743752170950545,0
0,0,-0.741065876930725,0
0,0,-0.737082383603727,0
0,0,-0.731812981872612,0
0,0,-0.72527068763952,0
0,0,-0.717471496350451,0
0,0,-0.708434226177175,0
0,0,-0.698177224837164,0
0,0,-0.686724171863227,0
0,0,-0.674097021789091,0
0,0,-0.660324785962899,0
0,0,-0.645433653007026,0
0,0,-0.629455143359185,0
0,0,-0.612422188819968,0
0,0,-0.594367407553771,0
0,0,-0.575329690448916,0
0,0,-0.55534636021274,0
0,0,-0.534459757731721,0
0,0,-0.512710655711355,0
0,0,-0.49014609958106,0
0,0,-0.466812193861669,0
0,0,-0.442757081709286,0
0,0,-0.418032356278173,0
0,0,-0.392689297086398,0
0,0,-0.366783731376871,0
0,0,-0.340369604575325,0
0,0,-0.313504939378044,0
0,0,-0.286247758481311,0
0,0,-0.258658750489076,0
0,0,-0.230797192642408,0
0,0,-0.202725812180532,0
0,0,-0.174507336342673,0
0,0,-0.146206217367134,0
0,0,-0.117885652947436,0
0,0,-0.0896091544132924,0
0,0,-0.0614432126382841,0
0,0,-0.0334510253159296,0
0,0,-0.00569657423023884,0
0,0,0.021756629289073,0
0,0,0.0488455443665843,0
0,0,0.0755091687621485,0
0,0,0.101686970689913,0
0,0,0.127319516090713,0
0,0,0.15234987999495,0
0,0,0.176722705614009,0
0,0,0.200384831612647,0
0,0,0.223286546653776,0
0,0,0.24537751212792,0
0,0,0.266613662149521,0
0,0,0.286950930833025,0
0,0,0.306350113653917,0
0,0,0.324773260632463,0
0,0,0.34218759678617,0
0,0,0.358563326676405,0
0,0,0.373873163954106,0
0,0,0.388093429086464,0
0,0,0.401206087992203,0
0,0,0.413193106590045,0
0,0,0.424042723522636,0
0,0,0.433746313794583,0
0,0,0.44229932968104,0
0,0,0.449698321183851,0
0,0,0.45594705193737,0
0,0,0.46105006966644,0
0,0,0.465015528912161,0
0,0,0.467855661486181,0
0,0,0.469585521925915,0
0,0,0.470223614766933,0
0,0,0.469789855907691,0
0,0,0.468309336243877,0
0,0,0.465807617125477,0
0,0,0.462314180354926,0
0,0,0.457859605461347,0
0,0,0.452477294699627,0
0,0,0.446203629868516,0
0,0,0.439074365494373,0
0,0,0.431128862919812,0
0,0,0.422407424396035,0
0,0,0.412952077173323,0
0,0,0.402804221229564,0
0,0,0.392008863358903,0
0,0,0.380610226264993,0
0,0,0.368651905379096,0
0,0,0.356180789312533,0
0,0,0.343242198495644,0
0,0,0.329882080631161,0
0,0,0.316145756149426,0
0,0,0.302078859116973,0
0,0,0.287726709964144,0
0,0,0.273133845030787,0
0,0,0.258343702930068,0
0,0,0.243400663183737,0
0,0,0.228345028042996,0
0,0,0.213219608848618,0
0,0,0.198062826034627,0
0,0,0.182914354579833,0
0,0,0.167810105828693,0
0,0,0.152786618398056,0
0,0,0.137878235451397,0
0,0,0.123116634244525,0
0,0,0.108533962487543,0
0,0,0.0941579769838077,0
0,0,0.0800172186271673,0
0,0,0.0661369351314096,0
0,0,0.0525411196655383,0
0,0,0.039251256308988,0
0,0,0.0262875745964091,0
0,0,0.013667010882392,0
0,0,0.00140681515772378,0
0,0,-0.0104807807659469,0
0,0,-0.0219835450769703,0
0,0,-0.0330914414170712,0
0,0,-0.0437977266080326,0
0,0,-0.0540962847440298,0
0,0,-0.0639835090088077,0
0,0,-0.0734586153118763,0
0,0,-0.0825200354722536,0
0,0,-0.0911705922157063,0
0,0,-0.0994135787222931,0
0,0,-0.107253542716858,0
0,0,-0.114697697831912,0
0,0,-0.121753414518063,0
0,0,-0.128429945043097,0
0,0,-0.134738109855782,0
0,0,-0.140689513495373,0
0,0,-0.146295917319226,0
0,0,-0.151570964501871,0
0,0,-0.156528768672135,0
0,0,-0.161184854821726,0
0,0,-0.165553336579468,0
0,0,-0.16964989575517,0
0,0,-0.17349225279391,0
0,0,-0.1770959326874,0
0,0,-0.180477244517835,0
0,0,-0.183654065548397,0
0,0,-0.186643332133675,0
0,0,-0.189460882901574,0
0,0,-0.192126947386744,0
0,0,-0.194655011945619,0
0,0,-0.197064835658554,0
0,0,-0.199372413971552,0
0,0,-0.201595467329694,0
0,0,-0.203750775269472,0
0,0,-0.205853235510204,0
0,0,-0.207920568496969,0
0,0,-0.209966260586202,0
0,0,-0.212007561768689,0
0,0,-0.214057017492275,0
0,0,-0.216129368658178,0
0,0,-0.218237160714244,0
0,0,-0.22039184138163,0
0,0,-0.22260532883579,0
0,0,-0.224887188980706,0
0,0,-0.22724526272128,0
0,0,-0.229689900051985,0
0,0,-0.232223923698586,0
0,0,-0.234853763203104,0
0,0,-0.237582084473205,0
0,0,-0.240409357963184,0
0,0,-0.243335740491139,0
0,0,-0.246358879785599,0
0,0,-0.249474855394111,0
0,0,-0.252677394592755,0
0,0,-0.255959597385215,0
0,0,-0.259312838776097,0
0,0,-0.262725357408048,0
0,0,-0.266186646468496,0
0,0,-0.26968227869242,0
0,0,-0.273197983632895,0
0,0,-0.276718236298215,0
0,0,-0.280226100333787,0
0,0,-0.28370322802214,0
0,0,-0.287131585281994,0
0,0,-0.290492353941584,0
0,0,-0.293763736285277,0
0,0,-0.296926443687013,0
0,0,-0.29995789434067,0
0,0,-0.3028377018935,0
0,0,-0.305541559540304,0
0,0,-0.30804845365594,0
0,0,-0.310335018343797,0
0,0,-0.312379769524441,0
0,0,-0.314158870846967,0
0,0,-0.315651935958625,0
0,0,-0.316836226235197,0
0,0,-0.317690728051543,0
0,0,-0.318195055054914,0
0,0,-0.318330232255444,0
0,0,-0.318076814208974,0
0,0,-0.317417394106619,0
0,0,-0.316336133320474,0
0,0,-0.314816879586439,0
0,0,-0.312845205639492,0
0,0,-0.310409506940377,0
0,0,-0.307496924405052,0
0,0,-0.304098676220025,0
0,0,-0.300205196481316,0
0,0,-0.295810212465,0
0,0,-0.290908705991941,0
0,0,-0.285495502064902,0
0,0,-0.279569189321001,0
0,0,-0.273130708668826,0
0,0,-0.266181314653161,0
0,0,-0.258723359545479,0
0,0,-0.250763743342092,0
0,0,-0.242308895585022,0
0,0,-0.233367754905858,0
0,0,-0.223951298571466,0
0,0,-0.214071758393493,0
0,0,-0.203742620728373,0
0,0,-0.192980508294502,0
0,0,-0.181802043810272,0
0,0,-0.170226359083649,0
0,0,-0.158273997285479,0
0,0,-0.145965501586607,0
0,0,-0.133323610611253,0
0,0,-0.120374512981794,0
0,0,-0.107140790504351,0
0,0,-0.0936508272546718,0
0,0,-0.0799315959456247,0
0,0,-0.0660108533805668,0
0,0,-0.0519182381800322,0
0,0,-0.03768370260075,0
0,0,-0.0233370420813528,0
0,0,-0.00891024751384495,0
0,0,0.00556688566314056,0
0,0,0.0200611120128154,0
0,0,0.034541695187958,0
0,0,0.0489764874784668,0
0,0,0.0633336548104344,0
0,0,0.0775816767461499,0
0,0,0.0916895033021969,0
0,0,0.105626554949453,0
0,0,0.119362252158797,0
0,0,0.132867113127792,0
0,0,0.146111969690198,0
0,0,0.159068280952168,0
0,0,0.171707819656051,0
0,0,0.18400439717947,0
0,0,0.195931197627656,0
0,0,0.207463286923017,0
0,0,0.218576358260354,0
0,0,0.229247516197349,0
0,0,0.239454963018372,0
0,0,0.249177214643987,0
0,0,0.258395923356723,0
0,0,0.267091643712418,0
0,0,0.27524838026507,0
0,0,0.282850294386774,0
0,0,0.289884213357295,0
0,0,0.296336023547806,0
0,0,0.30219568860003,0
0,0,0.307453172155692,0
0,0,0.312100476491791,0
0,0,0.316130074339619,0
0,0,0.319536790701941,0
0,0,0.322315921035815,0
0,0,0.324465897160259,0
0,0,0.325982955440921,0
0,0,0.326868350422586,0
0,0,0.327123179831938,0
0,0,0.326748384577567,0
0,0,0.325749296474807,0
0,0,0.324128738249424,0
0,0,0.321893609897731,0
0,0,0.319050027325554,0
0,0,0.315606301892089,0
0,0,0.311572156319416,0
0,0,0.306956686057224,0
0,0,0.301772436553358,0
0,0,0.296030855528975,0
0,0,0.289745272522411,0
0,0,0.282929330708198,0
0,0,0.275599025532339,0
0,0,0.267769725168442,0
0,0,0.259457895516806,0
0,0,0.250682041113001,0
0,0,0.241459882402108,0
0,0,0.2318099239197,0
0,0,0.221753022472817,0
0,0,0.211309093959916,0
0,0,0.200498995188037,0
0,0,0.189345307963301,0
0,0,0.177869359547047,0
0,0,0.16609482947208,0
0,0,0.154044613180718,0
0,0,0.141743174296259,0
0,0,0.129215290078197,0
0,0,0.116486521876517,0
0,0,0.103582117405005,0
0,0,0.0905288925584322,0
0,0,0.0773522518686838,0
0,0,0.0640804225934106,0
0,0,0.0507402206273821,0
0,0,0.0373590891377593,0
0,0,0.0239640008374085,0
0,0,0.0105844375287663,0
0,0,-0.00275309852959527,0
0,0,-0.0160208505343187,0
0,0,-0.02918996395536,0
0,0,-0.0422345638065399,0
0,0,-0.0551261091940101,0
0,0,-0.0678384114953937,0
0,0,-0.0803455957245117,0
0,0,-0.0926214732589857,0
0,0,-0.10464079638503,0
0,0,-0.116379885569834,0
0,0,-0.127815061280592,0
0,0,-0.138924525801674,0
0,0,-0.149686010963153,0
0,0,-0.160079914502773,0
0,0,-0.170087731884962,0
0,0,-0.17969158584654,0
0,0,-0.188874383214818,0
0,0,-0.197621226270482,0
0,0,-0.205919569565685,0
0,0,-0.21375624038019,0
0,0,-0.221120731901427,0
0,0,-0.228005046406396,0
0,0,-0.234400558899702,0
0,0,-0.240302251202207,0
0,0,-0.245705261952872,0
0,0,-0.250606454789734,0
0,0,-0.255005045622306,0
0,0,-0.258901034450584,0
0,0,-0.262296146273649,0
0,0,-0.265193360635364,0
0,0,-0.267596911624377,0
0,0,-0.269512915146511,0
0,0,-0.270949055288573,0
0,0,-0.271913329773563,0
0,0,-0.272416088595953,0
0,0,-0.27246815220451,0
0,0,-0.272082379683274,0
0,0,-0.271271786934387,0
0,0,-0.270051114859064,0
0,0,-0.26843620208521,0
0,0,-0.266443514513123,0
0,0,-0.264090458951687,0
0,0,-0.261395539936473,0
0,0,-0.258376948366857,0
0,0,-0.255055384231784,0
0,0,-0.251451390702098,0
0,0,-0.247584570040059,0
0,0,-0.243476876779395,0
0,0,-0.239149481363346,0
0,0,-0.234624651961834,0
0,0,-0.229922618109511,0
0,0,-0.225066902521086,0
0,0,-0.220078362003602,0
0,0,-0.214978637454591,0
0,0,-0.209789683407783,0
0,0,-0.204532356670219,0
0,0,-0.199226416322255,0
0,0,-0.193893346443326,0
0,0,-0.188552592477593,0
0,0,-0.183222188506331,0
0,0,-0.1779217367918,0
0,0,-0.172667860052393,0
0,0,-0.16747843555129,0
0,0,-0.162370242824984,0
0,0,-0.157356925048006,0
0,0,-0.152454791302555,0
0,0,-0.147676857490769,0
0,0,-0.143036609969084,0
0,0,-0.13854675100344,0
0,0,-0.134216219225428,0
0,0,-0.130058030537188,0
0,0,-0.126079869025525,0
0,0,-0.122290202867733,0
0,0,-0.11869734342301,0
0,0,-0.1153058384162,0
0,0,-0.112121803753127,0
0,0,-0.10914868943195,0
0,0,-0.10638947499653,0
0,0,-0.103845258173555,0
0,0,-0.101516352599221,0
0,0,-0.0994026014554291,0
0,0,-0.0975008683802179,0
0,0,-0.0958078601935292,0
0,0,-0.0943201268972049,0
0,0,-0.0930315525854211,0
0,0,-0.0919366486247446,0
0,0,-0.0910264763835864,0
0,0,-0.0902941358656323,0
0,0,-0.0897303748030955,0
0,0,-0.0893253136557984,0
0,0,-0.0890684456111711,0
0,0,-0.0889487934023492,0
0,0,-0.0889550661262715,0
0,0,-0.0890747183350934,0
0,0,-0.0892955182171664,0
0,0,-0.0896047635065466,0
0,0,-0.0899891246648993,0
0,0,-0.0904348016995946,0
0,0,-0.0909297196170817,0
0,0,-0.091458353425652,0
0,0,-0.0920095690403436,0
0,0,-0.0925676846513506,0
0,0,-0.0931210957194152,0
0,0,-0.09365584543381,0
0,0,-0.0941589178923964,0
0,0,-0.0946193358283093,0
0,0,-0.0950239265213123,0
0,0,-0.0953613990683438,0
0,0,-0.0956215602930304,0
0,0,-0.0957935897466058,0
0,0,-0.0958677647069895,0
0,0,-0.0958348329063959,0
0,0,-0.0956874238942167,0
0,0,-0.0954167558569601,0
0,0,-0.0950165560707029,0
0,0,-0.0944807086296217,0
0,0,-0.0938027839916952,0
0,0,-0.0929783912501776,0
0,0,-0.0920036099526172,0
0,0,-0.0908753037370537,0
0,0,-0.089589552151035,0
0,0,-0.0881468256488548,0
0,0,-0.0865457128676309,0
0,0,-0.0847860569892649,0
0,0,-0.0828697398309344,0
0,0,-0.0807984863917176,0
0,0,-0.0785743353068894,0
0,0,-0.0762015206650971,0
0,0,-0.0736850606454792,0
0,0,-0.0710287188823888,0
0,0,-0.0682401794626314,0
0,0,-0.0653250878377374,0
0,0,-0.0622903440040208,0
0,0,-0.0591434752301893,0
0,0,-0.0558927928754401,0
0,0,-0.052546921935167,0
0,0,-0.0491140169504685,0
0,0,-0.0456034870072286,0
0,0,-0.0420238002827432,0
0,0,-0.0383842090447974,0
0,0,-0.0346944360154716,0
0,0,-0.0309634198263553,0
0,0,-0.027199628654744,0
0,0,-0.0234124715865207,0
0,0,-0.0196104167989822,0
0,0,-0.0158042847408933,0
0,0,-0.0120003481361779,0
0,0,-0.00820911379740519,0
0,0,-0.00443732490279225,0
0,0,-0.000694704174419525,0
0,0,0.00301216202759536,0
0,0,0.00667496234405385,0
0,0,0.0102864831424465,0
0,0,0.0138387266997708,0
0,0,0.0173262043825955,0
0,0,0.0207404480136244,0
0,0,0.0240754985051315,0
0,0,0.0273255535874883,0
0,0,0.0304837132643803,0
0,0,0.0335441752661789,0
0,0,0.0365017645956482,0
0,0,0.0393511494374543,0
0,0,0.0420862138857721,0
0,0,0.0447035079424445,0
0,0,0.0471978566102356,0
0,0,0.0495642417100071,0
0,0,0.0517993700616999,0
0,0,0.0538985371223721,0
0,0,0.0558581360757682,0
0,0,0.0576742464694364,0
0,0,0.0593438887595139,0
0,0,0.0608622015849605,0
0,0,0.0622276167647955,0
0,0,0.0634359002103713,0
0,0,0.0644848564683154,0
0,0,0.0653704082680775,0
0,0,0.0660902033381869,0
0,0,0.0666429871338592,0
0,0,0.0670248392026427,0
0,0,0.0672352890902432,0
0,0,0.0672718277070918,0
0,0,0.0671339845988945,0
0,0,0.0668198779484743,0
0,0,0.0663307623006155,0
0,0,0.0656658535648282,0
0,0,0.0648256221954062,0
0,0,0.0638113227371344,0
0,0,0.0626249938252874,0
0,0,0.0612694581856301,0
0,0,0.0597469112715361,0
0,0,0.0580615871716523,0
0,0,0.0562175631565285,0
0,0,0.0542203278595976,0
0,0,0.0520747426418986,0
0,0,0.0497873938635509,0
0,0,0.0473653383389669,0
0,0,0.0448151624282653,0
0,0,0.0421456479449378,0
0,0,0.0393643221576916,0
0,0,0.0364798100619195,0
0,0,0.0335019911978001,0
0,0,0.0304396473788247,0
0,0,0.0273029717813673,0
0,0,0.0241020007637041,0
0,0,0.0208473979565034,0
0,0,0.017549042899943,0
0,0,0.0142186969513776,0
0,0,0.0108667101052795,0
0,0,0.0075029619018272,0
0,0,0.00414078187935485,0
0,0,0.000789265487551205,0
0,0,-0.00254076682481796,0
0,0,-0.00583786733659353,0
0,0,-0.00909152923520606,0
0,0,-0.0122915593442812,0
0,0,-0.0154287053960322,0
0,0,-0.018491833305498,0
0,0,-0.0214724748953828,0
0,0,-0.0243618483521948,0
0,0,-0.0271514854986388,0
0,0,-0.0298321340669288,0
0,0,-0.0323978349693385,0
0,0,-0.0348407473009644,0
0,0,-0.0371545983378851,0
0,0,-0.0393338994466674,0
0,0,-0.0413737892662717,0
0,0,-0.0432686223451677,0
0,0,-0.045015732775688,0
0,0,-0.0466096319244015,0
0,0,-0.0480507902456005,0
0,0,-0.0493338759239527,0
0,0,-0.0504596730499475,0
0,0,-0.0514280248054868,0
0,0,-0.0522376766457863,0
0,0,-0.0528894126613366,0
0,0,-0.0533855851236079,0
0,0,-0.053728389485974,0
0,0,-0.0539212757465916,0
0,0,-0.0539683211760104,0
0,0,-0.0538750144076627,0
0,0,-0.0536466872568827,0
0,0,-0.0532907101742797,0
0,0,-0.0528142967923642,0
0,0,-0.0522262289246276,0
0,0,-0.0515359156569541,0
0,0,-0.0507519819847367,0
0,0,-0.049886346083429,0
0,0,-0.0489510829465806,0
0,0,-0.0479565425686647,0
0,0,-0.0469171522147028,0
0,0,-0.0458451436963437,0
0,0,-0.0447546306424131,0
0,0,-0.043659883499835,0
0,0,-0.0425756431698272,0
0,0,-0.0415172778259992,0
0,0,-0.0404982738247859,0
0,0,-0.0395354107026784,0
0,0,-0.0386429589066017,0
0,0,-0.0378366002463616,0
0,0,-0.0371306051688813,0
0,0,-0.0365401850296743,0
0,0,-0.0360805511842514,0
0,0,-0.0357634649899679,0
0,0,-0.0356039809842376,0
0,0,-0.035614487796808,0
0,0,-0.0358067467850332,0
0,0,-0.0361923624881699,0
0,0,-0.0367807439921028,0
0,0,-0.0375811435646166,0
0,0,-0.0386010884744187,0
0,0,-0.0398474787178238,0
0,0,-0.0413262733825587,0
0,0,-0.04304092246678,0
0,0,-0.0449969146039206,0
0,0,-0.0471928384310975,0
0,0,-0.04963120303788,0
0,0,-0.0523096561527971,0
0,0,-0.0552272568672605,0
0,0,-0.0583785165478379,0
0,0,-0.0617587306515871,0
0,0,-0.0653620969088798,0
0,0,-0.0691799903243234,0
0,0,-0.0732031586301313,0
0,0,-0.0774215654680278,0
0,0,-0.0818223517539715,0
0,0,-0.0863937561306075,0
0,0,-0.0911218217872087,0
0,0,-0.0959903964596744,0
0,0,-0.100983955156297,0
0,0,-0.106085561522484,0
0,0,-0.111276554204568,0
0,0,-0.116538742303172,0
0,0,-0.121852994010333,0
0,0,-0.127199550245695,0
0,0,-0.132557083747921,0
0,0,-0.137906619527146,0
0,0,-0.143225889413446,0
0,0,-0.148494663872168,0
0,0,-0.153691929278174,0
0,0,-0.158795887915832,0
0,0,-0.163785996614297,0
0,0,-0.168642182657016,0
0,0,-0.173342648328358,0
0,0,-0.177868418638458,0
0,0,-0.182199264052666,0
0,0,-0.186316366399214,0
0,0,-0.190201534778726,0
0,0,-0.193835951019435,0
0,0,-0.197202992402947,0
0,0,-0.200287133937553,0
0,0,-0.203070968814369,0
0,0,-0.205541167495058,0
0,0,-0.207685184531777,0
0,0,-0.20948796538711,0
0,0,-0.21094041461137,0
0,0,-0.2120309276653,0
0,0,-0.2127515068259,0
0,0,-0.213093370279678,0
0,0,-0.213050558938906,0
0,0,-0.212618995533037,0
0,0,-0.211792564156244,0
0,0,-0.210570951172333,0
0,0,-0.208951647491734,0
0,0,-0.206935594023035,0
0,0,-0.204523731674825,0
0,0,-0.201719196809065,0
0,0,-0.198527478059188,0
0,0,-0.194953123150037,0
0,0,-0.191003972986515,0
0,0,-0.186687868473525,0
0,0,-0.182015630059834,0
0,0,-0.176998391830404,0
0,0,-0.171647915142591,0
0,0,-0.165979881806199,0
0,0,-0.160009032722448,0
0,0,-0.153751520155438,0
0,0,-0.14722584864074,0
0,0,-0.140450209077729,0
0,0,-0.133445144637252,0
0,0,-0.126230414399665,0
0,0,-0.118827502444402,0
0,0,-0.111260088304271,0
0,0,-0.103550596967295,0
0,0,-0.0957236488748697,0
0,0,-0.0878016690150175,0
0,0,-0.0798113164644104,0
0,0,-0.0717773684825421,0
0,0,-0.0637246023289058,0
0,0,-0.0556785793534859,0
0,0,-0.0476667427234443,0
0,0,-0.0397127719715878,0
0,0,-0.0318436398107833,0
0,0,-0.0240853780453096,0
0,0,-0.016462293480366,0
0,0,-0.00900026110213314,0
0,0,-0.00172233317102677,0
0,0,0.005346399417264,0
0,0,0.0121849230375979,0
0,0,0.0187703422476582,0
0,0,0.0250824275127943,0
0,0,0.0311006356621606,0
0,0,0.0368080303411655,0
0,0,0.0421870479228268,0
0,0,0.0472224770516314,0
0,0,0.0519014586435391,0
0,0,0.0562116040688021,0
0,0,0.060142406514851,0
0,0,0.063685711440586,0
0,0,0.0668344620315942,0
0,0,0.0695850514716201,0
0,0,0.071931834309134,0
0,0,0.0738754378165276,0
0,0,0.0754160188118991,0
0,0,0.0765543613857387,0
0,0,0.0772953268990868,0
0,0,0.0776431494405905,0
0,0,0.0776056699151535,0
0,0,0.0771902587733844,0
0,0,0.0764071091916574,0
0,0,0.0752671984368372,0
0,0,0.0737829151386702,0
0,0,0.0719668047450019,0
0,0,0.0698345490656385,0
0,0,0.067401202637994,0
0,0,0.0646832313623651,0
0,0,0.0616977284114406,0
0,0,0.0584630415026937,0
0,0,0.0549973615354999,0
0,0,0.0513190362273328,0
0,0,0.0474479814766462,0
0,0,0.0434033290914035,0
0,0,0.0392040540614709,0
0,0,0.0348700722853024,0
0,0,0.0304205155708608,0
0,0,0.0258757702708952,0
0,0,0.0212530863761924,0
0,0,0.0165733206937946,0
0,0,0.0118548209411751,0
0,0,0.00711530756341516,0
0,0,0.00237328509608603,0
0,0,-0.00235415328812272,0
0,0,-0.00704944396222895,0
0,0,-0.01169737557072,0
0,0,-0.0162816390313971,0
0,0,-0.0207874934430434,0
0,0,-0.0252019229035186,0
0,0,-0.0295111274201935,0
0,0,-0.0337035024538115,0
0,0,-0.0377680707375078,0
0,0,-0.0416938550044187,0
0,0,-0.0454720734410515,0
0,0,-0.0490942578701122,0
0,0,-0.0525525673866969,0
0,0,-0.0558404156306873,0
0,0,-0.058952627604847,0
0,0,-0.0618832442214491,0
0,0,-0.0646289723004353,0
0,0,-0.0671857345712557,0
0,0,-0.0695511787624385,0
0,0,-0.0717238935111022,0
0,0,-0.0737021538181678,0
0,0,-0.0754859596836353,0
0,0,-0.0770751542894065,0
0,0,-0.0784711489983637,0
0,0,-0.0796753551733899,0
0,0,-0.0806898114497596,0
0,0,-0.0815181246437289,0
0,0,-0.0821632742991606,0
0,0,-0.082629337686604,0
0,0,-0.0829214898032954,0
0,0,-0.0830444351921767,0
0,0,-0.0830042897590726,0
0,0,-0.0828077966821998,0
0,0,-0.0824606014130879,0
0,0,-0.0819710153109349,0
0,0,-0.0813460951901541,0
0,0,-0.0805924274108627,0
0,0,-0.079719577877044,0
0,0,-0.0787342897669138,0
0,0,-0.0776451880758655,0
0,0,-0.076460740981195,0
0,0,-0.0751883189335115,0
0,0,-0.0738370173825019,0
0,0,-0.0724151476873645,0
0,0,-0.0709291393901189,0
0,0,-0.0693890288490413,0
0,0,-0.0678007751518589,0
0,0,-0.0661739442025528,0
0,0,-0.0645148087250456,0
0,0,-0.0628304255337503,0
0,0,-0.06112863553357,0
0,0,-0.0594149273579369,0
0,0,-0.0576966714574597,0
0,0,-0.0559791996474731,0
0,0,-0.0542683141976052,0
0,0,-0.0525693469231896,0
0,0,-0.0508868455490714,0
0,0,-0.0492259850724853,0
0,0,-0.0475909995820799,0
0,0,-0.0459862799846007,0
0,0,-0.0444154330963028,0
0,0,-0.0428826930058345,0
0,0,-0.0413916665294508,0
0,0,-0.0399454900291131,0
0,0,-0.0385474566848811,0
0,0,-0.037202114221598,0
0,0,-0.0359108740021471,0
0,0,-0.0346779701151754,0
0,0,-0.0335054411959577,0
0,0,-0.0323970508788479,0
0,0,-0.0313548377991207,0
0,0,-0.0303816246825416,0
0,0,-0.0294800774367768,0
0,0,-0.0286516074247098,0
0,0,-0.0278987237359091,0
0,0,-0.0272233081875514,0
0,0,-0.0266272425968137,0
0,0,-0.0261117815084805,0
0,0,-0.025678493103532,0
0,0,-0.0253281614724594,0
0,0,-0.025061413887654,0
0,0,-0.0248791912577047,0
0,0,-0.0247829049454941,0
0,0,-0.0247719276786296,0
0,0,-0.0248472003656998,0
0,0,-0.0250084093705089,0
0,0,-0.0252563387835463,0
0,0,-0.0255902045143225,0
0,0,-0.0260098497447394,0
0,0,-0.0265151176566988,0
0,0,-0.0271033423425329,0
0,0,-0.0277751510746354,0
0,0,-0.0285277211272398,0
0,0,-0.0293607388641507,0
0,0,-0.0302705974691131,0
0,0,-0.0312558855792432,0
0,0,-0.032312996378286,0
0,0,-0.0334397344128691,0
0,0,-0.0346318655943448,0
0,0,-0.0358864103788492,0
0,0,-0.0371991346777351,0
0,0,-0.0385664316747468,0
0,0,-0.0399829695545503,0
0,0,-0.0414443574104001,0
0,0,-0.042946517971746,0
0,0,-0.044482708060372,0
0,0,-0.046049948132414,0
0,0,-0.0476430631906369,0
0,0,-0.0492557805111172,0
0,0,-0.050885747822385,0
0,0,-0.0525255946738302,0
0,0,-0.0541724983396883,0
0,0,-0.0558212838227234,0
0,0,-0.0574681874885815,0
0,0,-0.0591096025210078,0
0,0,-0.0607420789218444,0
0,0,-0.062362166692934,0
0,0,-0.0639670431085109,0
0,0,-0.0655532581704191,0
0,0,-0.0671187732433824,0
0,0,-0.0686607656016366,0
0,0,-0.0701762557013181,0
0,0,-0.0716639889976424,0
0,0,-0.0731203586743541,0
0,0,-0.0745434829142763,0
0,0,-0.0759310094459383,0
0,0,-0.0772794882711826,0
0,0,-0.0785862534823422,0
0,0,-0.0798484823536517,0
0,0,-0.0810619407964637,0
0,0,-0.0822236492669145,0
0,0,-0.083329216858259,0
0,0,-0.0843742526637513,0
0,0,-0.085354993049038,0
0,0,-0.0862673607435686,0
0,0,-0.0871057102958136,0
0,0,-0.0878651803447332,0
0,0,-0.0885416936197774,0
0,0,-0.0891294478513175,0
0,0,-0.0896235816783145,0
0,0,-0.0900190769216295,0
0,0,-0.0903109154021251,0
0,0,-0.0904951766673492,0
0,0,-0.0905666857200659,0
0,0,-0.0905218357440194,0
0,0,-0.0903567062867592,0
0,0,-0.0900689450768135,0
0,0,-0.0896555725703194,0
0,0,-0.0891148637681977,0
0,0,-0.088446348216155,0
0,0,-0.0876489281875042,0
0,0,-0.0867240150451286,0
0,0,-0.0856717656071252,0
0,0,-0.0844954730535544,0
0,0,-0.0831970192015919,0
0,0,-0.0817806381398867,0
0,0,-0.0802510344113795,0
0,0,-0.0786135398314047,0
0,0,-0.076873329397199,0
0,0,-0.0750388712860575,0
0,0,-0.0731164382219024,0
0,0,-0.0711157529268136,0
0,0,-0.069044185851401,0
0,0,-0.0669130278987239,0
0,0,-0.0647313745184704,0
0,0,-0.0625105166137014,0
0,0,-0.0602611178150847,0
0,0,-0.0579939985713871,0
0,0,-0.0557213906942571,0
0,0,-0.0534544282686575,0
0,0,-0.0512051862881391,0
0,0,-0.0489863670186449,0
0,0,-0.0468091045451372,0
0,0,-0.04468610113356,0
0,0,-0.0426291181412666,0
0,0,-0.0406496032894164,0
0,0,-0.0387599452077566,0
0,0,-0.0369709643450533,0
0,0,-0.0352931675138762,0
0,0,-0.0337391001620717,0
0,0,-0.0323167600126395,0
0,0,-0.0310386925134255,0
0,0,-0.0299122681150389,0
0,0,-0.0289467390852644,0
0,0,-0.0281515145099864,0
0,0,-0.0275328671131279,0
0,0,-0.0270997355262776,0
0,0,-0.0268566674742802,0
0,0,-0.0268105629534496,0
0,0,-0.0269667537791199,0
0,0,-0.0273286899494499,0
0,0,-0.0279004487349879,0
0,0,-0.0286835983167147,0
0,0,-0.0296811182384936,0
0,0,-0.0308928516822268,0
0,0,-0.0323180145574242,0
0,0,-0.0339564500459871,0
0,0,-0.0358047081497584,0
0,0,-0.0378601229610707,0
0,0,-0.0401175194826885,0
0,0,-0.0425720363535714,0
0,0,-0.0452164599412089,0
0,0,-0.0480442038854824,0
0,0,-0.0510453886462129,0
0,0,-0.0542113892280084,0
0,0,-0.0575321692725913,0
0,0,-0.0609954969683141,0
0,0,-0.0645897677759193,0
0,0,-0.0683024362475624,0
0,0,-0.0721195455725153,0
0,0,-0.0760265116676588,0
0,0,-0.0800093777222644,0
0,0,-0.0840530891989184,0
0,0,-0.0881394551982455,0
0,0,-0.0922548325457146,0
0,0,-0.0963816576143418,0
0,0,-0.100501739504753,0
0,0,-0.104599866861435,0
0,0,-0.108657535148816,0
0,0,-0.112658121648503,0
0,0,-0.116583905915414,0
0,0,-0.12041779477686,0
0,0,-0.124142851878249,0
0,0,-0.127742924955483,0
0,0,-0.131200607199676,0
0,0,-0.134501000891511,0
0,0,-0.137628737857379,0
0,0,-0.140568293105571,0
0,0,-0.143306650733948,0
0,0,-0.145829383477489,0
0,0,-0.148123789070249,0
0,0,-0.150178106154875,0
0,0,-0.151979632465424,0
0,0,-0.153520213460795,0
0,0,-0.154786676420753,0
0,0,-0.155773219075667,0
0,0,-0.156469177794871,0
0,0,-0.156867809400147,0
0,0,-0.156963625258064,0
0,0,-0.156748470827521,0
0,0,-0.156219680200853,0
0,0,-0.155372078380822,0
0,0,-0.154202529005468,0
0,0,-0.152708836621417,0
0,0,-0.150890530774376,0
0,0,-0.148746827373854,0
0,0,-0.146277726419851,0
0,0,-0.143488246091505,0
0,0,-0.140377445480228,0
0,0,-0.136952695036629,0
0,0,-0.133216974304571,0
0,0,-0.129178437825152,0
0,0,-0.124842574231807,0
0,0,-0.120219890337104,0
0,0,-0.115317756591653,0
0,0,-0.110147934352808,0
0,0,-0.104721871341728,0
0,0,-0.0990514857338655,0
0,0,-0.0931505775218506,0
0,0,-0.0870332603345086,0
0,0,-0.0807144318911558,0
0,0,-0.0742108717282847,0
0,0,-0.067537791201407,0
0,0,-0.0607140084822912,0
0,0,-0.0537580281065078,0
0,0,-0.0466871000648446,0
0,0,-0.0395222379824409,0
0,0,-0.0322830441215558,0
0,0,-0.0249886502901526,0
0,0,-0.0176624223848427,0
0,0,-0.0103244331221778,0
0,0,-0.00299632339969091,0
0,0,0.00429948179459472,0
0,0,0.011541498381245,0
0,0,0.0187066740998445,0
0,0,0.0257738385071542,0
0,0,0.0327208802513481,0
0,0,0.0395245902539121,0
0,0,0.046164738980196,0
0,0,0.0526207832593544,0
0,0,0.0588704549214616,0
0,0,0.0648947789766521,0
0,0,0.0706746236169622,0
0,0,0.0761911706706246,0
0,0,0.0814273269649504,0
0,0,0.0863664697815445,0
0,0,0.0909930741286988,0
0,0,0.0952927127413921,0
0,0,0.0992525265355821,0
0,0,0.102860283699621,0
0,0,0.106106261511429,0
0,0,0.108980423612728,0
0,0,0.111475399552912,0
0,0,0.113585543880448,0
0,0,0.115305524780004,0
0,0,0.116632519525813,0
0,0,0.117564019028308,0
0,0,0.11810143465037,0
0,0,0.118244766392,0
0,0,0.117997150615158,0
0,0,0.117364389589474,0
0,0,0.116351187857888,0
0,0,0.114965229507207,0
0,0,0.113215609987117,0
0,0,0.111112208837798,0
0,0,0.108665062417523,0
0,0,0.105889382081807,0
0,0,0.102795517825121,0
0,0,0.0993993082753695,0
0,0,0.0957153375156718,0
0,0,0.0917596009920314,0
0,0,0.0875474668780574,0
0,0,0.0830969692550276,0
0,0,0.0784236331146504,0
0,0,0.0735454925382026,0
0,0,0.0684791702440795,0
0,0,0.0632428571316559,0
0,0,0.0578520781926402,0
0,0,0.0523253379626036,0
0,0,0.0466776909789604,0
0,0,0.0409262304143996,0
0,0,0.035085697170139,0
0,0,0.0291725571464752,0
0,0,0.0232007671541359,0
0,0,0.0171849112762403,0
0,0,0.0111383190511249,0
0,0,0.00507447683522222,0
0,0,-0.000995010832210319,0
0,0,-0.00705759850332832,0
0,0,-0.0131013680026784,0
0,0,-0.0191169102443774,0
0,0,-0.0250940320520513,0
0,0,-0.0310222266131291,0
0,0,-0.0368938098408061,0
0,0,-0.0426990590130027,0
0,0,-0.0484318582238938,0
0,0,-0.0540831120237923,0
0,0,-0.0596473317792662,0
0,0,-0.0651168334035095,0
0,0,-0.0704867555354829,0
0,0,-0.0757516095417542,0
0,0,-0.0809049658803022,0
0,0,-0.0859446290977551,0
0,0,-0.090864326470189,0
0,0,-0.0956613920899382,0
0,0,-0.100332532776943,0
0,0,-0.104874768987339,0
0,0,-0.109285121177265,0
0,0,-0.113562334801935,0
0,0,-0.117703430317486,0
0,0,-0.121708407723919,0
0,0,-0.125575385204056,0
0,0,-0.129302794576917,0
0,0,-0.132890635842501,0
0,0,-0.136338752182712,0
0,0,-0.139645575416568,0
0,0,-0.142812830543148,0
0,0,-0.145841301652941,0
0,0,-0.148730047837361,0
0,0,-0.151480950913583,0
0,0,-0.154095108608294,0
0,0,-0.156573305011985,0
0,0,-0.158917421941831,0
0,0,-0.161128086670226,0
0,0,-0.163207494650543,0
0,0,-0.165157370881859,0
0,0,-0.166978813090861,0
0,0,-0.168674487185217,0
0,0,-0.170244863619221,0
0,0,-0.171692765118637,0
0,0,-0.173018818955858,0
0,0,-0.174225377402356,0
0,0,-0.175314165457207,0
0,0,-0.176286751301394,0
0,0,-0.177144859933995,0
0,0,-0.177890373172187,0
0,0,-0.178524388742656,0
0,0,-0.179049572553069,0
0,0,-0.179466238239623,0
0,0,-0.179776738073788,0
0,0,-0.179983110690839,0
0,0,-0.180085983363168,0
0,0,-0.180088492452737,0
0,0,-0.179989697050957,0
0,0,-0.179792890337888,0
0,0,-0.179499483676412,0
0,0,-0.179110417975118,0
0,0,-0.178627575051182,0
0,0,-0.1780512685408,0
0,0,-0.177383850715443,0
0,0,-0.176626262483701,0
0,0,-0.175778347027474,0
0,0,-0.174842456618233,0
0,0,-0.173817963983587,0
0,0,-0.172706437304516,0
0,0,-0.171507406126726,0
0,0,-0.170221184086413,0
0,0,-0.168848555274067,0
0,0,-0.167388892417296,0
0,0,-0.165841725061806,0
0,0,-0.164207680479989,0
0,0,-0.162484876854668,0
0,0,-0.160674882366824,0
0,0,-0.158775658381183,0
0,0,-0.15678830262443,0
0,0,-0.154710149188898,0
0,0,-0.152542138983176,0
0,0,-0.150282703826283,0
0,0,-0.147931216445828,0
0,0,-0.14548595184273,0
0,0,-0.142946910016991,0
0,0,-0.140314090968611,0
0,0,-0.137584828789921,0
0,0,-0.134758182572334,0
0,0,-0.131833525043458,0
0,0,-0.128810228930901,0
0,0,-0.125686255599386,0
0,0,-0.122460350504131,0
0,0,-0.119133454553723,0
0,0,-0.115701804113809,0
0,0,-0.112167281001566,0
0,0,-0.10852690567313,0
0,0,-0.104780521310404,0
0,0,-0.100927971095288,0
0,0,-0.0969678436649019,0
0,0,-0.0929002958373422,0
0,0,-0.0887247003402168,0
0,0,-0.0844427821726051,0
0,0,-0.0800525026992315,0
0,0,-0.0755574687363519,0
0,0,-0.0709584643744569,0
0,0,-0.066257057794526,0
0,0,-0.0614563853585216,0
0,0,-0.0565591129741103,0
0,0,-0.0515697883661361,0
0,0,-0.0464915478965595,0
0,0,-0.0413300370169122,0
0,0,-0.0360898034520371,0
0,0,-0.0307779040163471,0
0,0,-0.0253987296165878,0
0,0,-0.0199604347938589,0
0,0,-0.0144708604530634,0
0,0,-0.00893565204573166,0
0,0,-0.00336453229394318,0
0,0,0.00223450107930079,0
0,0,0.00785297989670397,0
0,0,0.0134816518904812,0
0,0,0.0191107943385529,0
0,0,0.0247311549731331,0
0,0,0.0303331678902399,0
0,0,0.0359061694592049,0
0,0,0.0414399665036542,0
0,0,0.0469248363015078,0
0,0,0.0523490174954111,0
0,0,0.0577031009994802,0
0,0,0.0629754822744581,0
0,0,0.0681543999629908,0
0,0,0.0732307586153904,0
0,0,0.0781920127838114,0
0,0,0.0830274988375859,0
0,0,0.0877265531460454,0
0,0,0.0922777279880316,0
0,0,0.0966702029147781,0
0,0,0.10089300065942,0
0,0,0.104934830318897,0
0,0,0.108785028262542,0
0,0,0.112432303587293,0
0,0,0.115865679026285,0
0,0,0.119074177312655,0
0,0,0.122046193907146,0
0,0,0.12477106517909,0
0,0,0.127238284315916,0
0,0,0.129435462687878,0
0,0,0.131353818481483,0
0,0,0.132980178976495,0
0,0,0.134306232813717,0
0,0,0.135322257271067,0
0,0,0.136016020536898,0
0,0,0.13638266125017,0
0,0,0.136410888507821,0
0,0,0.136094272767832,0
0,0,0.135426070851985,0
0,0,0.134399539582064,0
0,0,0.133010444869421,0
0,0,0.131253925353017,0
0,0,0.129127942397576,0
0,0,0.126629516459235,0
0,0,0.123758177083701,0
0,0,0.120513610634776,0
0,0,0.116898169383932,0
0,0,0.112913891966444,0
0,0,0.108564855652861,0
0,0,0.103857176349008,0
0,0,0.098796499506415,0
0,0,0.093393018301456,0
0,0,0.0876537895485441,0
0,0,0.0815910450593282,0
0,0,0.0752171734635549,0
0,0,0.0685455042995602,0
0,0,0.061589837559973,0
0,0,0.0543682073260709,0
0,0,0.0468959817714643,0
0,0,0.03919119497743,0
0,0,0.0312742332967162,0
0,0,0.023164071719189,0
0,0,0.0148814102337924,0
0,0,0.00644836019235329,0
0,0,-0.00211453523428229,0
0,0,-0.0107840669676007,0
0,0,-0.0195374963833826,0
0,0,-0.0283530257659979,0
0,0,-0.037206975582638,0
0,0,-0.046076293572889,0
0,0,-0.0549391820211189,0
0,0,-0.0637721182126187,0
0,0,-0.0725526771593656,0
0,0,-0.0812584338733364,0
0,0,-0.089868531547489,0
0,0,-0.0983605451937997,0
0,0,-0.106712677096639,0
0,0,-0.114905011357551,0
0,0,-0.122916534351396,0
0,0,-0.130728114270212,0
0,0,-0.138318737488856,0
0,0,-0.145671154016543,0
0,0,-0.152765918409112,0
0,0,-0.159586407948169,0
0,0,-0.166115999915318,0
0,0,-0.172338542046461,0
0,0,-0.178239293440378,0
0,0,-0.183804297286342,0
0,0,-0.189020067227919,0
0,0,-0.193874841907755,0
0,0,-0.198357644058985,0
0,0,-0.202457810050942,0
0,0,-0.206167028524428,0
0,0,-0.209477458574539,0
0,0,-0.212381572932569,0
0,0,-0.214873882965085,0
0,0,-0.216949684129146,0
0,0,-0.218606467335182,0
0,0,-0.219840939403135,0
0,0,-0.220653257151102,0
0,0,-0.221044204669572,0
0,0,-0.221014566049039,0
0,0,-0.220567164015265,0
0,0,-0.219707173565487,0
0,0,-0.218440867423628,0
0,0,-0.216773577405021,0
0,0,-0.214716280776532,0
0,0,-0.212276504806867,0
0,0,-0.209467579034361,0
0,0,-0.206299539817291,0
0,0,-0.202788539419757,0
0,0,-0.198948691470585,0
0,0,-0.194794893689091,0
0,0,-0.19034690515563,0
0,0,-0.185622132679088,0
0,0,-0.18063876715884,0
0,0,-0.175418449492419,0
0,0,-0.169981879668769,0
0,0,-0.164349757676834,0
0,0,-0.158544978958932,0
0,0,-0.152589498048791,0
0,0,-0.146505896752533,0
0,0,-0.14031738414867,0
0,0,-0.134045757952834,0
0,0,-0.127715795424518,0
0,0,-0.121347412462177,0
0,0,-0.114963974962422,0
0,0,-0.108586967004688,0
0,0,-0.102237872668409,0
0,0,-0.0959359805796469,0
0,0,-0.0897027748178365,0
0,0,-0.0835567599185489,0
0,0,-0.0775162835992578,0
0,0,-0.0715996935774368,0
0,0,-0.0658232989352838,0
0,0,-0.0602040360273902,0
0,0,-0.0547575866635619,0
0,0,-0.0494983781088212,0
0,0,-0.0444411512643854,0
0,0,-0.0395992356685899,0
0,0,-0.0349836085883003,0
0,0,-0.0306080700161445,0
0,0,-0.0264815585837133,0
0,0,-0.0226144242854781,0
0,0,-0.0190167034797153,0
0,0,-0.0156945120722495,0
0,0,-0.0126574159670623,0
0,0,-0.00990870834421254,0
0,0,-0.00745528920001615,0
0,0,-0.00530060853262992,0
0,0,-0.00344795952211274,0
0,0,-0.00189859671324977,0
0,0,-0.000654872377511273,0
0,0,0.000283997575591943,0
0,0,0.000920208599434202,0
0,0,0.00125407433020985,0
0,0,0.00128935840227418,0
0,0,0.00103060854047055,0
0,0,0.000482372469641668,0
0,0,-0.000350017994876883,0
0,0,-0.00145950603867318,0
0,0,-0.00283840757494125,0
0,0,-0.00447809760828877,0
0,0,-0.00637026477951785,0
0,0,-0.0085037750036655,0
0,0,-0.0108690623767508,0
0,0,-0.0134538950871244,0
0,0,-0.0162472958679217,0
0,0,-0.0192359351808077,0
0,0,-0.0224074243960348,0
0,0,-0.0257478067028764,0
0,0,-0.0292443798353881,0
0,0,-0.0328813051656669,0
0,0,-0.036644625882984,0
0,0,-0.0405203851766127,0
0,0,-0.0444932148729419,0
0,0,-0.0485475899802646,0
0,0,-0.052669240051656,0
0,0,-0.056841542368722,0
0,0,-0.0610511673931269,0
0,0,-0.0652805514978874,0
0,0,-0.0695158946903743,0
0,0,-0.0737424560693701,0
0,0,-0.0779434560983817,0
0,0,-0.0821055652390731,0
0,0,-0.0862134153178352,0
0,0,-0.0902522654334493,0
0,0,-0.0942086292294823,0
0,0,-0.0980672953504217,0
0,0,-0.10181603198462,0
0,0,-0.105440098230857,0
0,0,-0.108927575913681,0
0,0,-0.112265605949051,0
0,0,-0.115441642889123,0
0,0,-0.118444552648932,0
0,0,-0.121263671597812,0
0,0,-0.123886924742211,0
0,0,-0.126306000722931,0
0,0,-0.128510235909306,0
0,0,-0.130491789396431,0
0,0,-0.132241252098422,0
0,0,-0.13375297856375,0
0,0,-0.135017559706531,0
0,0,-0.136031545528607,0
0,0,-0.136787565579369,0
0,0,-0.137281542588267,0
0,0,-0.137509085648557,0
0,0,-0.137466587943982,0
0,0,-0.137151697203071,0
0,0,-0.13656159070006,0
0,0,-0.135694386617771,0
0,0,-0.134550398592401,0
0,0,-0.133128372079165,0
0,0,-0.131427052533279,0
0,0,-0.129449419498605,0
0,0,-0.127195316157047,0
0,0,-0.124665997053388,0
0,0,-0.121863657641001,0
0,0,-0.11879127746375,0
0,0,-0.115451836065497,0
0,0,-0.111848156172007,0
0,0,-0.107985412780518,0
0,0,-0.103867683161578,0
0,0,-0.0995004559486202,0
0,0,-0.0948890629569775,0
0,0,-0.0900411882734562,0
0,0,-0.084963261440076,0
0,0,-0.0796629665436429,0
0,0,-0.0741492422157455,0
0,0,-0.0684314975422684,0
0,0,-0.0625185143367025,0
0,0,-0.0564212698659127,0
0,0,-0.0501504277605669,0
0,0,-0.0437160243789413,0
0,0,-0.0371321733498619,0
0,0,-0.0304100087582907,0
0,0,-0.0235622328701711,0
0,0,-0.0166029593143289,0
0,0,-0.00954489035670614,0
0,0,-0.00240370780711097,0
0,0,0.00480772925041739,0
0,0,0.0120724844612867,0
0,0,0.0193755032880836,0
0,0,0.0267012607390993,0
0,0,0.0340318795511552,0
0,0,0.0413508938239544,0
0,0,0.0486412103848082,0
0,0,0.0558841678800468,0
0,0,0.0630606345017064,0
0,0,0.0701536738951969,0
0,0,0.0771421156172791,0
0,0,0.084008082404774,0
0,0,0.090729933360149,0
0,0,0.097289163947833,0
0,0,0.103665858269371,0
0,0,0.109838532245329,0
0,0,0.115788054067744,0
0,0,0.121494194201965,0
0,0,0.126937036749537,0
0,0,0.132097136266302,0
0,0,0.136955988216688,0
0,0,0.141494774428927,0
0,0,0.145695460821742,0
0,0,0.149541738312935,0
0,0,0.153016827366013,0
0,0,0.156104262080678,0
0,0,0.158791026554792,0
0,0,0.161061595796647,0
0,0,0.162904992539379,0
0,0,0.164308514517043,0
0,0,0.165261341280875,0
0,0,0.165755161471675,0
0,0,0.165780722821659,0
0,0,0.165331282152611,0
0,0,0.164400723558704,0
0,0,0.162986537950372,0
0,0,0.161083863966573,0
0,0,0.158692701607307,0
0,0,0.155812109963987,0
0,0,0.152442716309004,0
0,0,0.148588754731006,0
0,0,0.144253361591955,0
0,0,0.139443593706262,0
0,0,0.134165253343558,0
0,0,0.128428533680215,0
0,0,0.122242843802117,0
0,0,0.115620885975209,0
0,0,0.108574735193039,0
0,0,0.101119759629219,0
0,0,0.0932722683659477,0
0,0,0.0850482568492263,0
0,0,0.0764671705232158,0
0,0,0.0675487684682712,0
0,0,0.0583137506733375,0
0,0,0.0487837580359474,0
0,0,0.03898231327081,0
0,0,0.0289329390926347,0
0,0,0.0186600991247199,0
0,0,0.00818998198944132,0
0,0,-0.00245185096321621,0
0,0,-0.0132385838384836,0
0,0,-0.0241434007415929,0
0,0,-0.0351391721415788,0
0,0,-0.0461968866902992,0
0,0,-0.0572906694015743,0
0,0,-0.0683902543824777,0
0,0,-0.079468668920143,0
0,0,-0.0904978425750161,0
0,0,-0.101449391271348,0
0,0,-0.112295558205782,0
0,0,-0.123009527483548,0
0,0,-0.133564169573682,0
0,0,-0.143932982217612,0
0,0,-0.15408977679296,0
0,0,-0.164009619222136,0
0,0,-0.173666948155153,0
0,0,-0.183038554513499,0
0,0,-0.19210138603676,0
0,0,-0.200832390464519,0
0,0,-0.209211495080224,0
0,0,-0.217217686258736,0
0,0,-0.224833557191169,0
0,0,-0.232039662433362,0
0,0,-0.238820476993609,0
0,0,-0.245160946334495,0
0,0,-0.251048211371978,0
0,0,-0.25646925620392,0
0,0,-0.261414358108241,0
0,0,-0.26587379436286,0
0,0,-0.269840508153365,0
0,0,-0.273308383573932,0
0,0,-0.276271931991127,0
0,0,-0.278729898860168,0
0,0,-0.28067930463719,0
0,0,-0.282120306140291,0
0,0,-0.283054471550453,0
0,0,-0.28348462359344,0
0,0,-0.283413428176919,0
0,0,-0.28284747166101,0
0,0,-0.281792869951536,0
0,0,-0.280256836681008,0
0,0,-0.2782495650258,0
0,0,-0.275779836799405,0
0,0,-0.272860667903961,0
0,0,-0.269502565152039,0
0,0,-0.265720583081052,0
0,0,-0.261530089864611,0
0,0,-0.256945042313443,0
0,0,-0.25198316087263,0
0,0,-0.246662165987252,0
0,0,-0.240999464466195,0
0,0,-0.235014031299324,0
0,0,-0.228726566475584,0
0,0,-0.222155731348644,0
0,0,-0.215322382725546,0
0,0,-0.208247220595234,0
0,0,-0.200952042673341,0
0,0,-0.193457862585005,0
0,0,-0.185787262136349,0
0,0,-0.177960314043923,0
0,0,-0.170001011476733,0
0,0,-0.161929583969427,0
0,0,-0.153768770146225,0
0,0,-0.145540681358955,0
0,0,-0.137266174414657,0
0,0,-0.128967203847062,0
0,0,-0.120665253735603,0
0,0,-0.11238149452352,0
0,0,-0.104135058018776,0
0,0,-0.0959478987550997,0
0,0,-0.0878391485404547,0
0,0,-0.0798284096370996,0
0,0,-0.071933559308213,0
0,0,-0.0641740429979546,0
0,0,-0.0565677379695038,0
0,0,-0.0491301692145688,0
0,0,-0.041879841268721,0
0,0,-0.0348308677607864,0
0,0,-0.0279992441367671,0
0,0,-0.0213984567530968,0
0,0,-0.0150424624205031,0
0,0,-0.00894349295063446,0
0,0,-0.00311205515606172,0
0,0,0.00244087369635171,0
0,0,0.00770541406642633,0
0,0,0.0126740386854565,0
0,0,0.0173387498304405,0
0,0,0.0216937452317496,0
0,0,0.0257321248930695,0
0,0,0.0294516933610274,0
0,0,0.0328479029107791,0
0,0,0.0359191853613441,0
0,0,0.0386636588955458,0
0,0,0.0410839894210511,0
0,0,0.043177981484487,0
0,0,0.0449511237192861,0
0,0,0.0464060820331154,0
0,0,0.0475474041508182,0
0,0,0.0483813627963177,0
0,0,0.0489151716021243,0
0,0,0.0491562010188471,0
0,0,0.0491143305866644,0
0,0,0.0487986557552635,0
0,0,0.0482199969734107,0
0,0,0.0473910565070492,0
0,0,0.0463235957135339,0
0,0,0.0450311009492983,0
0,0,0.0435283131155599,0
0,0,0.0418288753868505,0
0,0,0.0399497241177609,0
0,0,0.0379046593009205,0
0,0,0.0357103036547242,0
0,0,0.0333837503518604,0
0,0,0.030940210747842,0
0,0,0.0283967780153571,0
0,0,0.0257700748728007,0
0,0,0.0230765672204698,0
0,0,0.0203330345948565,0
0,0,0.017554061079081,0
0,0,0.0147565830277339,0
0,0,0.0119559686144257,0
0,0,0.00916633146798218,0
0,0,0.00640225567152264,0
0,0,0.00367738439957854,0
0,0,0.0010055176447803,0
0,0,-0.00160236732600838,0
0,0,-0.00413372506494258,0
0,0,-0.00657804875945156,0
0,0,-0.00892545886935714,0
0,0,-0.0111673303992669,0
0,0,-0.013296292898571,0
0,0,-0.0153051327347586,0
0,0,-0.0171883612743977,0
0,0,-0.0189415876107433,0
0,0,-0.0205610481094405,0
0,0,-0.0220445473171166,0
0,0,-0.0233908306889881,0
0,0,-0.0245983300440735,0
0,0,-0.0256697112900408,0
0,0,-0.0266041903363982,0
0,0,-0.0274058444536966,0
0,0,-0.0280770259134068,0
0,0,-0.0286233801670585,0
0,0,-0.0290482003947112,0
0,0,-0.0293593275012684,0
0,0,-0.0295617796658675,0
0,0,-0.0296637114296086,0
0,0,-0.0296735909697867,0
0,0,-0.0295987887370106,0
0,0,-0.0294490274533602,0
0,0,-0.0292334025685236,0
0,0,-0.0289622640769729,0
0,0,-0.0286464324274736,0
0,0,-0.0282959439783027,0
0,0,-0.0279224032687164,0
0,0,-0.0275361602931873,0
0,0,-0.0271503877719522,0
0,0,-0.0267746516089931,0
0,0,-0.0264222813426452,0
0,0,-0.0261037837854794,0
0,0,-0.0258315475672417,0
0,0,-0.0256159226824051,0
0,0,-0.0254685136702258,0
0,0,-0.0253996705251761,0
0,0,-0.0254194296055318,0
0,0,-0.0255371999971773,0
0,0,-0.0257616066955055,0
0,0,-0.0261014315140082,0
0,0,-0.026563260812804,0
0,0,-0.0271533673158152,0
0,0,-0.0278777101107688,0
0,0,-0.0287409937406058,0
0,0,-0.029746354567288,0
0,0,-0.0308955175898944,0
0,0,-0.0321903646256005,0
0,0,-0.0336296411296236,0
0,0,-0.0352124061933737,0
0,0,-0.0369350530005967,0
0,0,-0.0387939747350362,0
0,0,-0.0407821145822799,0
0,0,-0.042891788455522,0
0,0,-0.0451137440869779,0
0,0,-0.0474387292088607,0
0,0,-0.0498531006466395,0
0,0,-0.0523441561343714,0
0,0,-0.0548966843165436,0
0,0,-0.0574943761109582,0
0,0,-0.0601218633440048,0
0,0,-0.0627598573896218,0
0,0,-0.0653911082570219,0
0,0,-0.067994915957261,0
0,0,-0.0705530895909638,0
0,0,-0.0730447723510874,0
0,0,-0.0754486369762963,0
0,0,-0.0777453948405278,0
0,0,-0.0799143459548379,0
0,0,-0.0819335357854982,0
0,0,-0.0837850870693284,0
0,0,-0.0854475157268951,0
0,0,-0.0869029444950186,0
0,0,-0.0881325552019309,0
0,0,-0.0891184705844534,0
0,0,-0.0898457929232699,0
0,0,-0.0902974290456912,0
0,0,-0.090461147140069,0
0,0,-0.0903228335775779,0
0,0,-0.0898730792723326,0
0,0,-0.089100436503176,0
0,0,-0.0879997302728714,0
0,0,-0.0865628060403195,0
0,0,-0.0847873115340495,0
0,0,-0.0826696399378057,0
0,0,-0.080210732160177,0
0,0,-0.0774107450192615,0
0,0,-0.0742740694218039,0
0,0,-0.0708043121840606,0
0,0,-0.0670099414833267,0
0,0,-0.0628992686788,0
0,0,-0.0584823301287555,0
0,0,-0.0537719849172352,0
0,0,-0.0487832875816534,0
0,0,-0.0435297244784426,0
0,0,-0.0380301137793714,0
0,0,-0.0323034304743044,0
0,0,-0.0263694336435982,0
0,0,-0.0202505482752752,0
0,0,-0.0139713948107323,0
0,0,-0.00755408460179596,0
0,0,-0.0010260608156264,0
0,0,0.00558633110730034,0
0,0,0.0122561184541183,0
0,0,0.0189542898766861,0
0,0,0.0256515203906653,0
0,0,0.0323178577393259,0
0,0,0.0389239769383305,0
0,0,0.0454389848223602,0
0,0,0.051832145044195,0
0,0,0.0580716235299283,0
0,0,0.0641273112047314,0
0,0,0.0699690989937767,0
0,0,0.0755656232774513,0
0,0,0.0808869317990251,0
0,0,0.0859040132103566,0
0,0,0.0905878561633042,0
0,0,0.0949086652192355,0
0,0,0.0988408790281667,0
0,0,0.102357211241035,0
0,0,0.10543257096215,0
0,0,0.1080435922949,0
0,0,0.110166752524575,0
0,0,0.111782449388919,0
0,0,0.112870766989477,0
0,0,0.11341539624405,0
0,0,0.113400655342832,0
0,0,0.112813371565585,0
0,0,0.111643038099741,0
0,0,0.109880716313708,0
0,0,0.107521074392153,0
0,0,0.10455972142833,0
0,0,0.100994618786965,0
0,0,0.0968289028300178,0
0,0,0.0920644553746659,0
0,0,0.0867070786905373,0
0,0,0.0807664954997125,0
0,0,0.0742519580699768,0
0,0,0.0671764823034695,0
0,0,0.0595548091014086,0
0,0,0.0514059134536597,0
0,0,0.0427462612605194,0
0,0,0.0335984343281088,0
0,0,0.0239850144625491,0
0,0,0.0139307789233341,0
0,0,0.00346207315093849,0
0,0,-0.00739318923318333,0
0,0,-0.0186055264265941,0
0,0,-0.0301443589001718,0
0,0,-0.0419767548533244,0
0,0,-0.0540699393035555,0
0,0,-0.0663901963597818,0
0,0,-0.0789011442232528,0
0,0,-0.0915687533666888,0
0,0,-0.104354603356064,0
0,0,-0.117222782846923,0
0,0,-0.130135812313828,0
0,0,-0.143055114504655,0
0,0,-0.155942425803477,0
0,0,-0.168760423502956,0
0,0,-0.181469432624281,0
0,0,-0.194031346369622,0
0,0,-0.20640899884974,0
0,0,-0.218562244631529,0
0,0,-0.230455956461023,0
0,0,-0.242051400268002,0
0,0,-0.253311880617519,0
0,0,-0.264202583891802,0
0,0,-0.274687912382592,0
0,0,-0.284734307016904,0
0,0,-0.29430836553985,0
0,0,-0.303379037968014,0
0,0,-0.311915587954175,0
0,0,-0.319889160968289,0
0,0,-0.327271059298412,0
0,0,-0.334036976139342,0
0,0,-0.34016354559447,0
0,0,-0.345625833586203,0
0,0,-0.350405492397067,0
0,0,-0.354482919764805,0
0,0,-0.357841336152923,0
0,0,-0.360466941568793,0
0,0,-0.362345622383588,0
0,0,-0.363469537692406,0
0,0,-0.363828494318872,0
0,0,-0.363417003629555,0
0,0,-0.3622313019901,0
0,0,-0.360269821219527,0
0,0,-0.357530836318758,0
0,0,-0.354018424558342,0
0,0,-0.34973729048122,0
0,0,-0.344690727267453,0
0,0,-0.338889869002002,0
0,0,-0.332343654316458,0
0,0,-0.325062746841488,0
0,0,-0.317062828386898,0
0,0,-0.308357071672928,0
0,0,-0.298964608507539,0
0,0,-0.288904100244401,0
0,0,-0.278194835509576,0
0,0,-0.266860493835873,0
0,0,-0.25492616611898,0
0,0,-0.242415375073607,0
0,0,-0.229354622958327,0
0,0,-0.215775743847046,0
0,0,-0.201706024088828,0
0,0,-0.187176984121384,0
0,0,-0.17222281029009,0
0,0,-0.15687565030505,0
0,0,-0.141171729146918,0
0,0,-0.125146174069657,0
0,0,-0.108835837326314,0
0,0,-0.0922788257147183,0
0,0,-0.0755129323965019,0
0,0,-0.0585768914418877,0
0,0,-0.0415110051020769,0
0,0,-0.0243540074472914,0
0,0,-0.00714573027443954,0
0,0,0.0100725832566886,0
0,0,0.0272623558939691,0
0,0,0.0443823444776115,0
0,0,0.0613938149373943,0
0,0,0.0782544263868403,0
0,0,0.0949270129367088,0
0,0,0.111368920064327,0
0,0,0.127542668244257,0
0,0,0.143408582497689,0
0,0,0.158926674209617,0
0,0,0.174059307036506,0
0,0,0.188766805999547,0
0,0,0.203011221119007,0
0,0,0.216754759233253,0
0,0,0.229960568089242,0
0,0,0.242592893160614,0
0,0,0.254614725376226,0
0,0,0.265992035208799,0
0,0,0.276691263585348,0
0,0,0.286679792341475,0
0,0,0.295925316948978,0
0,0,0.304398826059718,0
0,0,0.31207303332463,0
0,0,0.318920495576554,0
0,0,0.324917846918877,0
0,0,0.330041878273088,0
0,0,0.334274555557908,0
0,0,0.337595178784393,0
0,0,0.339991202504699,0
0,0,0.341450394907175,0
0,0,0.341961151452567,0
0,0,0.341519394870323,0
0,0,0.340120263799405,0
0,0,0.337764228694105,0
0,0,0.3344533281897,0
0,0,0.330193678192013,0
0,0,0.32499531505932,0
0,0,0.318870156967075,0
0,0,0.31183498345177,0
0,0,0.303908455867075,0
0,0,0.2951139401096,0
0,0,0.285477467983625,0
0,0,0.275026639474408,0
0,0,0.263795013654936,0
0,0,0.251817404142977,0
0,0,0.239130663191577,0
0,0,0.225776347596723,0
0,0,0.21179695506299,0
0,0,0.197238119656913,0
0,0,0.182146416353619,0
0,0,0.166572183762584,0
0,0,0.150566858219974,0
0,0,0.134180778335266,0
0,0,0.11746992816947,0
0,0,0.100486841785437,0
0,0,0.0832884441527628,0
0,0,0.0659282102428875,0
0,0,0.0484624377530161,0
0,0,0.0309474243803529,0
0,0,0.0134361746420431,0
0,0,-0.0040172092180818,0
0,0,-0.0213587817742873,0
0,0,-0.0385374203266049,0
0,0,-0.0555023158112634,0
0,0,-0.0722051682540578,0
0,0,-0.0885987754074725,0
0,0,-0.104636875932578,0
0,0,-0.120276972124799,0
0,0,-0.13547750718815,0
0,0,-0.150199903870506,0
0,0,-0.164407466736922,0
0,0,-0.178066479896312,0
0,0,-0.191147304728144,0
0,0,-0.203619518521394,0
0,0,-0.215459912197547,0
0,0,-0.226643865315209,0
0,0,-0.237153814247395,0
0,0,-0.246971724912829,0
0,0,-0.256084581409372,0
0,0,-0.264482033742551,0
0,0,-0.272154672826482,0
0,0,-0.279099048663008,0
0,0,-0.285310613527286,0
0,0,-0.29079140605459,0
0,0,-0.295542523971607,0
0,0,-0.299567887730787,0
0,0,-0.302876906418016,0
0,0,-0.305477264120098,0
0,0,-0.307381349466779,0
0,0,-0.308602648814495,0
0,0,-0.309156059882559,0
0,0,-0.309060871297035,0
0,0,-0.308334333048709,0
0,0,-0.306998556489408,0
0,0,-0.305076437061448,0
0,0,-0.302591183843345,0
0,0,-0.29956929909367,0
0,0,-0.296036657798603,0
0,0,-0.292021644033895,0
0,0,-0.287552485057196,0
0,0,-0.28265960357953,0
0,0,-0.277372324585236,0
0,0,-0.271722795784416,0
0,0,-0.265741596706193,0
0,0,-0.259461188696866,0
0,0,-0.25291262173985,0
0,0,-0.246129141271936,0
0,0,-0.239142267730834,0
0,0,-0.23198399200855,0
0,0,-0.224686148178989,0
0,0,-0.21727962940747,0
0,0,-0.209796269767902,0
0,0,-0.202264766972227,0
0,0,-0.194716798276256,0
0,0,-0.187179963665247,0
0,0,-0.179682176760656,0
0,0,-0.172249783002957,0
0,0,-0.164909598286919,0
0,0,-0.157686243053939,0
0,0,-0.150602142292038,0
0,0,-0.143679407353044,0
0,0,-0.136940149588784,0
0,0,-0.130401462171947,0
0,0,-0.124082790546691,0
0,0,-0.117998875614237,0
0,0,-0.112164928730095,0
0,0,-0.10659192716113,0
0,0,-0.101292102718991,0
0,0,-0.096272355399992,0
0,0,-0.0915405261090374,0
0,0,-0.0871021034795584,0
0,0,-0.0829586556925361,0
0,0,-0.0791126918375394,0
0,0,-0.0755628005516861,0
0,0,-0.0723067863816029,0
0,0,-0.0693419834196225,0
0,0,-0.0666614916694307,0
0,0,-0.0642584111347124,0
0,0,-0.0621245872743682,0
0,0,-0.0602485723672396,0
0,0,-0.0586206436912472,0
0,0,-0.0572259035270746,0
0,0,-0.0560507087001898,0
0,0,-0.0550793774007872,0
0,0,-0.0542951300923737,0
0,0,-0.0536802463298688,0
0,0,-0.0532163783957977,0
0,0,-0.0528831399374138,0
0,0,-0.0526613991467526,0
0,0,-0.0525284173995955,0
0,0,-0.052464592433684,0
0,0,-0.0524484401695829,0
0,0,-0.0524572219830746,0
0,0,-0.0524703947033121,0
0,0,-0.0524664742508604,0
0,0,-0.0524239765462856,0
0,0,-0.052323142509231,0
0,0,-0.0521437426050468,0
0,0,-0.0518671154800634,0
0,0,-0.0514742861444155,0
0,0,-0.0509497296063947,0
0,0,-0.0502763526933117,0
0,0,-0.0494400417763413,0
0,0,-0.0484269968628539,0
0,0,-0.0472251429592988,0
0,0,-0.0458241300712035,0
0,0,-0.0442140786583901,0
0,0,-0.0423868341797591,0
0,0,-0.0403376920923691,0
0,0,-0.038058811491317,0
0,0,-0.0355478401051312,0
0,0,-0.0328035233890274,0
0,0,-0.0298249204344176,0
0,0,-0.0266131289679881,0
0,0,-0.023170658079308,0
0,0,-0.0195012714027302,0
0,0,-0.0156104575716876,0
0,0,-0.0115046461282001,0
0,0,-0.00719214843146598,0
0,0,-0.00268127584068201,0
0,0,0.0020169943772872,0
0,0,0.00689215540987154,0
0,0,0.0119318186273241,0
0,0,0.0171228113094075,0
0,0,0.022450392554904,0
0,0,0.0279015464616741,0
0,0,0.0334583957665386,0
0,0,0.039106670022574,0
0,0,0.0448273942399142,0
0,0,0.0506050434268519,0
0,0,0.05641985850303,0
0,0,0.0622534917509761,0
0,0,0.0680869681808236,0
0,0,0.0739003718941196,0
0,0,0.0796742574467033,0
0,0,0.0853877680315329,0
0,0,0.0910219286587426,0
0,0,0.0965554120669958,0
0,0,0.101966420540662,0
0,0,0.107236763180365,0
0,0,0.112344014998083,0
0,0,0.117269514640145,0
0,0,0.121990993936628,0
0,0,0.126491046078646,0
0,0,0.130748814259156,0
0,0,0.134745950760685,0
0,0,0.138463637411466,0
0,0,0.141884624220712,0
0,0,0.144991661197636,0
0,0,0.147767655169548,0
0,0,0.150196767508545,0
0,0,0.15226566867629,0
0,0,0.153957108681999,0
0,0,0.155260267076903,0
0,0,0.156160402959785,0
0,0,0.156646382245682,0
0,0,0.156706286759142,0
0,0,0.156329766505693,0
0,0,0.155508196489941,0
0,0,0.154232010807903,0
0,0,0.152494309463266,0
0,0,0.150288976550206,0
0,0,0.147611777980073,0
0,0,0.144457068301338,0
0,0,0.140824220241609,0
0,0,0.13671135198371,0
0,0,0.132118306709541,0
0,0,0.127047593508671,0
0,0,0.121501564652573,0
0,0,0.115486492865168,0
0,0,0.109006141780811,0
0,0,0.102069293212991,0
0,0,0.0946851994294957,0
0,0,0.0868653081514832,0
0,0,0.0786199693734253,0
0,0,0.0699632967241481,0
0,0,0.0609112856496543,0
0,0,0.0514796179597494,0
0,0,0.0416869550081034,0
0,0,0.0315521149664841,0
0,0,0.0210965819143254,0
0,0,0.0103418399310629,0
0,0,-0.000688745086693143,0
0,0,-0.0119703958794477,0
0,0,-0.0234770806429228,0
0,0,-0.0351837084814283,0
0,0,-0.0470606407744304,0
0,0,-0.0590796502642776,0
0,0,-0.0712110983304365,0
0,0,-0.0834239349894895,0
0,0,-0.0956874238942167,0
0,0,-0.107968633244025,0
0,0,-0.120236513055499,0
0,0,-0.132456876983259,0
0,0,-0.144597890953399,0
0,0,-0.15662552543864,0
0,0,-0.16850669182029,0
0,0,-0.180208615115853,0
0,0,-0.19169820670664,0
0,0,-0.202943475700644,0
0,0,-0.213911960751566,0
0,0,-0.224572455057894,0
0,0,-0.234894692726698,0
0,0,-0.244848878319349,0
0,0,-0.254406000487704,0
0,0,-0.263540184245583,0
0,0,-0.272223515971531,0
0,0,-0.280432159314642,0
0,0,-0.288143218832599,0
0,0,-0.295333642264987,0
0,0,-0.301984297803841,0
0,0,-0.308076210459297,0
0,0,-0.313594168875842,0
0,0,-0.318521707153179,0
0,0,-0.322847691206347,0
0,0,-0.326559889223695,0
0,0,-0.329650773936518,0
0,0,-0.332111563531324,0
0,0,-0.333939748918543,0
0,0,-0.335131096009529,0
0,0,-0.335684036623299,0
0,0,-0.335600923031325,0
0,0,-0.33488489159557,0
0,0,-0.33353923549609,0
0,0,-0.331571638819693,0
0,0,-0.328990099289379,0
0,0,-0.325805750990111,0
0,0,-0.322029571188752,0
0,0,-0.317675830332227,0
0,0,-0.312759896594146,0
0,0,-0.307297608602414,0
0,0,-0.301307470892601,0
0,0,-0.29480877209077,0
0,0,-0.287822839458256,0
0,0,-0.280369432075417,0
0,0,-0.27247301356555,0
0,0,-0.264155381644285,0
0,0,-0.255441784025411,0
0,0,-0.246358566149402,0
0,0,-0.236929250730968,0
0,0,-0.227182221845859,0
0,0,-0.217143824934548,0
0,0,-0.206841816800393,0
0,0,-0.196303954246752,0
0,0,-0.185560032712255,0
0,0,-0.174636868091673,0
0,0,-0.163564569459832,0
0,0,-0.152371364074385,0
0,0,-0.141086106465375,0
0,0,-0.129737337526649,0
0,0,-0.11835406860635,0
0,0,-0.106963429235441,0
0,0,-0.0955938034896732,0
0,0,-0.0842723209000104,0
0,0,-0.0730261109974183,0
0,0,-0.061880578313782,0
0,0,-0.0508608137447929,0
0,0,-0.039992221822336,0
0,0,-0.0292973843525333,0
0,0,-0.0188001376862904,0
0,0,-0.00852259317543347,0
0,0,0.00151627419017175,0
0,0,0.0112941962405999,0
0,0,0.0207937661669657,0
0,0,0.0299972635241887,0
0,0,0.0388874383214819,0
0,0,0.0474489223852346,0
0,0,0.0556677589047194,0
0,0,0.0635304615235035,0
0,0,0.0710258961566237,0
0,0,0.0781424582648236,0
0,0,0.0848727773974938,0
0,0,0.0912080717411434,0
0,0,0.097143166298536,0
0,0,0.10267178834575,0
0,0,0.107792369701803,0
0,0,0.112502558095225,0
0,0,0.11680203988982,0
0,0,0.120692069630372,0
0,0,0.124175470042647,0
0,0,0.127255691124802,0
0,0,0.129938535146464,0
0,0,0.132229804377263,0
0,0,0.1341374965402,0
0,0,0.135670079812571,0
0,0,0.13683680646216,0
0,0,0.137647712847244,0
0,0,0.138115344415668,0
0,0,0.138249737525708,0
0,0,0.13806500580619,0
0,0,0.137572910614468,0
0,0,0.13678740876127,0
0,0,0.13572277069352,0
0,0,0.134391228222867,0
0,0,0.132808776795313,0
0,0,0.13098890276729,0
0,0,0.128945719767627,0
0,0,0.126693027788951,0
0,0,0.124243685915304,0
0,0,0.121612121411708,0
0,0,0.118810095635517,0
0,0,0.115849526762184,0
0,0,0.112742803421457,0
0,0,0.109500746062102,0
0,0,0.106133077406197,0
0,0,0.102649990630119,0
0,0,0.0990607380016513,0
0,0,0.0953744149704827,0
0,0,0.0915977647148303,0
0,0,0.0877398826843807,0
0,0,0.0838056302401746,0
0,0,0.0798031619233111,0
0,0,0.0757374959129282,0
0,0,0.0716136503881639,0
0,0,0.0674374276186465,0
0,0,0.0632129048749257,0
0,0,0.0589435321551588,0
0,0,0.054634327638484,0
0,0,0.0502874867782741,0
0,0,0.0459074004812747,0
0,0,0.0414962642008589,0
0,0,0.0370572142989878,0
0,0,0.0325935439557206,0
0,0,0.0281057236253519,0
0,0,0.0235981442146274,0
0,0,0.019071119359743,0
0,0,0.0145280990588561,0
0,0,0.0099697105843588,0
0,0,0.00539783575342856,0
0,0,0.000814042747045107,0
0,0,-0.00378151161669249,0
0,0,-0.00838804324729525,0
0,0,-0.0130049248723696,0
0,0,-0.0176324701281125,0
0,0,-0.0222716199231119,0
0,0,-0.0269220606211723,0
0,0,-0.0315861444937636,0
0,0,-0.0362638715408866,0
0,0,-0.0409591622149929,0
0,0,-0.0456734278789648,0
0,0,-0.0504082367137829,0
0,0,-0.0551689205347813,0
0,0,-0.0599572043410387,0
0,0,-0.0647765381307127,0
0,0,-0.0696313128105487,0
0,0,-0.07452372383392,0
0,0,-0.0794578484713762,0
0,0,-0.0844379208115652,0
0,0,-0.0894647249449766,0
0,0,-0.0945423381421603,0
0,0,-0.0996723285840974,0
0,0,-0.104855950815572,0
0,0,-0.110093204836584,0
0,0,-0.115385031555722,0
0,0,-0.120730960518692,0
0,0,-0.126126600818747,0
0,0,-0.131572109273987,0
0,0,-0.137062154069077,0
0,0,-0.142592657933467,0
0,0,-0.148157034507038,0
0,0,-0.153749951974458,0
0,0,-0.159361530795546,0
0,0,-0.164985027792088,0
0,0,-0.170608211152433,0
0,0,-0.1762215149726,0
0,0,-0.18181192335045,0
0,0,-0.187366577201942,0
0,0,-0.192871049262054,0
0,0,-0.198308559994292,0
0,0,-0.203663427588851,0
0,0,-0.208919342963533,0
0,0,-0.21405654703798,0
0,0,-0.219058730729996,0
0,0,-0.223904566778243,0
0,0,-0.228575080192855,0
0,0,-0.233050668711575,0
0,0,-0.237310632345458,0
0,0,-0.241334114287462,0
0,0,-0.245099944094348,0
0,0,-0.248586951322879,0
0,0,-0.251774122347912,0
0,0,-0.254639345817622,0
0,0,-0.257161451288771,0
0,0,-0.259319738772413,0
0,0,-0.261092253734819,0
0,0,-0.262459080277537,0
0,0,-0.263398891139229,0
0,0,-0.263892711330029,0
0,0,-0.263921409041975,0
0,0,-0.263465068376611,0
0,0,-0.262508164342231,0
0,0,-0.261032662857555,0
0,0,-0.259023666203269,0
0,0,-0.256468628931528,0
0,0,-0.253353123777309,0
0,0,-0.249667271200435,0
0,0,-0.245401662115022,0
0,0,-0.240549553342852,0
0,0,-0.235104672160005,0
0,0,-0.229064195840714,0
0,0,-0.2224263993859,0
0,0,-0.215191282795565,0
0,0,-0.207362139249767,0
0,0,-0.198943202837153,0
0,0,-0.189941844008333,0
0,0,-0.18036841275778,0
0,0,-0.17023200453518,0
0,0,-0.159547830696045,0
0,0,-0.148331729868281,0
0,0,-0.136600638406478,0
0,0,-0.124375883571972,0
0,0,-0.111679419898492,0
0,0,-0.0985363382817286,0
0,0,-0.0849728273440583,0
0,0,-0.0710178984336225,0
0,0,-0.0567024447157396,0
0,0,-0.0420584570824152,0
0,0,-0.0271207491514179,0
0,0,-0.0119255459034018,0
0,0,0.00348951631809924,0
0,0,0.019086017079059,0
0,0,0.0348228700377853,0
0,0,0.0506586752163893,0
0,0,0.0665507780921981,0
0,0,0.0824571514149304,0
0,0,0.0983318474818542,0
0,0,0.114132054952198,0
0,0,0.129811669305131,0
0,0,0.145325370110314,0
0,0,0.160629405118386,0
0,0,0.175676258445635,0
0,0,0.190422805115093,0
0,0,0.204824195150714,0
0,0,0.218836676303139,0
0,0,0.232416182686812,0
0,0,0.245521314323843,0
0,0,0.258112709871621,0
0,0,0.270148342079863,0
0,0,0.28159088824123,0
0,0,0.29240255519409,0
0,0,0.30254947022926,0
0,0,0.311995251547991,0
0,0,0.320710574165943,0
0,0,0.328662819918721,0
0,0,0.335825016093457,0
0,0,0.342170189977285,0
0,0,0.347673250674514,0
0,0,0.352314439104788,0
0,0,0.356070546189595,0
0,0,0.358925106028636,0
0,0,0.3608630640845,0
0,0,0.361868895365476,0
0,0,0.361932249877094,0
0,0,0.361044032169665,0
0,0,0.359196087702089,0
0,0,0.356386221020996,0
0,0,0.352609884401539,0
0,0,0.347869430115191,0
0,0,0.342166269524833,0
0,0,0.335506361718193,0
0,0,0.327895352146801,0
0,0,0.319345943076599,0
0,0,0.309869582228746,0
0,0,0.299480383232068,0
0,0,0.288199359711705,0
0,0,0.276044702567034,0
0,0,0.263041502693743,0
0,0,0.249215635078013,0
0,0,0.23459579743179,0
0,0,0.219214137465177,0
0,0,0.203104684705453,0
0,0,0.186303977769466,0
0,0,0.168851377999832,0
0,0,0.150787814920144,0
0,0,0.132156099871174,0
0,0,0.113001866919457,0
0,0,0.0933727887668061,0
0,0,0.0733166949331288,0
0,0,0.05288345357361,0
0,0,0.0321251282968065,0
0,0,0.0110928418026868,0
0,0,-0.0101593036649176,0
0,0,-0.0315768922259779,0
0,0,-0.0531070761814479,0
0,0,-0.0746954396512995,0
0,0,-0.0962855281202295,0
0,0,-0.117824807525387,0
0,0,-0.139258234714352,0
0,0,-0.160531864261391,0
0,0,-0.181592691649358,0
0,0,-0.202389280542089,0
0,0,-0.222870508239615,0
0,0,-0.24298587931436,0
0,0,-0.262688034700709,0
0,0,-0.281928674424458,0
0,0,-0.300662791691464,0
0,0,-0.318847418342856,0
0,0,-0.336438958947374,0
0,0,-0.353398679434796,0
0,0,-0.369687218462508,0
0,0,-0.385268507867956,0
0,0,-0.400108361305761,0
0,0,-0.414174474247724,0
0,0,-0.427435326256133,0
0,0,-0.439865983253396,0
0,0,-0.451436022528488,0
0,0,-0.462125214546761,0
0,0,-0.471910507047798,0
0,0,-0.480771513678851,0
0,0,-0.488692395812016,0
0,0,-0.495657785273683,0
0,0,-0.501653097980732,0
0,0,-0.506670336210162,0
0,0,-0.510697738604617,0
0,0,-0.513730914257353,0
0,0,-0.515765472261623,0
0,0,-0.516798903527859,0
0,0,-0.516830894419863,0
0,0,-0.515864581299599,0
0,0,-0.513904825528104,0
0,0,-0.510955233921637,0
0,0,-0.507028038291844,0
0,0,-0.502131393179824,0
0,0,-0.496278941760111,0
0,0,-0.489484797661529,0
0,0,-0.481765426784375,0
0,0,-0.473138549573729,0
0,0,-0.463626747835714,0
0,0,-0.453250094286882,0
0,0,-0.442033523004823,0
0,0,-0.430002595339523,0
0,0,-0.417184754458143,0
0,0,-0.403609168526921,0
0,0,-0.389307671619767,0
0,0,-0.374311940992486,0
0,0,-0.358657887989537,0
0,0,-0.34238111031918,0
0,0,-0.325518930688753,0
0,0,-0.308109769532282,0
0,0,-0.290195340463852,0
0,0,-0.27181641618896,0
0,0,-0.253016121684571,0
0,0,-0.233837581927655,0
0,0,-0.214326274166649,0
0,0,-0.194528146104286,0
0,0,-0.174487890898513,0
0,0,-0.154254278977828,0
0,0,-0.133873101226866,0
0,0,-0.113393284892223,0
0,0,-0.0928617185852185,0
0,0,-0.0723278000067432,0
0,0,-0.051838888222412,0
0,0,-0.0314434400245267,0
0,0,-0.0111903826596819,0
0,0,0.00887496344178063,0
0,0,0.0287041414875606,0
0,0,0.0482518310473177,0
0,0,0.0674719276002205,0
0,0,0.08632067889691,0
0,0,0.104754332688027,0
0,0,0.12273164581378,0
0,0,0.140210747841987,0
0,0,0.157154629701505,0
0,0,0.173524714140209,0
0,0,0.189286187540332,0
0,0,0.204405490828885,0
0,0,0.218851730840553,0
0,0,0.232594955318603,0
0,0,0.245608034732072,0
0,0,0.257867760002446,0
0,0,0.26935029477882,0
0,0,0.280035723162739,0
0,0,0.289907422435808,0
0,0,0.29894908351583,0
0,0,0.307147690500665,0
0,0,0.314493991122527,0
0,0,0.320979674022219,0
0,0,0.326600348292996,0
0,0,0.331351623028111,0
0,0,0.335235066408544,0
0,0,0.338249894343807,0
0,0,0.340403477284506,0
0,0,0.341699265228802,0
0,0,0.342147294534968,0
0,0,0.341757758379379,0
0,0,0.340542574937488,0
0,0,0.338515701020023,0
0,0,0.335694229799673,0
0,0,0.332093843086243,0
0,0,0.327734143141992,0
0,0,0.322636457228256,0
0,0,0.316820544425391,0
0,0,0.310310397902401,0
0,0,0.303129854010192,0
0,0,0.295303219553962,0
0,0,0.286857780882776,0
0,0,0.277819412982813,0
0,0,0.268216970384118,0
0,0,0.258078680344341,0
0,0,0.247434808756409,0
0,0,0.23631546469515,0
0,0,0.22475248223447,0
0,0,0.212777224993982,0
0,0,0.200422311138084,0
0,0,0.187722711102643,0
0,0,0.174711043052056,0
0,0,0.161421022877408,0
0,0,0.147890130104135,0
0,0,0.134151610169026,0
0,0,0.120241844870833,0
0,0,0.106196431917815,0
0,0,0.0920508122001342,0
0,0,0.0778415243346404,0
0,0,0.0636032251210048,0
0,0,0.0493718259036839,0
0,0,0.0351824539366439,0
0,0,0.0210689819290664,0
0,0,0.00706685077111358,0
0,0,-0.00679163500901292,0
0,0,-0.020473073156427,0
0,0,-0.0339451591429266,0
0,0,-0.0471779407117818,0
0,0,-0.0601391133347916,0
0,0,-0.0728015474809918,0
0,0,-0.0851348204393574,0
0,0,-0.097112586769414,0
0,0,-0.108708657848785,0
0,0,-0.119897629145584,0
0,0,-0.130655664308907,0
0,0,-0.14096018153263,0
0,0,-0.150790324009713,0
0,0,-0.160124294024525,0
0,0,-0.168944371131984,0
0,0,-0.177232834887009,0
0,0,-0.184973689843598,0
0,0,-0.192151411010042,0
0,0,-0.198753923392791,0
0,0,-0.204768681544,0
0,0,-0.210185492287294,0
0,0,-0.214996357899672,0
0,0,-0.219193280658134,0
0,0,-0.222771869655934,0
0,0,-0.225727577168226,0
0,0,-0.228058835014031,0
0,0,-0.229765956829546,0
0,0,-0.230849569887162,0
0,0,-0.231314692366016,0
0,0,-0.231166028809053,0
0,0,-0.23041173375737,0
0,0,-0.229060902660654,0
0,0,-0.227127178693439,0
0,0,-0.224621225486391,0
0,0,-0.221562018029377,0
0,0,-0.217965551768399,0
0,0,-0.213852840328597,0
0,0,-0.209244113244622,0
0,0,-0.204164775048359,0
0,0,-0.198638975726911,0
0,0,-0.192695412992223,0
0,0,-0.186361373193358,0
0,0,-0.17966727904134,0
0,0,-0.172644494155781,0
0,0,-0.165326891245865,0
0,0,-0.157746618021693,0
0,0,-0.149938801737231,0
0,0,-0.141939196918838,0
0,0,-0.133781676275696,0
0,0,-0.125505287514222,0
0,0,-0.117144060161695,0
0,0,-0.108735316925456,0
0,0,-0.100315439604254,0
0,0,-0.0919212804511342,0
0,0,-0.083587025811475,0
0,0,-0.0753504688469088,0
0,0,-0.067244070903735,0
0,0,-0.0593031160540177,0
0,0,-0.0515592815535656,0
0,0,-0.0440450287486777,0
0,0,-0.0367906235322805,0
0,0,-0.0298249204344176,0
0,0,-0.0231764603489361,0
0,0,-0.0168715887163107,0
0,0,-0.0109339850693487,0
0,0,-0.0053876425770546,0
0,0,-0.000254986227450571,0
0,0,0.00444642035247989,0
0,0,0.00869556353759648,0
0,0,0.0124780160628779,0
0,0,0.0157774688461245,0
0,0,0.01858153325759,0
0,0,0.0208793888485082,0
0,0,0.0226606856244065,0
0,0,0.0239174258622838,0
0,0,0.02464396411061,0
0,0,0.0248355958264432,0
0,0,0.024489968738312,0
0,0,0.0236058283014327,0
0,0,0.0221850563329813,0
0,0,0.0202295346501349,0
0,0,0.0177453791587179,0
0,0,0.0147383921283586,0
0,0,0.0112171985544509,0
0,0,0.00719214843146609,0
0,0,0.0026759440253481,0
0,0,-0.00231933967035258,0
0,0,-0.00777660948294723,0
0,0,-0.0136786154216485,0
0,0,-0.0200073234051795,0
0,0,-0.0267414061722034,0
0,0,-0.0338598500975801,0
0,0,-0.0413396029208939,0
0,0,-0.0491551032921609,0
0,0,-0.0572814171337886,0
0,0,-0.0656923558234009,0
0,0,-0.0743581239223657,0
0,0,-0.08325143508162,0
0,0,-0.0923415529539435,0
0,0,-0.1015989957369,0
0,0,-0.110990517993701,0
0,0,-0.120486951558106,0
0,0,-0.130053796448541,0
0,0,-0.139659689045393,0
0,0,-0.149270286185188,0
0,0,-0.158853126521626,0
0,0,-0.168374494163622,0
0,0,-0.177800045947703,0
0,0,-0.187096850073274,0
0,0,-0.196231817921643,0
0,0,-0.205170606329335,0
0,0,-0.213881851676739,0
0,0,-0.222330740346082,0
0,0,-0.230486379172048,0
0,0,-0.238316149990238,0
0,0,-0.245790257362022,0
0,0,-0.252876396759197,0
0,0,-0.259546497742212,0
0,0,-0.265770608054334,0
0,0,-0.271522382255092,0
0,0,-0.276773749904929,0
0,0,-0.281499620108158,0
0,0,-0.285677567876754,0
0,0,-0.289282502315027,0
0,0,-0.292293880252132,0
0,0,-0.294693040334399,0
0,0,-0.296460066663374,0
0,0,-0.297580218337838,0
0,0,-0.298037343093692,0
0,0,-0.297819836391678,0
0,0,-0.296915623238247,0
0,0,-0.295316078638004,0
0,0,-0.29301383214034,0
0,0,-0.290003865566117,0
0,0,-0.286281474372395,0
0,0,-0.281846972195367,0
0,0,-0.276700202216938,0
0,0,-0.270843359890478,0
0,0,-0.264281620213225,0
0,0,-0.257022824090083,0
0,0,-0.249074969244051,0
0,0,-0.240448719305798,0
0,0,-0.23115818790415,0
0,0,-0.2212201545756,0
0,0,-0.210649987493757,0
0,0,-0.199468700283762,0
0,0,-0.187699188387934,0
0,0,-0.175364347248587,0
0,0,-0.162489267761414,0
0,0,-0.149103902183143,0
0,0,-0.135235850499035,0
0,0,-0.120917103601092,0
0,0,-0.106179181927028,0
0,0,-0.0910572127308071,0
0,0,-0.0755853823578074,0
0,0,-0.0598017976058584,0
0,0,-0.0437433107280045,0
0,0,-0.0274481853401737,0
0,0,-0.0109564100573719,0
0,0,0.00569218332349308,0
0,0,0.0224572925512185,0
0,0,0.0392964199212302,0
0,0,0.0561676950013446,0
0,0,0.0730289337231829,0
0,0,0.0898362270192876,0
0,0,0.106547234003182,0
0,0,0.123118359243604,0
0,0,0.139504752764507,0
0,0,0.155665014588004,0
0,0,0.171554922010439,0
0,0,0.187133075053926,0
0,0,0.202356191923398,0
0,0,0.217184440821947,0
0,0,0.231576421771684,0
0,0,0.245493714338584,0
0,0,0.25889648672574,0
0,0,0.271747416225812,0
0,0,0.284011218766735,0
0,0,0.295651512549761,0
0,0,0.306636149864784,0
0,0,0.316931885275016,0
0,0,0.326507355160844,0
0,0,0.335333704992226,0
0,0,0.343382080239116,0
0,0,0.350626605915335,0
0,0,0.357040779762311,0
0,0,0.362603117700608,0
0,0,0.367290253833614,0
0,0,0.371082272262877,0
0,0,0.373961609361413,0
0,0,0.375910387866043,0
0,0,0.376915435056529,0
0,0,0.37696310775834,0
0,0,0.376045408248475,0
0,0,0.374153554713442,0
0,0,0.371283469882692,0
0,0,0.367432174212362,0
0,0,0.362600765429137,0
0,0,0.356792536713077,0
0,0,0.350013133515713,0
0,0,0.342274003558203,0
0,0,0.333584242290234,0
0,0,0.323962511065477,0
0,0,0.31342511896613,0
0,0,0.301994020525921,0
0,0,0.289693052095756,0
0,0,0.276549186388503,0
0,0,0.262592689297086,0
0,0,0.247855394895414,0
0,0,0.23237258725555,0
0,0,0.216181432266735,0
0,0,0.199321448089681,0
0,0,0.181835132428963,0
0,0,0.163765610261549,0
0,0,0.145159142926367,0
0,0,0.126062932670934,0
0,0,0.10652637719614,0
0,0,0.0865985605666779,0
0,0,0.0663321736634981,0
0,0,0.0457786528227648,0
0,0,0.0249891207444468,0
0,0,0.00401987512574831,0
0,0,-0.0170779613333615,0
0,0,-0.0382493454804633,0
0,0,-0.0594422137069994,0
0,0,-0.0806013660424525,0
0,0,-0.10167426842397,0
0,0,-0.122608857242997,0
0,0,-0.143352755254778,0
0,0,-0.16385374203266,0
0,0,-0.184062419875753,0
0,0,-0.203929391083166,0
0,0,-0.223405414772108,0
0,0,-0.242443759149356,0
0,0,-0.260997692421687,0
0,0,-0.27902361915784,0
0,0,-0.29647982574373,0
0,0,-0.313322559929996,0
0,0,-0.329514185373106,0
0,0,-0.345017065729522,0
0,0,-0.359794505564298,0
0,0,-0.373812788986351,0
0,0,-0.387039454649382,0
0,0,-0.39944705938623,0
0,0,-0.411005494122066,0
0,0,-0.421689511143102,0
0,0,-0.431478096824198,0
0,0,-0.440347571632547,0
0,0,-0.448279901486871,0
0,0,-0.455257679578285,0
0,0,-0.461268830913238,0
0,0,-0.466298928226709,0
0,0,-0.47034044424999,0
0,0,-0.473385694896277,0
0,0,-0.475430132440725,0
0,0,-0.476472188702354,0
0,0,-0.47651139322687,0
0,0,-0.475552921011508,0
0,0,-0.473599281145839,0
0,0,-0.470661137260529,0
0,0,-0.466747898441463,0
0,0,-0.461872110136487,0
0,0,-0.456049140519209,0
0,0,-0.449297180489006,0
0,0,-0.441636616398626,0
0,0,-0.433088461873208,0
0,0,-0.423678591898934,0
0,0,-0.413432097371494,0
0,0,-0.402377989639029,0
0,0,-0.390547161866857,0
0,0,-0.377969409493611,0
0,0,-0.36468127113614,0
0,0,-0.350717246776016,0
0,0,-0.336113875030089,0
0,0,-0.320910360422876,0
0,0,-0.305147005205577,0
0,0,-0.288864268447493,0
0,0,-0.272106529670377,0
0,0,-0.254916913851194,0
0,0,-0.237340741420286,0
0,0,-0.219424900988973,0
0,0,-0.201215810714283,0
0,0,-0.182761927388516,0
0,0,-0.164112491894465,0
0,0,-0.14531517693394,0
0,0,-0.126421575661204,0
0,0,-0.107479988050461,0
0,0,-0.0885413799835815,0
0,0,-0.0696549923433566,0
0,0,-0.0508706932849704,0
0,0,-0.0322392918721964,0
0,0,-0.0138086176249427,0
0,0,0.00437224539209602,0
0,0,0.0222567222037959,0
0,0,0.0397977673807379,0
0,0,0.0569510014011696,0
0,0,0.07367282883383,0
0,0,0.0899193406112613,0
0,0,0.105651332208948,0
0,0,0.120828971829981,0
0,0,0.135416661766101,0
0,0,0.149378177036655,0
0,0,0.162681056295345,0
0,0,0.175295974557832,0
0,0,0.187195018202661,0
0,0,0.198351057698867,0
0,0,0.208741668058427,0
0,0,0.218348344745771,0
0,0,0.22714976049956,0
0,0,0.235134153962441,0
0,0,0.242285686506508,0
0,0,0.24859651722686,0
0,0,0.254056766583318,0
0,0,0.258661416396744,0
0,0,0.262408898486157,0
0,0,0.265297017398184,0
0,0,0.267328125404297,0
0,0,0.268506456593143,0
0,0,0.268838910961036,0
0,0,0.268332231686194,0
0,0,0.266999591488855,0
0,0,0.264853065362567,0
0,0,0.261908021480943,0
0,0,0.258181709834769,0
0,0,0.25369467359489,0
0,0,0.248466358205468,0
0,0,0.242522638652682,0
0,0,0.235885626288359,0
0,0,0.228584802914935,0
0,0,0.220647454881473,0
0,0,0.212103063990409,0
0,0,0.202983777951846,0
0,0,0.193321901293985,0
0,0,0.183150679453614,0
0,0,0.172505082866603,0
0,0,0.161421022877408,0
0,0,0.149935038102877,0
0,0,0.138083510341761,0
0,0,0.125905016846184,0
0,0,0.11343719395968,0
0,0,0.100718775752472,0
0,0,0.0877866144776036,0
0,0,0.0746805419319834,0
0,0,0.0614383512772443,0
0,0,0.0480983061293137,0
0,0,0.0346971019231388,0
0,0,0.0212723750022543,0
0,0,0.00786160489209742,0
0,0,-0.00550008115336553,0
0,0,-0.0187766149715807,0
0,0,-0.0319333397628756,0
0,0,-0.044935285091382,0
0,0,-0.0577504600650954,0
0,0,-0.0703459328834224,0
0,0,-0.0826900262905543,0
0,0,-0.0947529448478593,0
0,0,-0.106506147661489,0
0,0,-0.1179209370195,0
0,0,-0.128971437935709,0
0,0,-0.139631775423938,0
0,0,-0.149877485860888,0
0,0,-0.159685987440439,0
0,0,-0.169036423355547,0
0,0,-0.177906682254386,0
0,0,-0.186280611872855,0
0,0,-0.194138923584893,0
0,0,-0.20146624921689,0
0,0,-0.208248475140019,0
0,0,-0.214472271815946,0
0,0,-0.220125093796825,0
0,0,-0.225198002451067,0
0,0,-0.229681588692788,0
0,0,-0.233568168435183,0
0,0,-0.236852566681016,0
0,0,-0.239529294796854,0
0,0,-0.241596157329325,0
0,0,-0.243050958825056,0
0,0,-0.243892758375459,0
0,0,-0.244123594615808,0
0,0,-0.24374613345377,0
0,0,-0.242763040797012,0
0,0,-0.24118121664185,0
0,0,-0.239006149621716,0
0,0,-0.236246935186296,0
0,0,-0.232911884694789,0
0,0,-0.229013857231236,0
0,0,-0.224563516426304,0
0,0,-0.2195765440898,0
0,0,-0.214067210668649,0
0,0,-0.208052295699342,0
0,0,-0.20154967644506,0
0,0,-0.194578955168058,0
0,0,-0.187160518221087,0
0,0,-0.179316476955973,0
0,0,-0.171070354087425,0
0,0,-0.162446142784446,0
0,0,-0.153469718033219,0
0,0,-0.144168993455197,0
0,0,-0.134570941763247,0
0,0,-0.124704574305512,0
0,0,-0.114601725155897,0
0,0,-0.104291719298741,0
0,0,-0.0938078021708327,0
0,0,-0.0831822783003744,0
0,0,-0.0724485499422517,0
0,0,-0.0616409602599416,0
0,0,-0.0507938524169197,0
0,0,-0.0399421968490543,0
0,0,-0.0291214344465067,0
0,0,-0.0183668492813419,0
0,0,-0.00771435269801624,0
0,0,0.00280186895809287,0
0,0,0.0131449634339398,0
0,0,0.0232805875660498,0
0,0,0.0331736141004562,0
0,0,0.0427900135098791,0
0,0,0.0520957562670392,0
0,0,0.0610579105713434,0
0,0,0.0696432309860016,0
0,0,0.0778209811637942,0
0,0,0.0855602679394021,0
0,0,0.0928328640551748,0
0,0,0.0996086604362836,0
0,0,0.105863036641332,0
0,0,0.111569176775553,0
0,0,0.116703714942334,0
0,0,0.121244853426044,0
0,0,0.125172049055837,0
0,0,0.128468051840927,0
0,0,0.13111608224482,0
0,0,0.133101869820592,0
0,0,0.134415064573772,0
0,0,0.135045786964182,0
0,0,0.13498682335931,0
0,0,0.134233626034313,0
0,0,0.132785410898701,0
0,0,0.130642334770571,0
0,0,0.127807377193787,0
0,0,0.124287908618958,0
0,0,0.12008988813381,0
0,0,0.115225547549992,0
0,0,0.109707432315349,0
0,0,0.103550440149197,0
0,0,0.0967743301318917,0
0,0,0.0893971363447112,0
0,0,0.0814412837756779,0
0,0,0.0729313928661877,0
0,0,0.0638928681481272,0
0,0,0.0543526823343627,0
0,0,0.0443406308635268,0
0,0,0.0338883909914274,0
0,0,0.0230263854290895,0
0,0,0.0117897414304788,0
0,0,0.000211390796188704,0
0,0,-0.011672441493128,0
0,0,-0.0238258440930154,0
0,0,-0.0362144738399972,0
0,0,-0.0487964603018908,0
0,0,-0.0615384012238088,0
0,0,-0.0743996807183522,0
0,0,-0.0873426624419871,0
0,0,-0.100328298688295,0
0,0,-0.113319423568035,0
0,0,-0.126276205284299,0
0,0,-0.139161634765945,0
0,0,-0.151937762033241,0
0,0,-0.164566323470259,0
0,0,-0.177012191823034,0
0,0,-0.189237260293736,0
0,0,-0.20120718571889,0
0,0,-0.212886997662626,0
0,0,-0.224242509779569,0
0,0,-0.235241574359614,0
0,0,-0.245851573238365,0
0,0,-0.256043024613384,0
0,0,-0.265786760318435,0
0,0,-0.275051573552001,0
0,0,-0.283813941599372,0
0,0,-0.292046421293389,0
0,0,-0.299724235374556,0
0,0,-0.306825586127244,0
0,0,-0.31332789174533,0
0,0,-0.319210765876068,0
0,0,-0.324455860801983,0
0,0,-0.329045456077995,0
0,0,-0.332964340348591,0
0,0,-0.336197929530651,0
0,0,-0.338734932721116,0
0,0,-0.340564059016923,0
0,0,-0.341675742514092,0
0,0,-0.342064024124897,0
0,0,-0.341722160671119,0
0,0,-0.340647172608897,0
0,0,-0.338838432665837,0
0,0,-0.336294215842862,0
0,0,-0.333018128956227,0
0,0,-0.329014249276481,0
0,0,-0.324288065437056,0
0,0,-0.31884710470666,0
0,0,-0.312702187534059,0
0,0,-0.305865232094706,0
0,0,-0.298349254290739,0
0,0,-0.290171033658653,0
0,0,-0.281348290643527,0
0,0,-0.271899216144737,0
0,0,-0.261846548786502,0
0,0,-0.251212086284454,0
0,0,-0.240022801351458,0
0,0,-0.228303784883206,0
0,0,-0.216083577773544,0
0,0,-0.20339150500681,0
0,0,-0.190259557475009,0
0,0,-0.17671862834346,0
0,0,-0.162804001684226,0
0,0,-0.148550020660784,0
0,0,-0.133992126163297,0
0,0,-0.119168738625787,0
0,0,-0.104116239847008,0
0,0,-0.0888752457143578,0
0,0,-0.0734838630256641,0
0,0,-0.0579825508502284,0
0,0,-0.0424125523478417,0
0,0,-0.0268144834059008,0
0,0,-0.0112294303660996,0
0,0,0.00430042270318354,0
0,0,0.0197343030964516,0
0,0,0.0350304971996209,0
0,0,0.0501466641262134,0
0,0,0.0650451675326946,0
0,0,0.0796835097144892,0
0,0,0.0940232702375714,0
0,0,0.108026969576505,0
0,0,0.121656814569656,0
0,0,0.134876109782078,0
0,0,0.147651609776981,0
0,0,0.159948344118498,0
0,0,0.171736674186094,0
0,0,0.182985393178256,0
0,0,0.193666744291625,0
0,0,0.203753754813335,0
0,0,0.213223058846775,0
0,0,0.222051290495333,0
0,0,0.230218377042458,0
0,0,0.237707852587851,0
0,0,0.244500898959747,0
0,0,0.25058575480079,0
0,0,0.255950501935527,0
0,0,0.260585731278075,0
0,0,0.264483915559727,0
0,0,0.267640036601344,0
0,0,0.270053623948633,0
0,0,0.271721854875827,0
0,0,0.272648179381086,0
0,0,0.272837145189252,0
0,0,0.272294711388052,0
0,0,0.271030757517664,0
0,0,0.269055319936363,0
0,0,0.266384237272055,0
0,0,0.263030839063075,0
0,0,0.259014727571679,0
0,0,0.254354720969638,0
0,0,0.249074028335462,0
0,0,0.243194133748588,0
0,0,0.236742637194273,0
0,0,0.229747295475876,0
0,0,0.222233826761479,0
0,0,0.214235633305969,0
0,0,0.205781256003193,0
0,0,0.196904724380431,0
0,0,0.187638813420179,0
0,0,0.178015984468736,0
0,0,0.168072148870557,0
0,0,0.157840395244334,0
0,0,0.147356791752623,0
0,0,0.136653642923622,0
0,0,0.125769055555163,0
0,0,0.114733295540172,0
0,0,0.1035825878593,0
0,0,0.0923493938588464,0
0,0,0.0810663317032092,0
0,0,0.0697649218300984,0
0,0,0.0584749596781464,0
0,0,0.0472276520488677,0
0,0,0.0360502852913247,0
0,0,0.0249714002993657,0
0,0,0.0140162447867782,0
0,0,0.00321100737593927,0
0,0,-0.00742125967273655,0
0,0,-0.0178579745531273,0
0,0,-0.0280773395496027,0
0,0,-0.0380602228541993,0
0,0,-0.0477868653865604,0
0,0,-0.057242055791175,0
0,0,-0.0664083872591569,0
0,0,-0.0752719029797791,0
0,0,-0.0838203711413926,0
0,0,-0.0920421872047409,0
0,0,-0.09992715799345,0
0,0,-0.107466501694028,0
0,0,-0.114653475128258,0
0,0,-0.1214832169351,0
0,0,-0.127949924844927,0
0,0,-0.134052657949149,0
0,0,-0.139789848066786,0
0,0,-0.145161181561642,0
0,0,-0.150169010705188,0
0,0,-0.154816628677483,0
0,0,-0.159108426385273,0
0,0,-0.16305067655248,0
0,0,-0.166650435993517,0
0,0,-0.169916486521877,0
0,0,-0.172859021313932,0
0,0,-0.175488704000352,0
0,0,-0.177819177755667,0
0,0,-0.179862674391526,0
0,0,-0.181634562081541,0
0,0,-0.183149738545026,0
0,0,-0.184425140136573,0
0,0,-0.185478644119361,0
0,0,-0.186326559575588,0
0,0,-0.186988488767512,0
0,0,-0.187483249866901,0
0,0,-0.187829347409326,0
0,0,-0.188046697293241,0
0,0,-0.188155685871395,0
0,0,-0.188174190406967,0
0,0,-0.188124165433684,0
0,0,-0.188023488214728,0
0,0,-0.187892074648551,0
0,0,-0.187747331544039,0
0,0,-0.187609488435842,0
0,0,-0.187493756679471,0
0,0,-0.187418327174302,0
0,0,-0.187398881730143,0
0,0,-0.187450004430111,0
0,0,-0.187585181630641,0
0,0,-0.187817586051971,0
0,0,-0.188158665415258,0
0,0,-0.188618299260681,0
0,0,-0.189204642129339,0
0,0,-0.189924907653742,0
0,0,-0.190785054921618,0
0,0,-0.191789161203516,0
0,0,-0.192939265134711,0
0,0,-0.194237718986673,0
0,0,-0.195682640942226,0
0,0,-0.19727246282039,0
0,0,-0.199003891441104,0
0,0,-0.200871594989035,0
0,0,-0.202868359831672,0
0,0,-0.204986345064111,0
0,0,-0.207216455236666,0
0,0,-0.209545988083393,0
0,0,-0.211963339065035,0
0,0,-0.214454080916571,0
0,0,-0.217002375010095,0
0,0,-0.219592069081509,0
0,0,-0.222205913140024,0
0,0,-0.224823991287186,0
0,0,-0.227426230806445,0
0,0,-0.229992872617443,0
0,0,-0.232501491732158,0
0,0,-0.234930290434958,0
0,0,-0.23725700055592,0
0,0,-0.239458099380333,0
0,0,-0.241510848283979,0
0,0,-0.243391097279755,0
0,0,-0.245076264561541,0
0,0,-0.246543141050823,0
0,0,-0.247768204032891,0
0,0,-0.248729498974018,0
0,0,-0.24940616906716,0
0,0,-0.249775475688099,0
0,0,-0.249816875665987,0
0,0,-0.249511707647156,0
0,0,-0.248839271642662,0
0,0,-0.247782631297913,0
0,0,-0.246324379804024,0
0,0,-0.244448678533092,0
0,0,-0.242140159311506,0
0,0,-0.239387844872401,0
0,0,-0.23617699431456,0
0,0,-0.232498512188295,0
0,0,-0.228343616680114,0
0,0,-0.223704466885114,0
0,0,-0.218577455987041,0
0,0,-0.212956624898166,0
0,0,-0.206843541799472,0
0,0,-0.200235383965193,0
0,0,-0.193136385483976,0
0,0,-0.185550153172077,0
0,0,-0.177481705208635,0
0,0,-0.16894139158812,0
0,0,-0.159936112306849,0
0,0,-0.150479824175548,0
0,0,-0.140584445369671,0
0,0,-0.130266441789514,0
0,0,-0.119541965699178,0
0,0,-0.108429678452331,0
0,0,-0.0969504368560168,0
0,0,-0.0851258818077675,0
0,0,-0.0729795360222936,0
0,0,-0.0605369608495776,0
0,0,-0.047824658548194,0
0,0,-0.0348711700119888,0
0,0,-0.0217036247719276,0
0,0,-0.00835620917338853,0
0,0,0.00514128134499736,0
0,0,0.0187552877102439,0
0,0,0.0324522508493661,0
0,0,0.0461975139626913,0
0,0,0.0599554793419599,0
0,0,0.0736921174598917,0
0,0,0.0873697919729519,0
0,0,0.100955257444351,0
0,0,0.114409466167672,0
0,0,0.12770027043281,0
0,0,0.140789877078134,0
0,0,0.153644570212559,0
0,0,0.166230633945002,0
0,0,0.178513568293889,0
0,0,0.190463107366295,0
0,0,0.202046476179723,0
0,0,0.21323482020413,0
0,0,0.224001009908551,0
0,0,0.234314308945767,0
0,0,0.244151351419165,0
0,0,0.253486419160663,0
0,0,0.26229849854512,0
0,0,0.270562812313043,0
0,0,0.27826258092794,0
0,0,0.285378202127551,0
0,0,0.291892112284895,0
0,0,0.297790197771144,0
0,0,0.303058031321279,0
0,0,0.307685576577022,0
0,0,0.311659817636234,0
0,0,0.314974481774993,0
0,0,0.317621571270297,0
0,0,0.319593872489636,0
0,0,0.320888092252951,0
0,0,0.321500937380181,0
0,0,0.321431466962739,0
0,0,0.320678896910135,0
0,0,0.319244324949054,0
0,0,0.317131357895752,0
0,0,0.314342975294093,0
0,0,0.310885136231802,0
0,0,0.306765054341392,0
0,0,0.301990727345862,0
0,0,0.296571721149195,0
0,0,0.29051854256396,0
0,0,0.283843737038004,0
0,0,0.276559850019171,0
0,0,0.268682406499169,0
0,0,0.260225520106824,0
0,0,0.251207068105316,0
0,0,0.24164430048543,0
0,0,0.231555878600837,0
0,0,0.220961718349991,0
0,0,0.209882519721836,0
0,0,0.198338825887218,0
0,0,0.18635384592465,0
0,0,0.17394890709547,0
0,0,0.161148943477269,0
0,0,0.147978261875246,0
0,0,0.134461796366995,0
0,0,0.120624637848205,0
0,0,0.106495327212723,0
0,0,0.0920986417200438,0
0,0,0.0774628086278182,0
0,0,0.062616368829894,0
0,0,0.0475873927658241,0
0,0,0.032405048601849,0
0,0,0.0170983476861097,0
0,0,0.00169755591153242,0
0,0,-0.0137700403728196,0
0,0,-0.0292707252758625,0
0,0,-0.0447781533571229,0
0,0,-0.0602603337245947,0
0,0,-0.0756873141215479,0
0,0,-0.0910305536541364,0
0,0,-0.106258688702746,0
0,0,-0.121343805645922,0
0,0,-0.136255481772641,0
0,0,-0.150966430733838,0
0,0,-0.165446543454687,0
0,0,-0.17966963131281,0
0,0,-0.193607467050558,0
0,0,-0.207233548409355,0
0,0,-0.220522000403023,0
0,0,-0.233448516226361,0
0,0,-0.245987377711287,0
0,0,-0.258116787142171,0
0,0,-0.269814476349087,0
0,0,-0.281059118070698,0
0,0,-0.291831423680944,0
0,0,-0.302112575008057,0
0,0,-0.311886262969837,0
0,0,-0.321136648938381,0
0,0,-0.329849776102961,0
0,0,-0.338012628561437,0
0,0,-0.34561469950124,0
0,0,-0.35264705029078,0
0,0,-0.359100899116565,0
0,0,-0.364969345982281,0
0,0,-0.37024894088977,0
0,0,-0.374934665659895,0
0,0,-0.379024324839281,0
0,0,-0.382518859336519,0
0,0,-0.385415916880135,0
0,0,-0.387720358831172,0
0,0,-0.389432969280119,0
0,0,-0.39055908004231,0
0,0,-0.391104022933079,0
0,0,-0.391073286585858,0
0,0,-0.39047565281414,0
0,0,-0.389317237523748,0
0,0,-0.387609331617743,0
0,0,-0.385359462364833,0
0,0,-0.382579861576665,0
0,0,-0.379280722429614,0
0,0,-0.375473022190545,0
0,0,-0.371171344942577,0
0,0,-0.366385570225889,0
0,0,-0.36113185030458,0
0,0,-0.355421319263614,0
0,0,-0.349271070275678,0
0,0,-0.342693962424815,0
0,0,-0.335705363884635,0
0,0,-0.328321583737336,0
0,0,-0.32055861742892,0
0,0,-0.312432146769194,0
0,0,-0.303959264930847,0
0,0,-0.295157849177058,0
0,0,-0.286043738135731,0
0,0,-0.276635906796732,0
0,0,-0.266951761968946,0
0,0,-0.257009651369845,0
0,0,-0.246828393171199,0
0,0,-0.23642555099999,0
0,0,-0.225819786209887,0
0,0,-0.215030701063148,0
0,0,-0.204075859186757,0
0,0,-0.192974549206775,0
0,0,-0.181744962022577,0
0,0,-0.170405445351637,0
0,0,-0.158973249184742,0
0,0,-0.147468446238444,0
0,0,-0.135906247868254,0
0,0,-0.124305629064039,0
0,0,-0.112683526180389,0
0,0,-0.101055150572817,0
0,0,-0.0894399476854828,0
0,0,-0.0778507766024263,0
0,0,-0.0663052009506312,0
0,0,-0.0548182752675123,0
0,0,-0.0434050540904825,0
0,0,-0.0320810624112507,0
0,0,-0.0208594729500543,0
0,0,-0.00975675160718981,0
0,0,0.00121455616949806,0
0,0,0.0120408072054778,0
0,0,0.0227058492366488,0
0,0,0.033198704996146,0
0,0,0.043503535856066,0
0,0,0.053609521367642,0
0,0,0.0635008229029697,0
0,0,0.0731670904675767,0
0,0,0.0825935831602453,0
0,0,0.0917693237141113,0
0,0,0.100682550771819,0
0,0,0.109321346157917,0
0,0,0.117674732605541,0
0,0,0.125732203302118,0
0,0,0.133484819616062,0
0,0,0.140921447462409,0
0,0,0.148033932300059,0
0,0,0.1548152173146,0
0,0,0.161255579783952,0
0,0,0.167350471983271,0
0,0,0.173092837098144,0
0,0,0.178477343313237,0
0,0,0.183498972449412,0
0,0,0.188154117690414,0
0,0,0.192438544947595,0
0,0,0.196349588313288,0
0,0,0.199883954607433,0
0,0,0.203039448376658,0
0,0,0.205816069620963,0
0,0,0.208209897887895,0
0,0,0.210221560449848,0
0,0,0.211851684579214,0
0,0,0.213098074822619,0
0,0,0.213962299361045,0
0,0,0.214444828648785,0
0,0,0.214546917230624,0
0,0,0.214268408288464,0
0,0,0.21361212454807,0
0,0,0.212580261462815,0
0,0,0.211172348578405,0
0,0,0.209393717710173,0
0,0,0.207244212040023,0
0,0,0.204728222474699,0
0,0,0.201846376286595,0
0,0,0.198603221200552,0
0,0,0.195001266306142,0
0,0,0.191042707056736,0
0,0,0.186731777540982,0
0,0,0.182071300484646,0
0,0,0.177063784977296,0
0,0,0.171714249198071,0
0,0,0.166023947691755,0
0,0,0.159997898637486,0
0,0,0.153640022487715,0
0,0,0.146952828332012,0
0,0,0.13994086389522,0
0,0,0.132608520084086,0
0,0,0.124959560532962,0
0,0,0.116999473875281,0
0,0,0.108730769200612,0
0,0,0.10016113059576,0
0,0,0.0912955762398626,0
0,0,0.0821384970396661,0
0,0,0.0726988316267605,0
0,0,0.0629815981802828,0
0,0,0.0529958921499212,0
0,0,0.0427500248948729,0
0,0,0.0322538759553161,0
0,0,0.0215171680533306,0
0,0,0.0105529170910554,0
0,0,-0.000628526937036855,0
0,0,-0.0120125799478266,0
0,0,-0.0235843442219978,0
0,0,-0.0353297061307252,0
0,0,-0.0472296906841423,0
0,0,-0.0592681456181494,0
0,0,-0.0714243709438019,0
0,0,-0.0836782939445474,0
0,0,-0.0960095282676383,0
0,0,-0.108394864834561,0
0,0,-0.120810310476311,0
0,0,-0.133231872023886,0
0,0,-0.145634615399694,0
0,0,-0.157991881527063,0
0,0,-0.17027654087503,0
0,0,-0.182460052549745,0
0,0,-0.194515914292637,0
0,0,-0.206411978393602,0
0,0,-0.218119860776893,0
0,0,-0.229607884186699,0
0,0,-0.240847821365368,0
0,0,-0.251806426876113,0
0,0,-0.262455316643183,0
0,0,-0.272761558865986,0
0,0,-0.282696769468771,0
0,0,-0.292228957559534,0
0,0,-0.301328327699643,0
0,0,-0.309967750358133,0
0,0,-0.318115705097294,0
0,0,-0.325746003294748,0
0,0,-0.332831201783335,0
0,0,-0.339344484668286,0
0,0,-0.345263270143481,0
0,0,-0.350560742314149,0
0,0,-0.355218710280916,0
0,0,-0.35921302405668,0
0,0,-0.362527060923047,0
0,0,-0.365141845890151,0
0,0,-0.367042167602479,0
0,0,-0.368213755613108,0
0,0,-0.368645319018978,0
0,0,-0.3683277623704,0
0,0,-0.367251833399589,0
0,0,-0.365412827563604,0
0,0,-0.362807451682384,0
0,0,-0.359433510302557,0
0,0,-0.355292571605104,0
0,0,-0.350388399224378,0
0,0,-0.344725854521419,0
0,0,-0.338312621583032,0
0,0,-0.33115983449418,0
0,0,-0.323278000067432,0
0,0,-0.314682643294498,0
0,0,-0.305388975530889,0
0,0,-0.295417383129352,0
0,0,-0.284786213807363,0
0,0,-0.273518990279631,0
0,0,-0.261638137534177,0
0,0,-0.249170785101967,0
0,0,-0.236143121605379,0
0,0,-0.222583687938258,0
0,0,-0.208525102265002,0
0,0,-0.19399512138897,0
0,0,-0.179029970290812,0
0,0,-0.16366273758922,0
0,0,-0.14792698235718,0
0,0,-0.131863163663992,0
0,0,-0.115504370128348,0
0,0,-0.0988920017281357,0
0,0,-0.0820640084430866,0
0,0,-0.0650611629786972,0
0,0,-0.0479236107680715,0
0,0,-0.0306929086071964,0
0,0,-0.0134109269282549,0
0,0,0.00388015020037424,0
0,0,0.0211392364369987,0
0,0,0.0383219522598663,0
0,0,0.0553875249634808,0
0,0,0.072292986388973,0
0,0,0.0889959956498658,0
0,0,0.105456093676859,0
0,0,0.121630312311083,0
0,0,0.137479447028023,0
0,0,0.152962725122181,0
0,0,0.168040001160454,0
0,0,0.182674579707895,0
0,0,0.196826785785694,0
0,0,0.210462276230375,0
0,0,0.223543885152698,0
0,0,0.23603930802446,0
0,0,0.247915769863168,0
0,0,0.259141122958718,0
0,0,0.26968792414395,0
0,0,0.279526691616426,0
0,0,0.288632648116654,0
0,0,0.296982114111825,0
0,0,0.304552037341526,0
0,0,0.311325010996869,0
0,0,0.317280021452716,0
0,0,0.322406091442201,0
0,0,0.326688009609813,0
0,0,0.330114014598197,0
0,0,0.332680499591097,0
0,0,0.334375703231159,0
0,0,0.335202448244147,0
0,0,0.335153364179453,0
0,0,0.334235664669588,0
0,0,0.332450447441238,0
0,0,0.329803044309738,0
0,0,0.326306627995324,0
0,0,0.321966059859036,0
0,0,0.316800158072643,0
0,0,0.310821154447793,0
0,0,0.304050062609626,0
0,0,0.296503348458439,0
0,0,0.288207043798511,0
0,0,0.279183730435962,0
0,0,0.269458969720777,0
0,0,0.259063027545883,0
0,0,0.248022719806047,0
0,0,0.23637207602855,0
0,0,0.224140264379631,0
0,0,0.211365548475218,0
0,0,0.198079762389218,0
0,0,0.184319915192773,0
0,0,0.170123956865614,0
0,0,0.155527171479806,0
0,0,0.140569861286551,0
0,0,0.1252884080846,0
0,0,0.109722957307057,0
0,0,0.0939117725698488,0
0,0,0.0778924902165108,0
0,0,0.0617046284077551,0
0,0,0.0453836280337441,0
0,0,0.0289696345275814,0
0,0,0.0124965205984491,0
0,0,-0.00399792059201975,0
0,0,-0.0204793458803493,0
0,0,-0.0369140393754565,0
0,0,-0.0532671874595706,0
0,0,-0.0695077401492751,0
0,0,-0.0856038633706643,0
0,0,-0.101525604867006,0
0,0,-0.117244580562553,0
0,0,-0.13273209274536,0
0,0,-0.147963207337833,0
0,0,-0.16291220617189,0
0,0,-0.177555880169018,0
0,0,-0.191872117977392,0
0,0,-0.205838808245182,0
0,0,-0.219438857799701,0
0,0,-0.232652821196789,0
0,0,-0.245465330262835,0
0,0,-0.25786101682423,0
0,0,-0.269824983161657,0
0,0,-0.281345938372056,0
0,0,-0.292411180189484,0
0,0,-0.303011456346154,0
0,0,-0.313136260029498,0
0,0,-0.322777593516513,0
0,0,-0.331929654537571,0
0,0,-0.34058287718869,0
0,0,-0.348735536470793,0
0,0,-0.356379321024681,0
0,0,-0.363513289941766,0
0,0,-0.370132581861008,0
0,0,-0.376234217238543,0
0,0,-0.381818039256275,0
0,0,-0.38688012746175,0
0,0,-0.391422363672147,0
0,0,-0.39543941607213,0
0,0,-0.398935048296054,0
0,0,-0.401906908072447,0
0,0,-0.404353584038427,0
0,0,-0.406276330738778,0
0,0,-0.407674050446814,0
0,0,-0.408545959072045,0
0,0,-0.408890174797293,0
0,0,-0.408710147620717,0
0,0,-0.408000859363178,0
0,0,-0.406763250933264,0
0,0,-0.404998733693858,0
0,0,-0.402703700828706,0
0,0,-0.399879563700688,0
0,0,-0.396525695037413,0
0,0,-0.392642722111273,0
0,0,-0.388230488104171,0
0,0,-0.383289933924695,0
0,0,-0.377823411844314,0
0,0,-0.371831078681129,0
0,0,-0.365319050340962,0
0,0,-0.358285445006638,0
0,0,-0.35074045585453,0
0,0,-0.34268471015703,0
0,0,-0.33412542154665,0
0,0,-0.325070901382587,0
0,0,-0.315526011025881,0
0,0,-0.305502041379592,0
0,0,-0.295007303802918,0
0,0,-0.284054030107507,0
0,0,-0.272653040742126,0
0,0,-0.260817351608914,0
0,0,-0.248562017245287,0
0,0,-0.235901464916263,0
0,0,-0.222852944612632,0
0,0,-0.209433235870886,0
0,0,-0.195661470498987,0
0,0,-0.181557407577294,0
0,0,-0.167140335731866,0
0,0,-0.152433934495512,0
0,0,-0.137459687947667,0
0,0,-0.122243000620216,0
0,0,-0.106806611137378,0
0,0,-0.0911778058482173,0
0,0,-0.075383087011306,0
0,0,-0.0594503682480988,0
0,0,-0.0434080336343459,0
0,0,-0.0272846240638941,0
0,0,-0.0111113463382582,0
0,0,0.00508294501251805,0
0,0,0.0212656318240376,0
0,0,0.0374048800223936,0
0,0,0.0534697964422677,0
0,0,0.0694282333735572,0
0,0,0.0852453771984916,0
0,0,0.100891118842243,0
0,0,0.116330331050846,0
0,0,0.131530552478,0
0,0,0.146457283142133,0
0,0,0.161078845787435,0
0,0,0.175360426796136,0
0,0,0.18926846709525,0
0,0,0.202770818974676,0
0,0,0.215833609725231,0
0,0,0.228424691636812,0
0,0,0.240511446545023,0
0,0,0.252063765375034,0
0,0,0.263049657234842,0
0,0,0.273439169867716,0
0,0,0.283203605561711,0
0,0,0.292314109786782,0
0,0,0.300745591647241,0
0,0,0.308469823885435,0
0,0,0.315466733784813,0
0,0,0.321712484994468,0
0,0,0.327185593434967,0
0,0,0.331872415931778,0
0,0,0.335752252495956,0
0,0,0.338816164495912,0
0,0,0.341047999667546,0
0,0,0.342444935285091,0
0,0,0.342998189535058,0
0,0,0.34270415560119,0
0,0,0.34156581302735,0
0,0,0.339581750450656,0
0,0,0.336761690593188,0
0,0,0.333108769816907,0
0,0,0.328639140385914,0
0,0,0.323362525022288,0
0,0,0.317295703262522,0
0,0,0.310459688731757,0
0,0,0.302871260966485,0
0,0,0.294557863133868,0
0,0,0.285540508859046,0
0,0,0.275851032215926,0
0,0,0.265517033189766,0
0,0,0.254568464037298,0
0,0,0.243041549739172,0
0,0,0.230966085734022,0
0,0,0.218380962910167,0
0,0,0.205320524431084,0
0,0,0.191823033912698,0
0,0,0.17792659815284,0
0,0,0.16366916713124,0
0,0,0.149091043099102,0
0,0,0.134230019218058,0
0,0,0.119127181829801,0
0,0,0.103820167277865,0
0,0,0.0883508459944347,0
0,0,0.0727562270506514,0
0,0,0.0570772399701105,0
0,0,0.0413513642782486,0
0,0,0.0256178044995816,0
0,0,0.00991372652335065,0
0,0,-0.00572323330690971,0
0,0,-0.0212566931924481,0
0,0,-0.0366508986069063,0
0,0,-0.051870565478221,0
0,0,-0.0668827620057978,0
0,0,-0.0816526745718672,0
0,0,-0.0961519191006794,0
0,0,-0.110345995610661,0
0,0,-0.124209029115632,0
0,0,-0.137711537813156,0
0,0,-0.150827646717053,0
0,0,-0.16353320584022,0
0,0,-0.175803437923164,0
0,0,-0.187617799795039,0
0,0,-0.198954650558312,0
0,0,-0.20979721067649,0
0,0,-0.220126034705414,0
0,0,-0.229925284017178,0
0,0,-0.239183040436331,0
0,0,-0.24788330851687,0
0,0,-0.256017620081498,0
0,0,-0.263571861501392,0
0,0,-0.270541641869805,0
0,0,-0.276918022555147,0
0,0,-0.282694574015398,0
0,0,-0.287870041705774,0
0,0,-0.292438309720448,0
0,0,-0.296401730330894,0
0,0,-0.299756853538953,0
0,0,-0.302510422522843,0
0,0,-0.304662280464464,0
0,0,-0.306217288724857,0
0,0,-0.307184542753711,0
0,0,-0.307568590275867,0
0,0,-0.307381035830583,0
0,0,-0.306627995323684,0
0,0,-0.305325307383075,0
0,0,-0.303483165185128,0
0,0,-0.301114584631983,0
0,0,-0.298237129350624,0
0,0,-0.294863501606994,0
0,0,-0.291012519572859,0
0,0,-0.286699394603733,0
0,0,-0.281944513052363,0
0,0,-0.27676481127334,0
0,0,-0.271181459709903,0
0,0,-0.265214217442407,0
0,0,-0.258882373096915,0
0,0,-0.252210860751018,0
0,0,-0.245217714485993,0
0,0,-0.23792818201563,0
0,0,-0.230363433783166,0
0,0,-0.222546365230919,0
0,0,-0.214501596800284,0
0,0,-0.206251239843088,0
0,0,-0.197821012527414,0
0,0,-0.189233026205088,0
0,0,-0.180512842226096,0
0,0,-0.171685081031832,0
0,0,-0.162773422155104,0
0,0,-0.153803270127799,0
0,0,-0.144798304482724,0
0,0,-0.135783616115569,0
0,0,-0.126782884559141,0
0,0,-0.117820102982445,0
0,0,-0.108919891826876,0
0,0,-0.100104048808065,0
0,0,-0.0913967239131134,0
0,0,-0.0828198716757503,0
0,0,-0.0743957602659011,0
0,0,-0.0661452464906068,0
0,0,-0.0580893439750093,0
0,0,-0.0502492231623467,0
0,0,-0.0426419772253076,0
0,0,-0.0352881493347387,0
0,0,-0.028204048572838,0
0,0,-0.0214075522027849,0
0,0,-0.0149144988524836,0
0,0,-0.00873884533266245,0
0,0,-0.00289674390742101,0
0,0,0.00260114179257198,0
0,0,0.00774101177468656,0
0,0,0.0125122024082553,0
0,0,0.0169059318797864,0
0,0,0.0209118501948071,0
0,0,0.0245229005389054,0
0,0,0.0277323397338638,0
0,0,0.0305362473272315,0
0,0,0.0329291346855758,0
0,0,0.034909276809818,0
0,0,0.0364755759732718,0
0,0,0.0376275617216431,0
0,0,0.0383664885997161,0
0,0,0.0386947088789622,0
0,0,0.0386167702842251,0
0,0,0.0381369069041517,0
0,0,0.0372626460074506,0
0,0,0.036000417136141,0
0,0,0.0343596293761068,0
0,0,0.0323507895399191,0
0,0,0.0299842476220493,0
0,0,0.0272730195246371,0
0,0,0.0242301211498215,0
0,0,0.0208698229445263,0
0,0,0.0172078067185577,0
0,0,0.0132616360988989,0
0,0,0.00904730653155195,0
0,0,0.00458363618828517,0
0,0,-0.000110870395330642,0
0,0,-0.00501551323035121,0
0,0,-0.0101095923278312,0
0,0,-0.0153730349712201,0
0,0,-0.0207823184458071,0
0,0,-0.0263154882178642,0
0,0,-0.0319504329355642,0
0,0,-0.0376619048851191,0
0,0,-0.043428106350898,0
0,0,-0.0492237896191123,0
0,0,-0.055024961520759,0
0,0,-0.060808256159227,0
0,0,-0.0665490530931192,0
0,0,-0.0722236727896293,0
0,0,-0.0778085925340475,0
0,0,-0.0832804464297614,0
0,0,-0.0886155549439652,0
0,0,-0.0937933749058112,0
0,0,-0.098791481327277,0
0,0,-0.103588546947026,0
0,0,-0.108164655866605,0
0,0,-0.11250130355044,0
0,0,-0.116579671826766,0
0,0,-0.120381569796207,0
0,0,-0.123892883829937,0
0,0,-0.127097461663856,0
0,0,-0.129981503305334,0
0,0,-0.132533404215114,0
0,0,-0.134741403035842,0
0,0,-0.136596874772124,0
0,0,-0.138091821700959,0
0,0,-0.13921871655364,0
0,0,-0.139973168423421,0
0,0,-0.140352354584538,0
0,0,-0.140353609129322,0
0,0,-0.139977559330167,0
0,0,-0.139225930186151,0
0,0,-0.138101073968744,0
0,0,-0.136609733856165,0
0,0,-0.134757084845648,0
0,0,-0.132552849659273,0
0,0,-0.130005339656239,0
0,0,-0.127128041192978,0
0,0,-0.123932872444943,0
0,0,-0.120434574313353,0
0,0,-0.116648828608012,0
0,0,-0.112592258047317,0
0,0,-0.108283053530642,0
0,0,-0.103740817320245,0
0,0,-0.0989853084964833,0
0,0,-0.0940362861397109,0
0,0,-0.0889161752379519,0
0,0,-0.0836463030525425,0
0,0,-0.0782497218438989,0
0,0,-0.0727471316009637,0
0,0,-0.0671625254927424,0
0,0,-0.0615173875986679,0
0,0,-0.0558335156343727,0
0,0,-0.0501342754964664,0
0,0,-0.0444405239919931,0
0,0,-0.0387724906556018,0
0,0,-0.0331519732029234,0
0,0,-0.0275981034419224,0
0,0,-0.0221286018176785,0
0,0,-0.016763541046745,0
0,0,-0.0115181324846341,0
0,0,-0.00640790112305267,0
0,0,-0.001449626498495,0
0,0,0.00334571412217533,0
0,0,0.00796322301964181,0
0,0,0.0123944320166101,0
0,0,0.0166274229376262,0
0,0,0.0206551389682779,0
0,0,0.0244692687493679,0
0,0,0.0280651077379537,0
0,0,0.0314384218453883,0
0,0,0.0345845065287294,0
0,0,0.0375030481517811,0
0,0,0.0401918512611701,0
0,0,0.0426523272197799,0
0,0,0.0448846328457073,0
0,0,0.0468914340466204,0
0,0,0.0486766512749703,0
0,0,0.0502421663479338,0
0,0,0.0515939383532376,0
0,0,0.0527374559243132,0
0,0,0.0536778940583973,0
0,0,0.0544216822975105,0
0,0,0.054974936547477,0
0,0,0.0553453408951019,0
0,0,0.0555393248824059,0
0,0,0.0555636316876058,0
0,0,0.0554256317613102,0
0,0,0.0551331660084227,0
0,0,0.0546926639709635,0
0,0,0.0541113392814438,0
0,0,0.0533951510275898,0
0,0,0.0525530378409911,0
0,0,0.0515889201740993,0
0,0,0.0505111093861119,0
0,0,0.0493247804742649,0
0,0,0.048036519798677,0
0,0,0.04665181599278,0
0,0,0.0451756872357125,0
0,0,0.043614876705691,0
0,0,0.041974088945657,0
0,0,0.0402588125890431,0
0,0,0.0384728112702031,0
0,0,0.0366228281673531,0
0,0,0.034712626914847,0
0,0,0.0327458143289401,0
0,0,0.0307283494973587,0
0,0,0.0286632119639663,0
0,0,0.0265547926355085,0
0,0,0.0244057574196523,0
0,0,0.0222201835869473,0
0,0,0.0200007370450608,0
0,0,0.0177491427930714,0
0,0,0.0154686940110382,0
0,0,0.0131606452437463,0
0,0,0.0108260942178813,0
0,0,0.00846613866013057,0
0,0,0.00608187629717971,0
0,0,0.00367315031093107,0
0,0,0.00124027433758078,0
0,0,-0.00121784934955804,0
0,0,-0.00370075029618999,0
0,0,-0.0062098398651993,0
0,0,-0.00874637260136935,0
0,0,-0.0113111325951909,0
0,0,-0.0139061584819379,0
0,0,-0.0165320775340039,0
0,0,-0.0191917124771536,0
0,0,-0.021885533765681,0
0,0,-0.024616364125351,0
0,0,-0.0273838899199681,0
0,0,-0.0301928156924735,0
0,0,-0.0330415732618872,0
0,0,-0.0359326717177774,0
0,0,-0.0388664246963412,0
0,0,-0.0418442435604609,0
0,0,-0.0448647169472535,0
0,0,-0.0479286289472097,0
0,0,-0.0510342545612507,0
0,0,-0.0541812801531799,0
0,0,-0.0573670398153311,0
0,0,-0.0605904358210175,0
0,0,-0.0638477045358854,0
0,0,-0.0671361800522675,0
0,0,-0.0704524123720069,0
0,0,-0.0737915401340636,0
0,0,-0.0771499565221825,0
0,0,-0.0805220160848324,0
0,0,-0.0839031710971698,0
0,0,-0.0872863647447825,0
0,0,-0.0906659515761393,0
0,0,-0.0940353452311227,0
0,0,-0.0973871752591223,0
0,0,-0.100715012118119,0
0,0,-0.104010701267012,0
0,0,-0.107266715437096,0
0,0,-0.11047646826825,0
0,0,-0.113630550674592,0
0,0,-0.116721435387415,0
0,0,-0.119742379228502,0
0,0,-0.122685070838655,0
0,0,-0.125542767039659,0
0,0,-0.128306999654216,0
0,0,-0.130972123230798,0
0,0,-0.133530296864501,0
0,0,-0.135977286466677,0
0,0,-0.138304153405737,0
0,0,-0.140508545410209,0
0,0,-0.142584032938074,0
0,0,-0.144525597810192,0
0,0,-0.14633120139129,0
0,0,-0.147996923228916,0
0,0,-0.149520567869697,0
0,0,-0.150899469405965,0
0,0,-0.152134882382506,0
0,0,-0.153222415892573,0
0,0,-0.154164579025737,0
0,0,-0.154962312690583,0
0,0,-0.155614675978525,0
0,0,-0.156126059796309,0
0,0,-0.156496150507738,0
0,0,-0.156729339019557,0
0,0,-0.156827820785141,0
0,0,-0.156794888984548,0
0,0,-0.15663524816072,0
0,0,-0.156351093767029,0
0,0,-0.155948384891203,0
0,0,-0.155430101077105,0
0,0,-0.154801574140068,0
0,0,-0.154067351804937,0
0,0,-0.153232295432752,0
0,0,-0.152300482294061,0
0,0,-0.151276146477513,0
0,0,-0.150165247070834,0
0,0,-0.148969665891201,0
0,0,-0.147695832480635,0
0,0,-0.146345628656312,0
0,0,-0.144924229415469,0
0,0,-0.14343445748387,0
0,0,-0.141877881042496,0
0,0,-0.140259047816191,0
0,0,-0.138579839622131,0
0,0,-0.136841197368906,0
0,0,-0.135044689237496,0
0,0,-0.133193294771763,0
0,0,-0.131285602608826,0
0,0,-0.129323808202057,0
0,0,-0.127306500188574,0
0,0,-0.125235560385553,0
0,0,-0.123108322885327,0
0,0,-0.120926355868878,0
0,0,-0.118686052519949,0
0,0,-0.116386785566149,0
0,0,-0.114027770916986,0
0,0,-0.111606499482892,0
0,0,-0.109119678083809,0
0,0,-0.106567149901636,0
0,0,-0.10394609221061,0
0,0,-0.101253211830671,0
0,0,-0.098487567853231,0
0,0,-0.0956452398258377,0
0,0,-0.092726227748492,0
0,0,-0.0897258270782515,0
0,0,-0.086643567360822,0
0,0,-0.0834781940514194,0
0,0,-0.0802271980604738,0
0,0,-0.0768894816612995,0
0,0,-0.0734664562167791,0
0,0,-0.0699563967278339,0
0,0,-0.0663611850116399,0
0,0,-0.0626833301577669,0
0,0,-0.0589240867109991,0
0,0,-0.0550878455780823,0
0,0,-0.0511796249381546,0
0,0,-0.0472036588798638,0
0,0,-0.0431668473995249,0
0,0,-0.0390754632210596,0
0,0,-0.0349384449760579,0
0,0,-0.0307633199332267,0
0,0,-0.0265604380870388,0
0,0,-0.0223382676147887,0
0,0,-0.01810872669193,0
0,0,-0.0138820084948365,0
0,0,-0.00966971756276447,0
0,0,-0.00548486979785401,0
0,0,-0.00133859928506652,0
0,0,0.00275560761916394,0
0,0,0.00678504864889429,0
0,0,0.0107360806295931,0
0,0,0.0145963149315136,0
0,0,0.0183506970172411,0
0,0,0.0219873087113236,0
0,0,0.0254932909297196,0
0,0,0.0288543732255053,0
0,0,0.0320608328766006,0
0,0,0.0350974585274937,0
0,0,0.037955468364693,0
0,0,0.0406226305765496,0
0,0,0.0430898497133756,0
0,0,0.0453452075997185,0
0,0,0.04738290196595,0
0,0,0.0491924259994998,0
0,0,0.0507676637945433,0
0,0,0.0521024994452559,0
0,0,0.053189562501029,0
0,0,0.054027127962784,0
0,0,0.0546084526523036,0
0,0,0.0549327524790981,0
0,0,0.0549970478993038,0
0,0,0.054800868458627,0
0,0,0.0543453118837538,0
0,0,0.0536289668118017,0
0,0,0.0526576355123991,0
0,0,0.051431474803644,0
0,0,0.0499569142275571,0
0,0,0.048238187872786,0
0,0,0.0462818820994493,0
0,0,0.0440964650848426,0
0,0,0.0416886800071823,0
0,0,0.0390680927704503,0
0,0,0.0362453670053153,0
0,0,0.0332303822519548,0
0,0,0.0300341157772335,0
0,0,0.0266700539375846,0
0,0,0.0231488603636767,0
0,0,0.0194840214119429,0
0,0,0.0156887098026206,0
0,0,0.0117760982559476,0
0,0,0.00775904585596399,0
0,0,0.00365166623149649,0
0,0,-0.000532240624826374,0
0,0,-0.00478169744613899,0
0,0,-0.00908102242263564,0
0,0,-0.0134195519236483,0
0,0,-0.0177820745936648,0
0,0,-0.0221585540744087,0
0,0,-0.0265350335551526,0
0,0,-0.0309002221328361,0
0,0,-0.0352436129948887,0
0,0,-0.0395525038753676,0
0,0,-0.0438177993245847,0
0,0,-0.0480277379851854,0
0,0,-0.0521760471332476,0
0,0,-0.0562512790476125,0
0,0,-0.0602452791871803,0
0,0,-0.0641534998271078,0
0,0,-0.0679659046091191,0
0,0,-0.071678416262664,0
0,0,-0.0752847620638202,0
0,0,-0.0787800806515478,0
0,0,-0.0821596674829047,0
0,0,-0.0854211702864207,0
0,0,-0.0885611390639371,0
0,0,-0.0915770647258858,0
0,0,-0.0944673790912866,0
0,0,-0.0972302003429614,0
0,0,-0.0998658421171073,0
0,0,-0.102373049868939,0
0,0,-0.104752137234654,0
0,0,-0.107003731486644,0
0,0,-0.109127518988711,0
0,0,-0.111125224739937,0
0,0,-0.112997005558418,0
0,0,-0.114743488716546,0
0,0,-0.116365458304812,0
0,0,-0.117864012049903,0
0,0,-0.119238522679425,0
0,0,-0.120491185646753,0
0,0,-0.121620275952807,0
0,0,-0.122627048142372,0
0,0,-0.123511188579252,0
0,0,-0.124271442718661,0
0,0,-0.124908594651092,0
0,0,-0.125420762559366,0
0,0,-0.125807162352993,0
0,0,-0.12606732357768,0
0,0,-0.12619920759815,0
0,0,-0.126202814414406,0
0,0,-0.126076575845465,0
0,0,-0.125819080528446,0
0,0,-0.125430485281446,0
0,0,-0.124910633286366,0
0,0,-0.124257485907934,0
0,0,-0.123472611327128,0
0,0,-0.122555852725852,0
0,0,-0.121506269195515,0
0,0,-0.120326369825689,0
0,0,-0.119015684162078,0
0,0,-0.117576564476153,0
0,0,-0.116008069859326,0
0,0,-0.114313963945951,0
0,0,-0.112494560372224,0
0,0,-0.11055095686483,0
0,0,-0.108486760240026,0
0,0,-0.106302440952106,0
0,0,-0.104000508090638,0
0,0,-0.101583941199486,0
0,0,-0.0990538380053366,0
0,0,-0.0964150598692296,0
0,0,-0.093668704517851,0
0,0,-0.090818535585555,0
0,0,-0.0878678462524002,0
0,0,-0.0848199296984468,0
0,0,-0.0816772950132627,0
0,0,-0.0784429217407122,0
0,0,-0.075122298514227,0
0,0,-0.0717157389700029,0
0,0,-0.0682296726500615,0
0,0,-0.0646667654620683,0
0,0,-0.06102984013179,0
0,0,-0.0573248557469521,0
0,0,-0.0535552623057122,0
0,0,-0.04972513707862,0
0,0,-0.0458402823353038,0
0,0,-0.0419065003453918,0
0,0,-0.0379266138346492,0
0,0,-0.0339089341622736,0
0,0,-0.029858793143599,0
0,0,-0.0257810521396653,0
0,0,-0.0216841793277678,0
0,0,-0.0175727224327504,0
0,0,-0.0134548359957125,0
0,0,-0.00933710637677287,0
0,0,-0.00522674720844207,0
0,0,-0.00113018803274034,0
0,0,0.0029445734273299,0
0,0,0.00699000990306264,0
0,0,0.0109998486705356,0
0,0,0.0149654647343538,0
0,0,0.0188807421886943,0
0,0,0.0227368992200649,0
0,0,0.0265278199226415,0
0,0,0.0302450361191284,0
0,0,0.033882431903701,0
0,0,0.0374298140999856,0
0,0,0.0408826349831379,0
0,0,0.044232112739667,0
0,0,0.0474704064646692,0
0,0,0.0505914002523202,0
0,0,0.0535861554710306,0
0,0,0.0564501243959561,0
0,0,0.0591728002145271,0
0,0,0.0617507329285858,0
0,0,0.0641760816332291,0
0,0,0.0664424167864364,0
0,0,0.0685467588443445,0
0,0,0.0704806396296582,0
0,0,0.0722428045975929,0
0,0,0.073825099207049,0
0,0,0.0752270530037331,0
0,0,0.0764434909904081,0
0,0,0.0774697086241327,0
0,0,0.0783069604496913,0
0,0,0.0789475623802793,0
0,0,0.0793943371416608,0
0,0,0.0796413256461099,0
0,0,0.0796915074374902,0
0,0,0.0795409620633498,0
0,0,0.0791890622512961,0
0,0,0.0786362784556238,0
0,0,0.0778813561315483,0
0,0,0.07692586346005,0
0,0,0.0757679186239526,0
0,0,0.0744109716214127,0
0,0,0.0728536110895486,0
0,0,0.0710972483912424,0
0,0,0.0691447062522592,0
0,0,0.0669942596735202,0
0,0,0.0646501427436739,0
0,0,0.0621109440998366,0
0,0,0.0593801137401664,0
0,0,0.0564581221189575,0
0,0,0.0533451260543076,0
0,0,0.0500428505452957,0
0,0,0.0465512955919216,0
0,0,0.0428715589208719,0
0,0,0.0390025428054599,0
0,0,0.0349456586085688,0
0,0,0.0307013767844919,0
0,0,0.0262668746074646,0
0,0,0.0216460725299386,0
0,0,0.0168350500994616,0
0,0,0.011837100496094,0
0,0,0.00664955781216769,0
0,0,0.00127399022866448,0
0,0,-0.00428866134582884,0
0,0,-0.0100390241837033,0
0,0,-0.0159763141944688,0
0,0,-0.0220966109256736,0
0,0,-0.0284003848316126,0
0,0,-0.0348846563684222,0
0,0,-0.0415451914474547,0
0,0,-0.0483788537067485,0
0,0,-0.0553825067843432,0
0,0,-0.0625478393210405,0
0,0,-0.0698729694996638,0
0,0,-0.0773488018705264,0
0,0,-0.0849679659830184,0
0,0,-0.0927241891132173,0
0,0,-0.100606807630455,0
0,0,-0.108605785176456,0
0,0,-0.116710928574845,0
0,0,-0.124911260558759,0
0,0,-0.133193608407959,0
0,0,-0.141544328947915,0
0,0,-0.149951347185076,0
0,0,-0.158397883582949,0
0,0,-0.166869981330806,0
0,0,-0.175350860892154,0
0,0,-0.183823742730501,0
0,0,-0.192272317763648,0
0,0,-0.20067682691124,0
0,0,-0.209021274727274,0
0,0,-0.217283549859922,0
0,0,-0.225447029590791,0
0,0,-0.233491013930936,0
0,0,-0.241394018800922,0
0,0,-0.249137226028982,0
0,0,-0.256699308353778,0
0,0,-0.264059095332074,0
0,0,-0.271193691521551,0
0,0,-0.278086003749521,0
0,0,-0.284712352483176,0
0,0,-0.291052194551669,0
0,0,-0.29708702541943,0
0,0,-0.302792538281258,0
0,0,-0.308153051327348,0
0,0,-0.313144885024891,0
0,0,-0.317752984836474,0
0,0,-0.32195680759125,0
0,0,-0.325737535117453,0
0,0,-0.329081837876746,0
0,0,-0.331969486334479,0
0,0,-0.334388719133298,0
0,0,-0.336322129464317,0
0,0,-0.337759524151164,0
0,0,-0.33868678956501,0
0,0,-0.339092634802797,0
0,0,-0.338967964414837,0
0,0,-0.338301644316168,0
0,0,-0.337088342691453,0
0,0,-0.335318336818616,0
0,0,-0.332990372152869,0
0,0,-0.330097078243606,0
0,0,-0.326637357364139,0
0,0,-0.322611366332566,0
0,0,-0.31801643924122,0
0,0,-0.312858064723534,0
0,0,-0.307134674598527,0
0,0,-0.300855521133983,0
0,0,-0.29402421114616,0
0,0,-0.286647017358979,0
0,0,-0.278736014765992,0
0,0,-0.270296378364435,0
0,0,-0.2613447308727,0
0,0,-0.251888129105204,0
0,0,-0.241944607143221,0
0,0,-0.23152733770699,0
0,0,-0.22065090487963,0
0,0,-0.20933569501389,0
0,0,-0.197596919465282,0
0,0,-0.18545684640373,0
0,0,-0.172931941729531,0
0,0,-0.160047453156474,0
0,0,-0.146823296583012,0
0,0,-0.133282367451463,0
0,0,-0.119449913475614,0
0,0,-0.105347575553,0
0,0,-0.091003110486975,0
0,0,-0.0764386296293682,0
0,0,-0.0616822034197322,0
0,0,-0.0467606477528361,0
0,0,-0.031698896706271,0
0,0,-0.016524550265297,0
0,0,-0.00126536523327092,0
0,0,0.0140516856769404,0
0,0,0.0293977479352938,0
0,0,0.0447463192832156,0
0,0,0.0600668201915846,0
0,0,0.0753308665846508,0
0,0,0.0905099175685666,0
0,0,0.105573550432308,0
0,0,0.120491656101047,0
0,0,0.135233498227563,0
0,0,0.149770849554205,0
0,0,0.164070151007987,0
0,0,0.17810066624169,0
0,0,0.191832286180484,0
0,0,0.205231138115188,0
0,0,0.218267583425268,0
0,0,0.23090555394817,0
0,0,0.243117136062439,0
0,0,0.254868300240794,0
0,0,0.266126114682643,0
0,0,0.276861568039844,0
0,0,0.28704047396702,0
0,0,0.296635075660812,0
0,0,0.305611186775844,0
0,0,0.313947166414581,0
0,0,0.321608985049747,0
0,0,0.328572335876139,0
0,0,0.334815107541931,0
0,0,0.340309072789472,0
0,0,0.345038079354662,0
0,0,0.348977663614202,0
0,0,0.352116377846935,0
0,0,0.354435403881091,0
0,0,0.355923764449808,0
0,0,0.356573932284377,0
0,0,0.356374146027445,0
0,0,0.355325503405697,0
0,0,0.353418908969446,0
0,0,0.350663614986478,0
0,0,0.34705664191293,0
0,0,0.342606457926096,0
0,0,0.337325294837627,0
0,0,0.331219582189541,0
0,0,0.324310176788883,0
0,0,0.316608055902516,0
0,0,0.30813909451662,0
0,0,0.298919758531492,0
0,0,0.288979529749569,0
0,0,0.278343655884638,0
0,0,0.267039893740057,0
0,0,0.255101959206908,0
0,0,0.242561215904805,0
0,0,0.229452791087714,0
0,0,0.215810087010522,0
0,0,0.201674660469215,0
0,0,0.187081638717761,0
0,0,0.172070383098773,0
0,0,0.156682920862531,0
0,0,0.140956888352571,0
0,0,0.124936821908743,0
0,0,0.108661612419366,0
0,0,0.0921737575890156,0
0,0,0.075515441486071,0
0,0,0.0587269663617338,0
0,0,0.041849418557697,0
0,0,0.0249243548699467,0
0,0,0.00799050936870516,0
0,0,-0.00891024751384495,0
0,0,-0.0257427885237381,0
0,0,-0.042466340955477,0
0,0,-0.0590453071008022,0
0,0,-0.0754447165238447,0
0,0,-0.0916288146982468,0
0,0,-0.107566394822494,0
0,0,-0.123222329642619,0
0,0,-0.138569646445757,0
0,0,-0.153577138430392,0
0,0,-0.168217832883658,0
0,0,-0.182466011637471,0
0,0,-0.196297054250437,0
0,0,-0.209688065280238,0
0,0,-0.222615992466458,0
0,0,-0.235065467635489,0
0,0,-0.247014222617404,0
0,0,-0.258446889238593,0
0,0,-0.269351706141703,0
0,0,-0.279711580154043,0
0,0,-0.28951867037071,0
0,0,-0.298760588161959,0
0,0,-0.307432785802944,0
0,0,-0.315526011025881,0
0,0,-0.323036657014513,0
0,0,-0.329962841951664,0
0,0,-0.336300802202981,0
0,0,-0.342052733221835,0
0,0,-0.347218007735837,0
0,0,-0.351801173469828,0
0,0,-0.35580536678577,0
0,0,-0.3592357626809,0
0,0,-0.362099731605825,0
0,0,-0.364403075830176,0
0,0,-0.366156145348422,0
0,0,-0.367366310611175,0
0,0,-0.368045332975788,0
0,0,-0.36820387607293,0
0,0,-0.367853858078053,0
0,0,-0.367010176710474,0
0,0,-0.36568271151037,0
0,0,-0.363889810195215,0
0,0,-0.361643234122364,0
0,0,-0.358960546918799,0
0,0,-0.355858214484817,0
0,0,-0.352352702720716,0
0,0,-0.348459850254398,0
0,0,-0.344196907076652,0
0,0,-0.339583161813539,0
0,0,-0.334633355366276,0
0,0,-0.329368501360005,0
0,0,-0.323803811150237,0
0,0,-0.317959357453525,0
0,0,-0.31185364480544,0
0,0,-0.305503295924376,0
0,0,-0.298928383526886,0
0,0,-0.292144589422776,0
0,0,-0.285172143146696,0
0,0,-0.278026412872257,0
0,0,-0.270724648590244,0
0,0,-0.263284727563839,0
0,0,-0.255720606603767,0
0,0,-0.248049065246522,0
0,0,-0.240283433030439,0
0,0,-0.232439548583423,0
0,0,-0.224528859626632,0
0,0,-0.216564225244107,0
0,0,-0.208558974974184,0
0,0,-0.200520949721766,0
0,0,-0.192462538116599,0
0,0,-0.184390169700705,0
0,0,-0.176313096741869,0
0,0,-0.168237748782111,0
0,0,-0.160169771272963,0
0,0,-0.152114182393562,0
0,0,-0.144073020779182,0
0,0,-0.13605067733657,0
0,0,-0.128046524793334,0
0,0,-0.120062131330453,0
0,0,-0.112097496947928,0
0,0,-0.104149485283798,0
0,0,-0.0962168417932779,0
0,0,-0.0882958028420147,0
0,0,-0.0803824479775566,0
0,0,-0.0724716022026672,0
0,0,-0.0645590314286991,0
0,0,-0.0566362674783569,0
0,0,-0.0487001739896797,0
0,0,-0.0407422827853716,0
0,0,-0.0327550665967256,0
0,0,-0.02473303679031,0
0,0,-0.0166688229155151,0
0,0,-0.00855489770363427,0
0,0,-0.00038451797645056,0
0,0,0.00784937308044875,0
0,0,0.0161508527376126,0
0,0,0.0245272914456509,0
0,0,0.0329805710217403,0
0,0,0.0415158664631166,0
0,0,0.0501345891326626,0
0,0,0.058837052666574,0
0,0,0.0676234138829495,0
0,0,0.0764906932379252,0
0,0,0.085435597551442,0
0,0,0.09445248137197,0
0,0,0.10353319015841,0
0,0,0.112668471642975,0
0,0,0.121846407650214,0
0,0,0.131054295914183,0
0,0,0.140275043262193,0
0,0,0.149492654248242,0
0,0,0.158687840246267,0
0,0,0.167838019450149,0
0,0,0.176922335052844,0
0,0,0.185914441613878,0
0,0,0.194791443690933,0
0,0,0.203524173117771,0
0,0,0.212085500363426,0
0,0,0.220447825442639,0
0,0,0.22857868700911,0
0,0,0.236450955531876,0
0,0,0.244029660575068,0
0,0,0.251288456698211,0
0,0,0.258192530283535,0
0,0,0.264710988165722,0
0,0,0.270815759905219,0
0,0,0.276471875066158,0
0,0,0.281653929116651,0
0,0,0.286326637984637,0
0,0,0.290468831226874,0
0,0,0.29404851795136,0
0,0,0.297040764080501,0
0,0,0.299424555989158,0
0,0,0.301171823237776,0
0,0,0.302267981743237,0
0,0,0.302685901974575,0
0,0,0.302417272572593,0
0,0,0.301441236730248,0
0,0,0.299745405817794,0
0,0,0.297322095748426,0
0,0,0.294157976983808,0
0,0,0.290250383616272,0
0,0,0.285589122469446,0
0,0,0.280177486723388,0
0,0,0.274010771835156,0
0,0,0.267091173258123,0
0,0,0.259424650080016,0
0,0,0.251013711390404,0
0,0,0.241871216273328,0
0,0,0.232000614726944,0
0,0,0.22142166583161,0
0,0,0.210143151400817,0
0,0,0.198181537334861,0
0,0,0.185560032712255,0
0,0,0.172292594343728,0
0,0,0.15840588130595,0
0,0,0.143920750405963,0
0,0,0.128866056173811,0
0,0,0.113266889505184,0
0,0,0.0971538299292045,0
0,0,0.0805576137930926,0
0,0,0.0635097615345592,0
0,0,0.04604461631708,0
0,0,0.0281955803955423,0
0,0,0.0100010742039713,0
0,0,-0.00850408863986196,0
0,0,-0.0272799195209523,0
0,0,-0.046288468459568,0
0,0,-0.065488962750213,0
0,0,-0.0848417274140776,0
0,0,-0.104303480656096,0
0,0,-0.123833920225066,0
0,0,-0.14339070523451,0
0,0,-0.162929926616971,0
0,0,-0.182410027576463,0
0,0,-0.201786314955036,0
0,0,-0.221017231956706,0
0,0,-0.240057771787327,0
0,0,-0.258869043558579,0
0,0,-0.27740604047632,0
0,0,-0.295627048926463,0
0,0,-0.313493334838787,0
0,0,-0.33096145960013,0
0,0,-0.347995041411739,0
0,0,-0.364550641660453,0
0,0,-0.380596112636167,0
0,0,-0.396091152087681,0
0,0,-0.410999221398143,0
0,0,-0.425290211492728,0
0,0,-0.438924604210723,0
0,0,-0.451876838202144,0
0,0,-0.464108649851062,0
0,0,-0.475596673260868,0
0,0,-0.486306408449987,0
0,0,-0.496219507700945,0
0,0,-0.505305705120817,0
0,0,-0.513540380268206,0
0,0,-0.52090596951613,0
0,0,-0.527375343333624,0
0,0,-0.532937838090019,0
0,0,-0.537568049253428,0
0,0,-0.541260174554225,0
0,0,-0.543995552638739,0
0,0,-0.545763206240106,0
0,0,-0.54655952854207,0
0,0,-0.546369778643414,0
0,0,-0.545196779269902,0
0,0,-0.54302876906418,0
0,0,-0.539872961658759,0
0,0,-0.53572527978309,0
0,0,-0.530590741616308,0
0,0,-0.524474051701359,0
0,0,-0.517380385035477,0
0,0,-0.509320718885525,0
0,0,-0.500301953247821,0
0,0,-0.490341808567443,0
0,0,-0.47945188938365,0
0,0,-0.467648818414836,0
0,0,-0.454954079740435,0
0,0,-0.441385707441725,0
0,0,-0.426970203777278,0
0,0,-0.411727798281744,0
0,0,-0.395690952301423,0
0,0,-0.378884129459613,0
0,0,-0.361339320648318,0
0,0,-0.343091182667209,0
0,0,-0.324170295045411,0
0,0,-0.30461648957983,0
0,0,-0.284463482161549,0
0,0,-0.263753613677048,0
0,0,-0.242526402287035,0
0,0,-0.220822307060813,0
0,0,-0.198686334792526,0
0,0,-0.176160199096258,0
0,0,-0.153291102219525,0
0,0,-0.130123580502178,0
0,0,-0.106705306646029,0
0,0,-0.0830839533528887,0
0,0,-0.059306409234077,0
0,0,-0.0354230128990728,0
0,0,-0.0114812802315892,0
0,0,0.0124690774312883,0
0,0,0.0363778782981787,0
0,0,0.0601969792129771,0
0,0,0.0838765120204992,0
0,0,0.107366922201757,0
0,0,0.130620850691136,0
0,0,0.153587958879158,0
0,0,0.176222769517384,0
0,0,0.198475100814435,0
0,0,0.220302298247636,0
0,0,0.241657002751373,0
0,0,0.26249279616862,0
0,0,0.28276968988437,0
0,0,0.302441893013989,0
0,0,0.321470828305353,0
0,0,0.339811959418612,0
0,0,0.357432354553174,0
0,0,0.374289829640659,0
0,0,0.390348630154709,0
0,0,0.405578490202397,0
0,0,0.419941459803993,0
0,0,0.433411193519022,0
0,0,0.445952407275419,0
0,0,0.457544871538535,0
0,0,0.468158006779246,0
0,0,0.477770172100022,0
0,0,0.486360667511916,0
0,0,0.493907695299299,0
0,0,0.500397925923835,0
0,0,0.505810188942285,0
0,0,0.510138525266924,0
0,0,0.513368193996533,0
0,0,0.51549119740811,0
0,0,0.516505810502579,0
0,0,0.51640372192074,0
0,0,0.515190577114124,0
0,0,0.512862769266476,0
0,0,0.509431589280856,0
0,0,0.504902996244991,0
0,0,0.499286242426666,0
0,0,0.492600145997649,0
0,0,0.484856311497197,0
0,0,0.476079516184804,0
0,0,0.466285441870276,0
0,0,0.455504824900832,0
0,0,0.443761972081674,0
0,0,0.431084169761864,0
0,0,0.417506858831564,0
0,0,0.403057796094132,0
0,0,0.387776813346475,0
0,0,0.37169496057201,0
0,0,0.35485410820292,0
0,0,0.337291735764641,0
0,0,0.319047675054082,0
0,0,0.300165364684408,0
0,0,0.280685420543014,0
0,0,0.26065253578785,0
0,0,0.240109835395883,0
0,0,0.219101698888865,0
0,0,0.197673603515234,0
0,0,0.175870869705331,0
0,0,0.153738190617103,0
0,0,0.131321043498988,0
0,0,0.108667571507092,0
0,0,0.0858223109812655,0
0,0,0.0628308959880441,0
0,0,0.0397411560473369,0
0,0,0.0165971570447001,0
0,0,-0.00655452604474194,0
0,0,-0.0296682591544526,0
0,0,-0.0526998195807785,0
0,0,-0.0756035732571826,0
0,0,-0.0983365520247964,0
0,0,-0.120853278635181,0
0,0,-0.143112509928546,0
0,0,-0.165071748200316,0
0,0,-0.186687084383035,0
0,0,-0.207920568496969,0
0,0,-0.228728605110859,0
0,0,-0.249075282880247,0
0,0,-0.268915438192891,0
0,0,-0.288218805155866,0
0,0,-0.306942572428399,0
0,0,-0.325052396847016,0
0,0,-0.34251471933873,0
0,0,-0.359293471740987,0
0,0,-0.375358544978959,0
0,0,-0.390674498162484,0
0,0,-0.405216554032068,0
0,0,-0.418952408059509,0
0,0,-0.43185524435004,0
0,0,-0.443902167461343,0
0,0,-0.455065734226256,0
0,0,-0.465327440109208,0
0,0,-0.474661880578314,0
0,0,-0.483056667003826,0
0,0,-0.490490315306309,0
0,0,-0.496950123219821,0
0,0,-0.5024247998413,0
0,0,-0.506899761087628,0
0,0,-0.510371713778744,0
0,0,-0.51282764201251,0
0,0,-0.514270525332788,0
0,0,-0.514694404651852,0
0,0,-0.514099123151605,0
0,0,-0.512491267192164,0
0,0,-0.509870993591629,0
0,0,-0.506250690979745,0
0,0,-0.501634750263259,0
0,0,-0.496042146432036,0
0,0,-0.489482131753861,0
0,0,-0.48197305394621,0
0,0,-0.473537024360908,0
0,0,-0.464191449806839,0
0,0,-0.453965341632147,0
0,0,-0.442880968006756,0
0,0,-0.430970163004572,0
0,0,-0.418263506154718,0
0,0,-0.404793301985396,0
0,0,-0.390596873203943,0
0,0,-0.375710601609111,0
0,0,-0.360175259906396,0
0,0,-0.344031307165098,0
0,0,-0.327323436543165,0
0,0,-0.310095870744251,0
0,0,-0.292395812015873,0
0,0,-0.274271403514137,0
0,0,-0.255772042939931,0
0,0,-0.236949009811325,0
0,0,-0.217853583646381,0
0,0,-0.198538298507954,0
0,0,-0.179057413457972,0
0,0,-0.159463776195483,0
0,0,-0.139811332146221,0
0,0,-0.120155751734996,0
0,0,-0.100548471297976,0
0,0,-0.081045161259971,0
0,0,-0.0616977284114408,0
0,0,-0.0425588636333345,0
0,0,-0.0236804737161107,0
0,0,-0.00511148590636534,0
0,0,0.0130960361873442,0
0,0,0.030898026679463,0
0,0,0.0482441469605124,0
0,0,0.0650931538707018,0
0,0,0.0814005110701816,0
0,0,0.0971252890353569,0
0,0,0.112230321876987,0
0,0,0.126675464161968,0
0,0,0.140430136361177,0
0,0,0.153457329403472,0
0,0,0.165731638756966,0
0,0,0.177222014438242,0
0,0,0.187903051915415,0
0,0,0.197754521653835,0
0,0,0.206751646394007,0
0,0,0.214879371598518,0
0,0,0.222118565459402,0
0,0,0.22845887798219,0
0,0,0.233887450082839,0
0,0,0.238394402221171,0
0,0,0.241978166216207,0
0,0,0.244629176163963,0
0,0,0.246351822971186,0
0,0,0.247142970275914,0
0,0,0.24701045898305,0
0,0,0.245956955000263,0
0,0,0.243996101502082,0
0,0,0.241136993938196,0
0,0,0.237394843664118,0
0,0,0.232788312033515,0
0,0,0.227334492219078,0
0,0,0.221059572843183,0
0,0,0.213983312986185,0
0,0,0.20613848763058,0
0,0,0.197550501308255,0
0,0,0.1882524426379,0
0,0,0.17827959569158,0
0,0,0.167664892269887,0
0,0,0.156448320987828,0
0,0,0.144667047734645,0
0,0,0.132364667941598,0
0,0,0.119581797496086,0
0,0,0.106361875011271,0
0,0,0.0927519459165744,0
0,0,0.0787960760975503,0
0,0,0.0645419382560102,0
0,0,0.0500357937308826,0
0,0,0.035326726586862,0
0,0,0.0204627231619545,0
0,0,0.00549208343036445,0
0,0,-0.00953657899750915,0
0,0,-0.0245748073293645,0
0,0,-0.0395752424995867,0
0,0,-0.0544895845339718,0
0,0,-0.0692711016392981,0
0,0,-0.0838735324766361,0
0,0,-0.0982521838880381,0
0,0,-0.112361108170772,0
0,0,-0.126158905346949,0
0,0,-0.139602293621502,0
0,0,-0.152649873016545,0
0,0,-0.165264634460934,0
0,0,-0.177407843884447,0
0,0,-0.18904343312453,0
0,0,-0.200137843108198,0
0,0,-0.210657671580562,0
0,0,-0.220574377647776,0
0,0,-0.229857381780716,0
0,0,-0.238482690810381,0
0,0,-0.246425213841079,0
0,0,-0.253663623611474,0
0,0,-0.260180199676484,0
0,0,-0.265955182955755,0
0,0,-0.270977753000518,0
0,0,-0.275231600728577,0
0,0,-0.278711707960793,0
0,0,-0.281408822429379,0
0,0,-0.283316828228512,0
0,0,-0.284437763993467,0
0,0,-0.284768022907988,0
0,0,-0.284313720877899,0
0,0,-0.28307658290228,0
0,0,-0.281068997610876,0
0,0,-0.278297708181906,0
0,0,-0.274777298698488,0
0,0,-0.270522823698038,0
0,0,-0.265549808172261,0
0,0,-0.259879422564399,0
0,0,-0.253531425954807,0
0,0,-0.246531066057272,0
0,0,-0.238901238314112,0
0,0,-0.230669542710585,0
0,0,-0.221863422413854,0
0,0,-0.212512202408256,0
0,0,-0.202647089495305,0
0,0,-0.192297095023143,0
0,0,-0.181498443972422,0
0,0,-0.170281245417971,0
0,0,-0.158680783431855,0
0,0,-0.146732969358528,0
0,0,-0.134471675907173,0
0,0,-0.121933755330835,0
0,0,-0.109155275792069,0
0,0,-0.0961724622715256,0
0,0,-0.0830229511127424,0
0,0,-0.0697434377506637,0
0,0,-0.0563704608021404,0
0,0,-0.042941656610706,0
0,0,-0.0294929365208179,0
0,0,-0.0160616232398146,0
0,0,-0.00268315765785909,0
0,0,0.0106049806996125,0
0,0,0.0237703304863008,0
0,0,0.0367750985405724,0
0,0,0.049588078060913,0
0,0,0.0621749258838464,0
0,0,0.074503023844976,0
0,0,0.0865430469599635,0
0,0,0.098264415699687,0
0,0,0.109637020989318,0
0,0,0.120635928751265,0
0,0,0.13123181400119,0
0,0,0.141402408569168,0
0,0,0.151122151105215,0
0,0,0.16037002798419,0
0,0,0.169123771036168,0
0,0,0.177364091635087,0
0,0,0.18507468069875,0
0,0,0.192234838238211,0
0,0,0.198833586986607,0
0,0,0.204852265590267,0
0,0,0.210281778599505,0
0,0,0.215108482839787,0
0,0,0.219324851042409,0
0,0,0.222921160485289,0
0,0,0.225890667990211,0
0,0,0.22822976674092,0
0,0,0.229932027195395,0
0,0,0.230997919807929,0
0,0,0.231423053671778,0
0,0,0.231210251512707,0
0,0,0.230360297421205,0
0,0,0.228875386850646,0
0,0,0.226761322070657,0
0,0,0.224021239443202,0
0,0,0.220663136691279,0
0,0,0.216693913811205,0
0,0,0.212123920797451,0
0,0,0.206961312191117,0
0,0,0.201218006167656,0
0,0,0.194907645901598,0
0,0,0.188042463204593,0
0,0,0.18063876715884,0
0,0,0.172710357756968,0
0,0,0.164277464533627,0
0,0,0.155355298844329,0
0,0,0.145965344768509,0
0,0,0.136127361386523,0
0,0,0.125862519141609,0
0,0,0.115195281657066,0
0,0,0.104146505739934,0
0,0,0.092743320921181,0
0,0,0.0810105044602987,0
0,0,0.0689744017977625,0
0,0,0.0566630833731256,0
0,0,0.0441043059897457,0
0,0,0.0313275514500577,0
0,0,0.0183616742841057,0
0,0,0.00523819492960009,0
0,0,-0.00801356162912059,0
0,0,-0.0213620749543466,0
0,0,-0.0347751973359741,0
0,0,-0.0482221924267836,0
0,0,-0.0616712261528677,0
0,0,-0.0750903076222221,0
0,0,-0.0884480732152338,0
0,0,-0.101713786584682,0
0,0,-0.114856868201445,0
0,0,-0.127845483991617,0
0,0,-0.140652033969937,0
0,0,-0.153245624971087,0
0,0,-0.165598186555514,0
0,0,-0.17768211873796,0
0,0,-0.189471076077948,0
0,0,-0.200938556316907,0
0,0,-0.21206087992203,0
0,0,-0.222811074180449,0
0,0,-0.233170007284201,0
0,0,-0.243112588337595,0
0,0,-0.252620940077452,0
0,0,-0.261673735242437,0
0,0,-0.270252155660781,0
0,0,-0.278341460431266,0
0,0,-0.285922517745928,0
0,0,-0.292984193519806,0
0,0,-0.299508924125916,0
0,0,-0.305489025477452,0
0,0,-0.310911481672277,0
0,0,-0.315767197260702,0
0,0,-0.320049742700706,0
0,0,-0.323751590723583,0
0,0,-0.32686882087688,0
0,0,-0.329395944527166,0
0,0,-0.33133390258303,0
0,0,-0.332680185954901,0
0,0,-0.333435735551369,0
0,0,-0.333604471824884,0
0,0,-0.333187806138331,0
0,0,-0.332192952124219,0
0,0,-0.330623202962608,0
0,0,-0.328489065466068,0
0,0,-0.325798380539501,0
0,0,-0.322559616360205,0
0,0,-0.31878641610271,0
0,0,-0.3144881888529,0
0,0,-0.30968061642058,0
0,0,-0.304374832890715,0
0,0,-0.298588245072187,0
0,0,-0.292335437048119,0
0,0,-0.2856333451731,0
0,0,-0.278499376256015,0
0,0,-0.270951407560044,0
0,0,-0.26300857089315,0
0,0,-0.25468890033661,0
0,0,-0.246015134514644,0
0,0,-0.237006091599019,0
0,0,-0.227682942032974,0
0,0,-0.218069678985513,0
0,0,-0.208186218355088,0
0,0,-0.198057023764999,0
0,0,-0.18770514747566,0
0,0,-0.177153955383683,0
0,0,-0.166426970203777,0
0,0,-0.155549753285927,0
0,0,-0.144544729618156,0
0,0,-0.133438244640938,0
0,0,-0.122253821068982,0
0,0,-0.111015765707489,0
0,0,-0.0997493262702464,0
0,0,-0.0884780254719635,0
0,0,-0.077225386027351,0
0,0,-0.0660174397406855,0
0,0,-0.0548748866009128,0
0,0,-0.0438234447761147,0
0,0,-0.0328845983457257,0
0,0,-0.0220813995701614,0
0,0,-0.0114353325288563,0
0,0,-0.000968351755539554,0
0,0,0.00929962685133567,0
0,0,0.0193483737571185,0
0,0,0.0291592276081398,0
0,0,0.0387127429602396,0
0,0,0.0479930811855134,0
0,0,0.0569826786569785,0
0,0,0.0656663240191224,0
0,0,0.0740291195526295,0
0,0,0.0820578925372619,0
0,0,0.0897393134346849,0
0,0,0.0970614640694454,0
0,0,0.104013837628973,0
0,0,0.110587652299777,0
0,0,0.11677208763309,0
0,0,0.122562125449774,0
0,0,0.12794961120873,0
0,0,0.132931408547998,0
0,0,0.137501087925555,0
0,0,0.141656610706128,0
0,0,0.145395938254442,0
0,0,0.148719541024791,0
0,0,0.151625537199997,0
0,0,0.154115965415337,0
0,0,0.156194432487064,0
0,0,0.157862506596161,0
0,0,0.159125362739863,0
0,0,0.15998786227921,0
0,0,0.160457375664811,0
0,0,0.160539861984392,0
0,0,0.160243632597151,0
0,0,0.159577939770873,0
0,0,0.158551878955246,0
0,0,0.157175800144743,0
0,0,0.155460210151933,0
0,0,0.153417497606564,0
0,0,0.151058639775499,0
0,0,0.148396495742781,0
0,0,0.14544470868294,0
0,0,0.142215980861919,0
0,0,0.138722857727565,0
0,0,0.134980550635388,0
0,0,0.131001605033233,0
0,0,0.126800134549928,0
0,0,0.122389468723807,0
0,0,0.117784505274185,0
0,0,0.112997476012712,0
0,0,0.108042494568213,0
0,0,0.102933360933319,0
0,0,0.0976819932834807,0
0,0,0.0923023484294274,0
0,0,0.0868055604561211,0
0,0,0.0812051157199951,0
0,0,0.0755119914879134,0
0,0,0.0697370082086433,0
0,0,0.0638908295128524,0
0,0,0.0579847463036012,0
0,0,0.0520267563038914,0
0,0,0.0460275231443912,0
0,0,0.0399961422747876,0
0,0,0.0339401409637883,0
0,0,0.0278679873886887,0
0,0,0.0217867383639012,0
0,0,0.0157043916124273,0
0,0,0.00962565167720864,0
0,0,0.00355867309934488,0
0,0,-0.00249262366871272,0
0,0,-0.00852071135825649,0
0,0,-0.014521826334934,0
0,0,-0.020490793601508,0
0,0,-0.0264219677064493,0
0,0,-0.0323117418335014,0
0,0,-0.0381563523483122,0
0,0,-0.0439496833450553,0
0,0,-0.0496898530065557,0
0,0,-0.0553707454269881,0
0,0,-0.0609903219710782,0
0,0,-0.0665429371872952,0
0,0,-0.0720259251679718,0
0,0,-0.0774341109158724,0
0,0,-0.0827638876147422,0
0,0,-0.0880113348121283,0
0,0,-0.0931709638745992,0
0,0,-0.098239638440193,0
0,0,-0.103212026693577,0
0,0,-0.108084208182298,0
0,0,-0.112851007909121,0
0,0,-0.117507878149202,0
0,0,-0.122050898450088,0
0,0,-0.126475677905036,0
0,0,-0.130776257426317,0
0,0,-0.134949030197677,0
0,0,-0.138990859857155,0
0,0,-0.142895944135121,0
0,0,-0.146661460305811,0
0,0,-0.150282390190087,0
0,0,-0.15375622469838,0
0,0,-0.157079357014435,0
0,0,-0.160248964412485,0
0,0,-0.163260969621982,0
0,0,-0.166113490825749,0
0,0,-0.168804018934217,0
0,0,-0.171329417585425,0
0,0,-0.17368905950698,0
0,0,-0.175877926519744,0
0,0,-0.177898370895189,0
0,0,-0.179746001726568,0
0,0,-0.181420348559587,0
0,0,-0.182921254576148,0
0,0,-0.184246053868585,0
0,0,-0.185394903254995,0
0,0,-0.186366391372495,0
0,0,-0.187160831857283,0
0,0,-0.187775245165494,0
0,0,-0.188212140386698,0
0,0,-0.188469165249423,0
0,0,-0.188546006117474,0
0,0,-0.18844187890036,0
0,0,-0.188156469961885,0
0,0,-0.187689622483952,0
0,0,-0.187039454649382,0
0,0,-0.186206123276275,0
0,0,-0.18518884427414,0
0,0,-0.183986363098193,0
0,0,-0.182599777475119,0
0,0,-0.181026421497252,0
0,0,-0.179268020163671,0
0,0,-0.17732175074861,0
0,0,-0.175190279159737,0
0,0,-0.172871880397973,0
0,0,-0.170366240827121,0
0,0,-0.167675869536752,0
0,0,-0.164798414255392,0
0,0,-0.161737011345006,0
0,0,-0.158491503987492,0
0,0,-0.155063617181932,0
0,0,-0.151456173654089,0
0,0,-0.147669487040161,0
0,0,-0.143708732337382,0
0,0,-0.139573595909557,0
0,0,-0.135271448207295,0
0,0,-0.130804014229674,0
0,0,-0.126178664427304,0
0,0,-0.121398848798342,0
0,0,-0.116473505974377,0
0,0,-0.111409065497431,0
0,0,-0.106212897818111,0
0,0,-0.100895980203283,0
0,0,-0.0954669376483401,0
0,0,-0.0899380019649311,0
0,0,-0.0843204640561162,0
0,0,-0.078625771643054,0
0,0,-0.0728688224450609,0
0,0,-0.0670626323642761,0
0,0,-0.0612213150295252,0
0,0,-0.0553608658868106,0
0,0,-0.0494969667459383,0
0,0,-0.0436446721443229,0
0,0,-0.0378221729813394,0
0,0,-0.0320446806125001,0
0,0,-0.02632960184669,0
0,0,-0.02069465712899,0
0,0,-0.0151567828139911,0
0,0,-0.00973244480198954,0
0,0,-0.00443952035616513,0
0,0,0.000707249622264206,0
0,0,0.00569061514251246,0
0,0,0.0104952080309686,0
0,0,0.0151061305683164,0
0,0,0.0195075441266523,0
0,0,0.0236890987115042,0
0,0,0.027635896603555,0
0,0,0.0313361764454509,0
0,0,0.0347814700598967,0
0,0,0.0379595456352426,0
0,0,0.0408641304475665,0
0,0,0.0434855017747888,0
0,0,0.0458194255282613,0
0,0,0.0478588448935715,0
0,0,0.0495996826001694,0
0,0,0.0510397431946827,0
0,0,0.0521744789522669,0
0,0,0.0530043603272166,0
0,0,0.0535265645937666,0
0,0,0.0537443849319761,0
0,0,0.0536568804332571,0
0,0,0.053265932914786,0
0,0,0.0525764037376024,0
0,0,0.0515893906283935,0
0,0,0.0503108526748854,0
0,0,0.0487440830571373,0
0,0,0.0468980204067388,0
0,0,0.0447773692666322,0
0,0,0.04238918645123,0
0,0,0.0397438219550041,0
0,0,0.0368473916837795,0
0,0,0.0337121274492047,0
0,0,0.0303453997018888,0
0,0,0.0267599107077749,0
0,0,0.0229653831889429,0
0,0,0.0189732648665517,0
0,0,0.0147962580065439,0
0,0,0.0104461239662745,0
0,0,0.00593509455739283,0
0,0,0.00127587204584079,0
0,0,-0.00351727312145655,0
0,0,-0.00843399095002761,0
0,0,-0.0134568746309872,0
0,0,-0.018575260533668,0
0,0,-0.0237734668482619,0
0,0,-0.0290367526735525,0
0,0,-0.0343525725616943,0
0,0,-0.0397024219771156,0
0,0,-0.0450743827443637,0
0,0,-0.0504523025993382,0
0,0,-0.0558187747331546,0
0,0,-0.0611599991531825,0
0,0,-0.0664604508677139,0
0,0,-0.071702566249766,0
0,0,-0.076873329397199,0
0,0,-0.0819550198649327,0
0,0,-0.0869330535698465,0
0,0,-0.091792689610723,0
0,0,-0.0965171484510683,0
0,0,-0.101093727824941,0
0,0,-0.105506118650141,0
0,0,-0.109742089115021,0
0,0,-0.113785173319282,0
0,0,-0.117625021268455,0
0,0,-0.121247832969907,0
0,0,-0.124640906157698,0
0,0,-0.127794361291648,0
0,0,-0.130694868833422,0
0,0,-0.133334117423824,0
0,0,-0.135700032069301,0
0,0,-0.13778571277354,0
0,0,-0.139580339087774,0
0,0,-0.141077481469982,0
0,0,-0.142270239923849,0
0,0,-0.143149989453983,0
0,0,-0.143713436880324,0
0,0,-0.143953682206556,0
0,0,-0.14386837316121,0
0,0,-0.143454059746128,0
0,0,-0.142707919235543,0
0,0,-0.141630422083752,0
0,0,-0.140218431928792,0
0,0,-0.138474614678331,0
0,0,-0.136397872605682,0
0,0,-0.133992439799492,0
0,0,-0.131259884440744,0
0,0,-0.128203813345691,0
0,0,-0.124830499238256,0
0,0,-0.121142921662303,0
0,0,-0.117149862431323,0
0,0,-0.112856182906357,0
0,0,-0.108270194446601,0
0,0,-0.103401619774135,0
0,0,-0.0982587702481569,0
0,0,-0.0928530935898251,0
0,0,-0.0871933716126313,0
0,0,-0.0812937179454006,0
0,0,-0.0751644825826059,0
0,0,-0.0688191518806804,0
0,0,-0.0622723099227435,0
0,0,-0.0555358748842488,0
0,0,-0.0486270967559824,0
0,0,-0.0415583641676922,0
0,0,-0.0343480248368503,0
0,0,-0.0270100355741858,0
0,0,-0.0195625872790729,0
0,0,-0.0120212049432199,0
0,0,-0.00440329537551265,0
0,0,0.00327216643418371,0
0,0,0.0109890282217693,0
0,0,0.0187284718154752,0
0,0,0.026471992679731,0
0,0,0.034201086278965,0
0,0,0.04189693444141,0
0,0,0.0495404053591015,0
0,0,0.0571117399516843,0
0,0,0.0645913359569001,0
0,0,0.0719611592934717,0
0,0,0.079198314519082,0
0,0,0.0862839834619633,0
0,0,0.0931987206779559,0
0,0,0.0999204148152331,0
0,0,0.106428993157242,0
0,0,0.112703598896941,0
0,0,0.118724629772073,0
0,0,0.124469033522221,0
0,0,0.129919089702304,0
0,0,0.135052059688104,0
0,0,0.139849125307853,0
0,0,0.144290841117392,0
0,0,0.148355879855382,0
0,0,0.152028246075823,0
0,0,0.155286926153573,0
0,0,0.158116708733121,0
0,0,0.160499402915092,0
0,0,0.162419013253482,0
0,0,0.163862053391858,0
0,0,0.164811586975629,0
0,0,0.165258048100815,0
0,0,0.16518638223,0
0,0,0.164589375730674,0
0,0,0.163456208154071,0
0,0,0.161778411322894,0
0,0,0.159552064784693,0
0,0,0.156769954906956,0
0,0,0.153431768053488,0
0,0,0.149532329227051,0
0,0,0.145075558880099,0
0,0,0.14005910474116,0
0,0,0.134490337260842,0
0,0,0.128371922346814,0
0,0,0.121710132722997,0
0,0,0.114516259292452,0
0,0,0.106797202051494,0
0,0,0.0985677019013411,0
0,0,0.0898376383821704,0
0,0,0.080625672847652,0
0,0,0.0709463893809055,0
0,0,0.0608179788813066,0
0,0,0.0502616117920935,0
0,0,0.0392967335574261,0
0,0,0.0279468668920144,0
0,0,0.0162347504200764,0
0,0,0.00418672958208721,0
0,0,-0.00817320245294861,0
0,0,-0.0208171320635773,0
0,0,-0.0337154206292644,0
0,0,-0.0468420363457308,0
0,0,-0.0601651451390701,0
0,0,-0.073655108388749,0
0,0,-0.0872807192932525,0
0,0,-0.101010300596771,0
0,0,-0.114811077316811,0
0,0,-0.12865074492517,0
0,0,-0.142496998893648,0
0,0,-0.156315966513063,0
0,0,-0.170074715982822,0
0,0,-0.183740785956626,0
0,0,-0.197279833270998,0
0,0,-0.210660964760621,0
0,0,-0.223851091806804,0
0,0,-0.236816655336559,0
0,0,-0.249527859911256,0
0,0,-0.261950989639813,0
0,0,-0.274058287718869,0
0,0,-0.285818233710716,0
0,0,-0.297201032176722,0
0,0,-0.308179710404018,0
0,0,-0.318724786590171,0
0,0,-0.328811797111881,0
0,0,-0.338412828347694,0
0,0,-0.347506553036273,0
0,0,-0.356066782555241,0
0,0,-0.36407234646136,0
0,0,-0.371503328856177,0
0,0,-0.378337932024059,0
0,0,-0.384560160519005,0
0,0,-0.390151666623542,0
0,0,-0.395098963981235,0
0,0,-0.399385429873691,0
0,0,-0.40300040067024,0
0,0,-0.405934624103098,0
0,0,-0.408175868360616,0
0,0,-0.409719899354145,0
0,0,-0.410556210271115,0
0,0,-0.410686055656312,0
0,0,-0.410103319603909,0
0,0,-0.408807688477712,0
0,0,-0.406802455457779,0
0,0,-0.404086522817425,0
0,0,-0.400668358733945,0
0,0,-0.396549060934025,0
0,0,-0.391742429410293,0
0,0,-0.386252855069498,0
0,0,-0.380092412905189,0
0,0,-0.373277255181466,0
0,0,-0.365815222803233,0
0,0,-0.357727329395631,0
0,0,-0.349026590860798,0
0,0,-0.339734334460071,0
0,0,-0.329867967002336,0
0,0,-0.319450070293712,0
0,0,-0.308502442049832,0
0,0,-0.297047036804424,0
0,0,-0.285110513634158,0
0,0,-0.272714670254665,0
0,0,-0.259888674832185,0
0,0,-0.246658245534801,0
0,0,-0.233049727802986,0
0,0,-0.219094642074453,0
0,0,-0.20481886333538,0
0,0,-0.190254852932067,0
0,0,-0.175430994940264,0
0,0,-0.160379437070074,0
0,0,-0.145131229304912,0
0,0,-0.129718205718685,0
0,0,-0.114173141293891,0
0,0,-0.0985273996501387,0
0,0,-0.0828153239509068,0
0,0,-0.0670679641796101,0
0,0,-0.0513182521368428,0
0,0,-0.0356003741679822,0
0,0,-0.0199460075288368,0
0,0,-0.00438808402000057,0
0,0,0.0110410918303261,0
0,0,0.0263093723120396,0
0,0,0.0413852369874304,0
0,0,0.0562368517825904,0
0,0,0.070835205349379,0
0,0,0.0851484636138886,0
0,0,0.0991490265908606,0
0,0,0.112807412477859,0
0,0,0.126097589470606,0
0,0,0.13899117349335,0
0,0,0.151465269103777,0
0,0,0.163492433134723,0
0,0,0.175053376960128,0
0,0,0.186123480138596,0
0,0,0.196683140407868,0
0,0,0.206713225959982,0
0,0,0.216196016349855,0
0,0,0.225115672949584,0
0,0,0.233456043495067,0
0,0,0.241205680265148,0
0,0,0.248351567357685,0
0,0,0.25488319796011,0
0,0,0.260793358439911,0
0,0,0.26607216925691,0
0,0,0.270715553140557,0
0,0,0.274717707821224,0
0,0,0.278076281027441,0
0,0,0.280788920487736,0
0,0,0.282855312565913,0
0,0,0.28427639817056,0
0,0,0.28505202048358,0
0,0,0.285188922683189,0
0,0,0.284686947951289,0
0,0,0.283555505373764,0
0,0,0.28179976994785,0
0,0,0.279426171215568,0
0,0,0.276447254624762,0
0,0,0.272869292899355,0
0,0,0.268706870122467,0
0,0,0.263970806742865,0
0,0,0.258676470934157,0
0,0,0.252839230869956,0
0,0,0.246473827451478,0
0,0,0.239601274303865,0
0,0,0.232238037327412,0
0,0,0.224407011964437,0
0,0,0.216127173204805,0
0,0,0.207424239216599,0
0,0,0.198320791805941,0
0,0,0.188841765050421,0
0,0,0.179014445299103,0
0,0,0.168863609811481,0
0,0,0.158419838116677,0
0,0,0.147708691564676,0
0,0,0.136760122412207,0
0,0,0.125603769279805,0
0,0,0.114268643515611,0
0,0,0.102784697376355,0
0,0,0.0911828240273553,0
0,0,0.0794921916348521,0
0,0,0.0677430660917715,0
0,0,0.0559666541996278,0
0,0,0.0441907127617784,0
0,0,0.0324462917616395,0
0,0,0.0207622457292549,0
0,0,0.00916695874037399,0
0,0,-0.0023116555835474,0
0,0,-0.0136439586219765,0
0,0,-0.0248056435697133,0
0,0,-0.0357697377138901,0
0,0,-0.0465094251597387,0
0,0,-0.0570021241011381,0
0,0,-0.0672225868243005,0
0,0,-0.0771493292497902,0
0,0,-0.086757574118114,0
0,0,-0.0960310123470728,0
0,0,-0.104946591676252,0
0,0,-0.113487532569159,0
0,0,-0.1216370554893,0
0,0,-0.129378224082085,0
0,0,-0.136698492899669,0
0,0,-0.143581552859852,0
0,0,-0.15001987669393,0
0,0,-0.155999821227368,0
0,0,-0.161513545555266,0
0,0,-0.166556188316581,0
0,0,-0.17111849724353,0
0,0,-0.175200472336111,0
0,0,-0.178794429507521,0
0,0,-0.181905543754994,0
0,0,-0.184529580989883,0
0,0,-0.186670618482738,0
0,0,-0.188333360776501,0
0,0,-0.189520160142642,0
0,0,-0.190240425667045,0
0,0,-0.190498861892653,0
0,0,-0.190307700631114,0
0,0,-0.189676350968313,0
0,0,-0.188614849262524,0
0,0,-0.187139347777848,0
0,0,-0.185260039690661,0
0,0,-0.182994488627944,0
0,0,-0.180356180946131,0
0,0,-0.177364248453186,0
0,0,-0.174035941139895,0
0,0,-0.170386940816066,0
0,0,-0.166442024741192,0
0,0,-0.162216561088882,0
0,0,-0.157735327118632,0
0,0,-0.153017141002209,0
0,0,-0.148087877725793,0
0,0,-0.142970119095504,0
0,0,-0.137686446917466,0
0,0,-0.132264617995034,0
0,0,-0.126727841406721,0
0,0,-0.121103717137788,0
0,0,-0.115417336083923,0
0,0,-0.109697552775171,0
0,0,-0.103968674016731,0
0,0,-0.0982609657015298,0
0,0,-0.0925996755433555,0
0,0,-0.0870133444360548,0
0,0,-0.0815294155467894,0
0,0,-0.0761745479522299,0
0,0,-0.0709757143652436,0
0,0,-0.0659619261339714,0
0,0,-0.0611560787007308,0
0,0,-0.0565871834136635,0
0,0,-0.0522795470779692,0
0,0,-0.0482565355902596,0
0,0,-0.0445433966643224,0
0,0,-0.041160830289102,0
0,0,-0.038133613724093,0
0,0,-0.0354780560514927,0
0,0,-0.0332140731697567,0
0,0,-0.031360326432553,0
0,0,-0.0299299885601199,0
0,0,-0.0289381140898709,0
0,0,-0.0283952098343767,0
0,0,-0.0283144485138742,0
0,0,-0.0286997505808152,0
0,0,-0.0295598978486911,0
0,0,-0.0308992812242478,0
0,0,-0.0327164893446026,0
0,0,-0.0350155994803051,0
0,0,-0.0377911229979228,0
0,0,-0.0410411780802801,0
0,0,-0.0447572965500802,0
0,0,-0.0489325784110091,0
0,0,-0.0535566736685951,0
0,0,-0.0586157823302073,0
0,0,-0.0640972021299033,0
0,0,-0.0699836830768965,0
0,0,-0.0762579751804,0
0,0,-0.0828996920876646,0
0,0,-0.0898879769916487,0
0,0,-0.0971993071776429,0
0,0,-0.104808905386153,0
0,0,-0.112691367085293,0
0,0,-0.120818935471705,0
0,0,-0.12916244237915,0
0,0,-0.137693346913781,0
0,0,-0.146381226364573,0
0,0,-0.155193462567128,0
0,0,-0.164099005538031,0
0,0,-0.173064139386198,0
0,0,-0.182057186855821,0
0,0,-0.191042550238638,0
0,0,-0.199988238642646,0
0,0,-0.208859438450073,0
0,0,-0.217622433769837,0
0,0,-0.226242724620363,0
0,0,-0.234685967838176,0
0,0,-0.24292032934937,0
0,0,-0.250909113718996,0
0,0,-0.258623152780816,0
0,0,-0.266028103371354,0
0,0,-0.273091817780507,0
0,0,-0.27978544147823,0
0,0,-0.286076356300128,0
0,0,-0.291938844078117,0
0,0,-0.297340757102096,0
0,0,-0.302260768110726,0
0,0,-0.306669865755867,0
0,0,-0.310545625049496,0
0,0,-0.313868130093158,0
0,0,-0.316612760445458,0
0,0,-0.318765088841373,0
0,0,-0.320303474383372,0
0,0,-0.321216312532197,0
0,0,-0.321487921478042,0
0,0,-0.32110591259116,0
0,0,-0.320061660876159,0
0,0,-0.31834512997476,0
0,0,-0.315951772162122,0
0,0,-0.31287296244285,0
0,0,-0.309110268997924,0
0,0,-0.304659300920601,0
0,0,-0.299520528665172,0
0,0,-0.293699911319366,0
0,0,-0.2871958807022,0
0,0,-0.280020354989129,0
0,0,-0.272174745543034,0
0,0,-0.263674106901329,0
0,0,-0.254526593605115,0
0,0,-0.244744594284137,0
0,0,-0.234345515747281,0
0,0,-0.223343471623373,0
0,0,-0.21175728008418,0
0,0,-0.199605132029078,0
0,0,-0.186911647899461,0
0,0,-0.173696586775687,0
0,0,-0.159986294098229,0
0,0,-0.145806958489465,0
0,0,-0.131185395844163,0
0,0,-0.116152342509545,0
0,0,-0.100737750742338,0
0,0,-0.0849751796155295,0
0,0,-0.0688972472935159,0
0,0,-0.0525397083026559,0
0,0,-0.0359398853502885,0
0,0,-0.0191346306894584,0
0,0,-0.00216267839038764,0
0,0,0.0149361397500163,0
0,0,0.0321215214805508,0
0,0,0.0493509690966414,0
0,0,0.0665832394384971,0
0,0,0.0837742666205621,0
0,0,0.100881866574458,0
0,0,0.117864012049903,0
0,0,0.134673971253674,0
0,0,0.151273010115551,0
0,0,0.167613142297526,0
0,0,0.183655476911279,0
0,0,0.199355634435059,0
0,0,0.214671430800486,0
0,0,0.229563504664946,0
0,0,0.243989515141964,0
0,0,0.257913864523277,0
0,0,0.271292643741429,0
0,0,0.284096214175886,0
0,0,0.296285841756425,0
0,0,0.307828437864357,0
0,0,0.31869655933252,0
0,0,0.328857744814613,0
0,0,0.338287687505439,0
0,0,0.346959571510229,0
0,0,0.354855362747704,0
0,0,0.361952636229842,0
0,0,0.368234455602052,0
0,0,0.373687961780293,0
0,0,0.378298727499543,0
0,0,0.382060166399684,0
0,0,0.384962398940537,0
0,0,0.387004641031612,0
0,0,0.388183913129047,0
0,0,0.388501469777624,0
0,0,0.387962172338385,0
0,0,0.386571979899056,0
0,0,0.384340928817913,0
0,0,0.381278898635134,0
0,0,0.377402512069113,0
0,0,0.372727294111559,0
0,0,0.367270651571357,0
0,0,0.361057204889902,0
0,0,0.354105458602767,0
0,0,0.346442855877111,0
0,0,0.33809417397243,0
0,0,0.32908716969208,0
0,0,0.319451638474693,0
0,0,0.309215493941725,0
0,0,0.29841151107567,0
0,0,0.287069014860867,0
0,0,0.275220937097909,0
0,0,0.262898641406407,0
0,0,0.250134432314564,0
0,0,0.236960457532483,0
0,0,0.223408707952167,0
0,0,0.209511174465623,0
0,0,0.19530016160105,0
0,0,0.18080640570567,0
0,0,0.166060956762898,0
0,0,0.15109423748376,0
0,0,0.13593572967069,0
0,0,0.120614758308027,0
0,0,0.1051612756525,0
0,0,0.0896022544169777,0
0,0,0.0739651377686197,0
0,0,0.0582786234193715,0
0,0,0.0425659204477471,0
0,0,0.0268554129294953,0
0,0,0.0111706235793263,0
0,0,-0.00446398397946313,0
0,0,-0.0200241029416722,0
0,0,-0.0354882492278672,0
0,0,-0.0508330569414356,0
0,0,-0.0660365715486494,0
0,0,-0.0810787203329564,0
0,0,-0.0959389601235099,0
0,0,-0.110597845476151,0
0,0,-0.125036401401013,0
0,0,-0.139236750634917,0
0,0,-0.153179604551802,0
0,0,-0.166850535886646,0
0,0,-0.180231981012465,0
0,0,-0.193309826300434,0
0,0,-0.206068233122649,0
0,0,-0.218494656031264,0
0,0,-0.230575295033649,0
0,0,-0.242296977409569,0
0,0,-0.253651078163629,0
0,0,-0.264624738211787,0
0,0,-0.275209803012946,0
0,0,-0.285397647571711,0
0,0,-0.295179019620297,0
0,0,-0.304549998706251,0
0,0,-0.31350195983418,0
0,0,-0.322033491641204,0
0,0,-0.330137694131004,0
0,0,-0.337813783213093,0
0,0,-0.345059249797901,0
0,0,-0.351872055250153,0
0,0,-0.35825282684224,0
0,0,-0.364202191846557,0
0,0,-0.369721561625984,0
0,0,-0.374812661179601,0
0,0,-0.379478470051272,0
0,0,-0.383723379147741,0
0,0,-0.387550368012872,0
0,0,-0.390965552552489,0
0,0,-0.39397316685524,0
0,0,-0.396579797281245,0
0,0,-0.398791402918228,0
0,0,-0.400614413308211,0
0,0,-0.402056826174195,0
0,0,-0.403123346059122,0
0,0,-0.403823225230778,0
0,0,-0.404162422776888,0
0,0,-0.404149250056651,0
0,0,-0.403788882067302,0
0,0,-0.403089943804235,0
0,0,-0.402057610264686,0
0,0,-0.400697997354479,0
0,0,-0.39901957325091,0
0,0,-0.397023749316861,0
0,0,-0.394719934638217,0
0,0,-0.392109383759761,0
0,0,-0.389200251222593,0
0,0,-0.385992380208615,0
0,0,-0.38249282753224,0
0,0,-0.37870378864684,0
0,0,-0.374625420370514,0
0,0,-0.370263838609086,0
0,0,-0.36561716154538,0
0,0,-0.36068978008614,0
0,0,-0.355479028323701,0
0,0,-0.349988826710513,0
0,0,-0.344216979793204,0
0,0,-0.338163644389872,0
0,0,-0.331829447772908,0
0,0,-0.325211724034648,0
0,0,-0.318312511810363,0
0,0,-0.311128674738094,0
0,0,-0.303660212817841,0
0,0,-0.295905244232427,0
0,0,-0.287862828073262,0
0,0,-0.279534218885133,0
0,0,-0.270913457580312,0
0,0,-0.262005091883644,0
0,0,-0.252805201342676,0
0,0,-0.243313001866919,0
0,0,-0.233531002545942,0
0,0,-0.223456851108273,0
0,0,-0.213092743007285,0
0,0,-0.202438364606783,0
0,0,-0.191496695450628,0
0,0,-0.180268519629313,0
0,0,-0.168758228049583,0
0,0,-0.156968643437202,0
0,0,-0.144905097607505,0
0,0,-0.13257417692061,0
0,0,-0.119979645010872,0
0,0,-0.107132949599447,0
0,0,-0.0940405202283585,0
0,0,-0.0807131773463711,0
0,0,-0.0671639368556247,0
0,0,-0.053402991932493,0
0,0,-0.0394463380229784,0
0,0,-0.0253090296644956,0
0,0,-0.0110072191211442,0
0,0,0.00343964816291509,0
0,0,0.0180140085606999,0
0,0,0.0326932802660889,0
0,0,0.0474575473806282,0
0,0,0.0622826599172157,0
0,0,0.0771447815249462,0
0,0,0.0920189781262277,0
0,0,0.106879217916781,0
0,0,0.121698214547544,0
0,0,0.136448838487552,0
0,0,0.151101137480074,0
0,0,0.165628138812244,0
0,0,0.179997381137762,0
0,0,0.194181421289468,0
0,0,0.208150463828729,0
0,0,0.221870949682561,0
0,0,0.23531637659239,0
0,0,0.248452715030936,0
0,0,0.261252521831039,0
0,0,0.273682394737812,0
0,0,0.285717086037465,0
0,0,0.297324291201799,0
0,0,0.308475312518867,0
0,0,0.319145372729176,0
0,0,0.329302167304524,0
0,0,0.338924212165477,0
0,0,0.347980143692423,0
0,0,0.356451300531692,0
0,0,0.364309925879926,0
0,0,0.371533437931005,0
0,0,0.378103802603651,0
0,0,0.383995772184076,0
0,0,0.389194919407259,0
0,0,0.393679760193764,0
0,0,0.39743759227765,0
0,0,0.400451949758618,0
0,0,0.402708719007843,0
0,0,0.404200215938521,0
0,0,0.404911699649433,0
0,0,0.404840033778618,0
0,0,0.403973770604918,0
0,0,0.402313851036921,0
0,0,0.399854159168801,0
0,0,0.396595165454855,0
0,0,0.392540476711336,0
0,0,0.387689622483952,0
0,0,0.382052952767173,0
0,0,0.375633133468667,0
0,0,0.368445375943947,0
0,0,0.360499246096993,0
0,0,0.351809014374731,0
0,0,0.342393028494633,0
0,0,0.332268695265583,0
0,0,0.321458753311802,0
0,0,0.309983902622234,0
0,0,0.297871743182137,0
0,0,0.285146268160516,0
0,0,0.271839154813179,0
0,0,0.257978473579679,0
0,0,0.24359715626061,0
0,0,0.228728448292761,0
0,0,0.213406379203411,0
0,0,0.197668742154194,0
0,0,0.181549409854292,0
0,0,0.165088527736809,0
0,0,0.148322634418593,0
0,0,0.13129171851465,0
0,0,0.114034670913301,0
0,0,0.0965911665933541,0
0,0,0.0790002532612284,0
0,0,0.0613022331681254,0
0,0,0.0435353699299728,0
0,0,0.0257394953436785,0
0,0,0.00795224575277786,0
0,0,-0.00978905613539061,0
0,0,-0.0274461467048991,0
0,0,-0.0449848396103696,0
0,0,-0.0623684394168563,0
0,0,-0.0795643279599613,0
0,0,-0.0965406711657779,0
0,0,-0.113263753143223,0
0,0,-0.129707855724214,0
0,0,-0.145840047108157,0
0,0,-0.161638372761324,0
0,0,-0.17707319406318,0
0,0,-0.192125379205763,0
0,0,-0.206771091838167,0
0,0,-0.220989475153348,0
0,0,-0.234765474613894,0
0,0,-0.248078703867056,0
0,0,-0.260918812918361,0
0,0,-0.27326886541322,0
0,0,-0.285121020446728,0
0,0,-0.29646524166061,0
0,0,-0.307293217695668,0
0,0,-0.317601812189942,0
0,0,-0.327384752419507,0
0,0,-0.33664329292915,0
0,0,-0.345373356448321,0
0,0,-0.353579961156157,0
0,0,-0.361264361597443,0
0,0,-0.368429380497945,0
0,0,-0.375084583761643,0
0,0,-0.381233578204794,0
0,0,-0.38688577291328,0
0,0,-0.392050106518693,0
0,0,-0.396736929015504,0
0,0,-0.400955492671498,0
0,0,-0.404718499752619,0
0,0,-0.408038025252418,0
0,0,-0.410924419165367,0
0,0,-0.413393206483174,0
0,0,-0.415453482655526,0
0,0,-0.417120459037937,0
0,0,-0.418406210623956,0
0,0,-0.419322185134742,0
0,0,-0.419881712108631,0
0,0,-0.420096552902977,0
0,0,-0.419978312057038,0
0,0,-0.419537810019579,0
0,0,-0.418785867239367,0
0,0,-0.417733304165167,0
0,0,-0.416387020793296,0
0,0,-0.414757680754421,0
0,0,-0.412851556772464,0
0,0,-0.410675235207545,0
0,0,-0.408234518329292,0
0,0,-0.405534737953038,0
0,0,-0.402579657713138,0
0,0,-0.399371943517257,0
0,0,-0.39591551581785,0
0,0,-0.392208649615835,0
0,0,-0.388255108545567,0
0,0,-0.384052697153674,0
0,0,-0.379599533622976,0
0,0,-0.37489702931636,0
0,0,-0.369938754691801,0
0,0,-0.36472580747599,0
0,0,-0.359250974036412,0
0,0,-0.353513783918775,0
0,0,-0.347507180308665,0
0,0,-0.341229595025103,0
0,0,-0.334676166707047,0
0,0,-0.327839681721988,0
0,0,-0.320720924160416,0
0,0,-0.313311425845034,0
0,0,-0.305611029957746,0
0,0,-0.297612209229843,0
0,0,-0.289316531842307,0
0,0,-0.280719920524588,0
0,0,-0.271820336641411,0
0,0,-0.262619191555659,0
0,0,-0.253113505723469,0
0,0,-0.243308297323978,0
0,0,-0.233200273177127,0
0,0,-0.22279727418782,0
0,0,-0.212100868537036,0
0,0,-0.201115603949621,0
0,0,-0.189850732693359,0
0,0,-0.178310802493095,0
0,0,-0.166508358796672,0
0,0,-0.154450458418505,0
0,0,-0.142150587715027,0
0,0,-0.129620821679788,0
0,0,-0.116876371668302,0
0,0,-0.103932292217981,0
0,0,-0.0908044219567292,0
0,0,-0.0775115790563161,0
0,0,-0.0640721112342136,0
0,0,-0.0505051502983858,0
0,0,-0.0368321803282675,0
0,0,-0.0230739013128027,0
0,0,-0.0092524246038187,0
0,0,0.00460904072017132,0
0,0,0.0184879128530464,0
0,0,0.0323584736267242,0
0,0,0.0461995525979662,0
0,0,0.0599840202358075,0
0,0,0.0736883538255382,0
0,0,0.0872860511085862,0
0,0,0.100753903006438,0
0,0,0.114064623170031,0
0,0,0.127193904794165,0
0,0,0.140117127437443,0
0,0,0.152807004750804,0
0,0,0.165242209472911,0
0,0,0.177396866617582,0
0,0,0.189246042107228,0
0,0,0.200770290497686,0
0,0,0.211943423166581,0
0,0,0.222746935578341,0
0,0,0.233157775472552,0
0,0,0.243159476948916,0
0,0,0.252732280927077,0
0,0,0.261859564688641,0
0,0,0.270525960059999,0
0,0,0.278714530686557,0
0,0,0.286416024300532,0
0,0,0.29361209318445,0
0,0,0.300298503249663,0
0,0,0.306462238594032,0
0,0,0.312095301494555,0
0,0,0.317192673772095,0
0,0,0.321747769066532,0
0,0,0.325758862378789,0
0,0,0.329219053712551,0
0,0,0.332133204428857,0
0,0,0.334496923620961,0
0,0,0.336313661287022,0
0,0,0.337587494697588,0
0,0,0.338320305669837,0
0,0,0.338520405562965,0
0,0,0.338190773920837,0
0,0,0.3373436425551,0
0,0,0.33598512737158,0
0,0,0.334124480638061,0
0,0,0.331775502347175,0
0,0,0.328945406131431,0
0,0,0.325650657891126,0
0,0,0.32190019625785,0
0,0,0.317710800768095,0
0,0,0.313094232779217,0
0,0,0.308065076374334,0
0,0,0.302639797453745,0
0,0,0.296831568737685,0
0,0,0.290656542490256,0
0,0,0.284129616430773,0
0,0,0.277267883731926,0
0,0,0.270084830750147,0
0,0,0.262596139295244,0
0,0,0.254817804813218,0
0,0,0.246763470478601,0
0,0,0.238447877192611,0
0,0,0.229883884039289,0
0,0,0.221085447829363,0
0,0,0.212064486738285,0
0,0,0.202832134851019,0
0,0,0.193399839888722,0
0,0,0.183776540482984,0
0,0,0.173973057082572,0
0,0,0.163995819229506,0
0,0,0.153853451919179,0
0,0,0.143552855147907,0
0,0,0.133099674367219,0
0,0,0.122500495937235,0
0,0,0.1117597107647,0
0,0,0.100882964301144,0
0,0,0.0898733929085287,0
0,0,0.0787353874935997,0
0,0,0.0674725548726125,0
0,0,0.0560895995885093,0
0,0,0.0445880898222701,0
0,0,0.032972259662543,0
0,0,0.0212465000160738,0
0,0,0.00941300633623543,0
0,0,-0.00252241910734463,0
0,0,-0.0145549149536248,0
0,0,-0.0266800902958607,0
0,0,-0.0388912019558355,0
0,0,-0.0511818203915276,0
0,0,-0.0635423796989564,0
0,0,-0.0759658230637085,0
0,0,-0.0884408595827229,0
0,0,-0.100956668807234,0
0,0,-0.113501646197985,0
0,0,-0.126061364489953,0
0,0,-0.138623278235295,0
0,0,-0.151169823807026,0
0,0,-0.163687514848714,0
0,0,-0.176155808189512,0
0,0,-0.188559178837711,0
0,0,-0.200877554076761,0
0,0,-0.21309070437201,0
0,0,-0.225179341097398,0
0,0,-0.237123077900174,0
0,0,-0.248898862519926,0
0,0,-0.260488347239178,0
0,0,-0.271866911616536,0
0,0,-0.283015267025937,0
0,0,-0.293909890752672,0
0,0,-0.304529455535404,0
0,0,-0.314853104567092,0
0,0,-0.324856687860633,0
0,0,-0.334521700880455,0
0,0,-0.343824307275654,0
0,0,-0.352746316146854,0
0,0,-0.361264361597443,0
0,0,-0.369361350454734,0
0,0,-0.377016112275486,0
0,0,-0.384209358433638,0
0,0,-0.390926191209875,0
0,0,-0.39714449925237,0
0,0,-0.402853305294258,0
0,0,-0.408033163891378,0
0,0,-0.412671215959692,0
0,0,-0.41675585695994,0
0,0,-0.420272345990906,0
0,0,-0.423214410328668,0
0,0,-0.425566524981515,0
0,0,-0.427328062677058,0
0,0,-0.428488516602724,0
0,0,-0.429043652669867,0
0,0,-0.428991902697507,0
0,0,-0.4283285621427,0
0,0,-0.427057081003605,0
0,0,-0.425173225191573,0
0,0,-0.422686246974391,0
0,0,-0.419597244078745,0
0,0,-0.415912959682851,0
0,0,-0.411642175600202,0
0,0,-0.406793360008092,0
0,0,-0.401378431081974,0
0,0,-0.395407111543929,0
0,0,-0.388898219565724,0
0,0,-0.381863202868516,0
0,0,-0.374319938715487,0
0,0,-0.366288029368893,0
0,0,-0.357783627092836,0
0,0,-0.348830097783925,0
0,0,-0.339445632341537,0
0,0,-0.329655008025166,0
0,0,-0.319480649822835,0
0,0,-0.308945139540664,0
0,0,-0.298074979437227,0
0,0,-0.286894319499625,0
0,0,-0.27542966198643,0
0,0,-0.263704686430452,0
0,0,-0.251748717816026,0
0,0,-0.239586533402647,0
0,0,-0.227244164994594,0
0,0,-0.214749839849517,0
0,0,-0.202128648863108,0
0,0,-0.189407721566331,0
0,0,-0.176611992036777,0
0,0,-0.163767648896824,0
0,0,-0.150899783042161,0
0,0,-0.138033485368479,0
0,0,-0.125190396773311,0
0,0,-0.11239607860664,0
0,0,-0.0996715444936068,0
0,0,-0.0870393762403333,0
0,0,-0.0745190192909784,0
0,0,-0.0621311736344869,0
0,0,-0.049894657442626,0
0,0,-0.0378271911604776,0
0,0,-0.025946495233122,0
0,0,-0.0142684082884638,0
0,0,-0.00280939622679977,0
0,0,0.00841830914022124,0
0,0,0.019399026002793,0
0,0,0.0301206793673645,0
0,0,0.0405719783308753,0
0,0,0.0507406910816763,0
0,0,0.0606180358062762,0
0,0,0.0701924079654186,0
0,0,0.0794572211989841,0
0,0,0.0884029096029915,0
0,0,0.0970227299992237,0
0,0,0.105310880118053,0
0,0,0.113259519054575,0
0,0,0.120864726356339,0
0,0,0.128120229299423,0
0,0,0.135023989248551,0
0,0,0.141569733479801,0
0,0,0.147755580175997,0
0,0,0.153579020247569,0
0,0,0.159035035515379,0
0,0,0.164125194160408,0
0,0,0.168844321185419,0
0,0,0.173194298407591,0
0,0,0.177174655372627,0
0,0,0.180783353445254,0
0,0,0.184023999441728,0
0,0,0.186896593362047,0
0,0,0.189405212476761,0
0,0,0.191550170422068,0
0,0,0.193338367194281,0
0,0,0.19477152779248,0
0,0,0.195856865849174,0
0,0,0.196600183633993,0
0,0,0.197008224325153,0
0,0,0.197088358373263,0
0,0,0.196849681228011,0
0,0,0.1963000337943,0
0,0,0.195451961519975,0
0,0,0.194312207583253,0
0,0,0.192894258340567,0
0,0,0.191209718331173,0
0,0,0.189269564821937,0
0,0,0.187085559170213,0
0,0,0.184673069549611,0
0,0,0.182041661864112,0
0,0,0.179206233833034,0
0,0,0.176178703631829,0
0,0,0.172972871253126,0
0,0,0.169600811690475,0
0,0,0.16607538402792,0
0,0,0.16240866325901,0
0,0,0.158613508467785,0
0,0,0.154700583284916,0
0,0,0.150681962703952,0
0,0,0.146567996719365,0
0,0,0.142367467144648,0
0,0,0.138092448973351,0
0,0,0.133748430838906,0
0,0,0.129346390008178,0
0,0,0.124892756023187,0
0,0,0.120393801607856,0
0,0,0.115856897212793,0
0,0,0.111287531471432,0
0,0,0.106691036199106,0
0,0,0.102071488666364,0
0,0,0.0974346911428354,0
0,0,0.0927814277190102,0
0,0,0.0881173438464184,0
0,0,0.0834444781603354,0
0,0,0.0787637715693492,0
0,0,0.074078517253519,0
0,0,0.0693884015766493,0
0,0,0.0646951495378179,0
0,0,0.0599981338646329,0
0,0,0.0552975113751928,0
0,0,0.0505928116152028,0
0,0,0.0458824664036828,0
0,0,0.0411652211958475,0
0,0,0.0364391941745212,0
0,0,0.0317015626139381,0
0,0,0.0269506015150196,0
0,0,0.0221830176977063,0
0,0,0.017394577073351,0
0,0,0.0125837114609724,0
0,0,0.00774524586333469,0
0,0,0.00287667119086898,0
0,0,-0.00202687391746526,0
0,0,-0.00696899627792247,0
0,0,-0.0119518913438761,0
0,0,-0.0169810477487586,0
0,0,-0.02205803367355,0
0,0,-0.0271883377516835,0
0,0,-0.0323724304374517,0
0,0,-0.0376167412728767,0
0,0,-0.0429214270760563,0
0,0,-0.0482915060261274,0
0,0,-0.0537268213049934,0
0,0,-0.0592334888184775,0
0,0,-0.0648099403856,0
0,0,-0.0704600964588121,0
0,0,-0.0761850547648003,0
0,0,-0.0819855993940553,0
0,0,-0.0878622008008703,0
0,0,-0.0938164271662267,0
0,0,-0.099847964853928,0
0,0,-0.105956029773484,0
0,0,-0.112140935561091,0
0,0,-0.118400016309082,0
0,0,-0.124732174290771,0
0,0,-0.131134900416588,0
0,0,-0.137604274234081,0
0,0,-0.144136688926996,0
0,0,-0.150728694497175,0
0,0,-0.157373390948303,0
0,0,-0.164066544191732,0
0,0,-0.17080031332256,0
0,0,-0.177566386981589,0
0,0,-0.184357551536308,0
0,0,-0.191165181991323,0
0,0,-0.197976889716889,0
0,0,-0.204783892899512,0
0,0,-0.21157427336374,0
0,0,-0.218334387935043,0
0,0,-0.225053102528457,0
0,0,-0.231714264879881,0
0,0,-0.238304859087178,0
0,0,-0.244808576068147,0
0,0,-0.251209420376787,0
0,0,-0.257490455658507,0
0,0,-0.263636470557794,0
0,0,-0.269627549176196,0
0,0,-0.275446911977217,0
0,0,-0.281077936242466,0
0,0,-0.2864996083468,0
0,0,-0.291694678299433,0
0,0,-0.296645896109578,0
0,0,-0.301334129969272,0
0,0,-0.305739934434353,0
0,0,-0.3098490390579,0
0,0,-0.313640743850966,0
0,0,-0.317100307912336,0
0,0,-0.320210951705515,0
0,0,-0.322956209330206,0
0,0,-0.32532243761188,0
0,0,-0.327292386559748,0
0,0,-0.328856960724123,0
0,0,-0.329999851022807,0
0,0,-0.330710237007032,0
0,0,-0.330979493681407,0
0,0,-0.330793977871398,0
0,0,-0.330148514579771,0
0,0,-0.329031028812974,0
0,0,-0.327438854663339,0
0,0,-0.325363994407867,0
0,0,-0.322802213957908,0
0,0,-0.319751631496288,0
0,0,-0.316207385661965,0
0,0,-0.31217182872641,0
0,0,-0.307641667509564,0
0,0,-0.302621449736271,0
0,0,-0.297113370859904,0
0,0,-0.29111931269764,0
0,0,-0.284648684335362,0
0,0,-0.277702897135953,0
0,0,-0.270294496547258,0
0,0,-0.262428657566512,0
0,0,-0.25411651427868,0
0,0,-0.245369671223017,0
0,0,-0.236199105666387,0
0,0,-0.22661783351093,0
0,0,-0.216639654749275,0
0,0,-0.206280094373132,0
0,0,-0.195552011466539,0
0,0,-0.184474851473659,0
0,0,-0.173064453022395,0
0,0,-0.161337125194945,0
0,0,-0.14931388161645,0
0,0,-0.137010717732912,0
0,0,-0.124450058532355,0
0,0,-0.111648840369369,0
0,0,-0.0986305859586644,0
0,0,-0.0854136430177131,0
0,0,-0.0720202797164419,0
0,0,-0.0584721369523814,0
0,0,-0.0447905419868697,0
0,0,-0.030999017534616,0
0,0,-0.0171165385854851,0
0,0,-0.00316882330756041,0
0,0,0.0108238987645084,0
0,0,0.0248373208255217,0
0,0,0.0388491747055544,0
0,0,0.0528370354165832,0
0,0,0.0667773802438991,0
0,0,0.0806473137451846,0
0,0,0.0944234700238287,0
0,0,0.108083894546102,0
0,0,0.121604280506804,0
0,0,0.134961889281718,0
0,0,0.148134139064721,0
0,0,0.161097507141104,0
0,0,0.173828470796157,0
0,0,0.186305232314251,0
0,0,0.198504582616871,0
0,0,0.210402528535013,0
0,0,0.221978056443538,0
0,0,0.233207800445834,0
0,0,0.24406917873578,0
0,0,0.25453913905296,0
0,0,0.264597922317019,0
0,0,0.274220751268462,0
0,0,0.283387553190739,0
0,0,0.292077314458707,0
0,0,0.300266669175756,0
0,0,0.307937740078707,0
0,0,0.315067161270948,0
0,0,0.321638466852183,0
0,0,0.327630329561074,0
0,0,0.333023931225855,0
0,0,0.337803590036719,0
0,0,0.341949076459016,0
0,0,0.345447060954411,0
0,0,0.348277941260645,0
0,0,0.350431210565149,0
0,0,0.351892441602901,0
0,0,0.352645795745995,0
0,0,0.3526859411791,0
0,0,0.351997666546701,0
0,0,0.350576424123955,0
0,0,0.348410452553508,0
0,0,0.345499595017262,0
0,0,0.341834756065528,0
0,0,0.337414837971621,0
0,0,0.332239997553638,0
0,0,0.326306784813422,0
0,0,0.319621315656798,0
0,0,0.312182178720882,0
0,0,0.303998783091559,0
0,0,0.295075676493673,0
0,0,0.285421483922616,0
0,0,0.275047025827157,0
0,0,0.263963749928452,0
0,0,0.252186553945818,0
0,0,0.239729394689983,0
0,0,0.226612815331792,0
0,0,0.212852184044856,0
0,0,0.198473375815356,0
0,0,0.183496933814138,0
0,0,0.167948419391185,0
0,0,0.15185605980415,0
0,0,0.135247455038291,0
0,0,0.118153498258927,0
0,0,0.100605082631376,0
0,0,0.0826382763181932,0
0,0,0.0642860111199712,0
0,0,0.0455865506526376,0
0,0,0.0265775312597276,0
0,0,0.00729658928477583,0
0,0,-0.0122136207495434,0
0,0,-0.0319142079549117,0
0,0,-0.0517614200819689,0
0,0,-0.0717133866985323,0
0,0,-0.0917274532819284,0
0,0,-0.11175892667421,0
0,0,-0.131764681898409,0
0,0,-0.151701123523264,0
0,0,-0.171522617482238,0
0,0,-0.191187450161248,0
0,0,-0.210651242038541,0
0,0,-0.229870554500954,0
0,0,-0.248803203480108,0
0,0,-0.267406063999034,0
0,0,-0.285639617897022,0
0,0,-0.303461367469497,0
0,0,-0.320832892282433,0
0,0,-0.337715301447509,0
0,0,-0.354070174530702,0
0,0,-0.369863011550437,0
0,0,-0.385056489799375,0
0,0,-0.399620186566491,0
0,0,-0.413516151872055,0
0,0,-0.426720549365161,0
0,0,-0.439198094973745,0
0,0,-0.450923070529724,0
0,0,-0.461871482864095,0
0,0,-0.472015418355402,0
0,0,-0.481337156558564,0
0,0,-0.489810822487402,0
0,0,-0.497423713875971,0
0,0,-0.504155914825818,0
0,0,-0.509994252616706,0
0,0,-0.514928534072261,0
0,0,-0.518945586472244,0
0,0,-0.522041646182303,0
0,0,-0.524206363207965,0
0,0,-0.525441619366408,0
0,0,-0.525744278295669,0
0,0,-0.525114026359554,0
0,0,-0.523558704462965,0
0,0,-0.521077371697313,0
0,0,-0.51768367123713,0
0,0,-0.51338136671677,0
0,0,-0.508187080854627,0
0,0,-0.502112261371861,0
0,0,-0.495170551443001,0
0,0,-0.487382651056993,0
0,0,-0.478763928387448,0
0,0,-0.469339317511956,0
0,0,-0.459124500240324,0
0,0,-0.448149742465479,0
0,0,-0.436437625993541,0
0,0,-0.424012771265907,0
0,0,-0.410907012356482,0
0,0,-0.39714606743335,0
0,0,-0.382762241024713,0
0,0,-0.367784544478709,0
0,0,-0.352247948231209,0
0,0,-0.336182404538943,0
0,0,-0.319622883837778,0
0,0,-0.302604983835975,0
0,0,-0.285161636334126,0
0,0,-0.26732953676718,0
0,0,-0.2491438123891,0
0,0,-0.230641001816738,0
0,0,-0.211858114121235,0
0,0,-0.192829806102263,0
0,0,-0.173595439102436,0
0,0,-0.154188729012838,0
0,0,-0.134647468995102,0
0,0,-0.115008511302272,0
0,0,-0.0953063559159238,0
0,0,-0.0755778550891,0
0,0,-0.0558592338024547,0
0,0,-0.0361848352194629,0
0,0,-0.016591041138876,0
0,0,0.00288858936632175,0
0,0,0.0222181449516725,0
0,0,0.04136500745278,0
0,0,0.060294363251874,0
0,0,0.0789734373664595,0
0,0,0.0973699252683353,0
0,0,0.11544917015783,0
0,0,0.133183258413487,0
0,0,0.150535965054655,0
0,0,0.167481885549447,0
0,0,0.183987617642977,0
0,0,0.200023679532807,0
0,0,0.215563882596563,0
0,0,0.230575765487943,0
0,0,0.245035178219848,0
0,0,0.258912795807938,0
0,0,0.272184625083212,0
0,0,0.284821654697525,0
0,0,0.29680443920672,0
0,0,0.308106162716027,0
0,0,0.318704870691717,0
0,0,0.328582529052513,0
0,0,0.337714987811313,0
0,0,0.346089858338371,0
0,0,0.353684088373271,0
0,0,0.360488739284423,0
0,0,0.366488913352512,0
0,0,0.371670810584908,0
0,0,0.376031608255845,0
0,0,0.379557349554597,0
0,0,0.382248975389752,0
0,0,0.384095978948739,0
0,0,0.38510463295548,0
0,0,0.385271173775623,0
0,0,0.38459779686254,0
0,0,0.383093440847821,0
0,0,0.380757478459074,0
0,0,0.37760433696132,0
0,0,0.373636839080325,0
0,0,0.368871607534482,0
0,0,0.363318678682069,0
0,0,0.356989970698538,0
0,0,0.349904615391853,0
0,0,0.342075158209859,0
0,0,0.333522612777695,0
0,0,0.324262817723268,0
0,0,0.314319609397481,0
0,0,0.303711805972104,0
0,0,0.292463557434236,0
0,0,0.280599327407177,0
0,0,0.268141854515146,0
0,0,0.255120306924381,0
0,0,0.241559461894378,0
0,0,0.227489428499964,0
0,0,0.212939531725477,0
0,0,0.197938626100961,0
0,0,0.182521211607989,0
0,0,0.166715672322311,0
0,0,0.150558860496972,0
0,0,0.134083080660173,0
0,0,0.117323303247781,0
0,0,0.100316066876646,0
0,0,0.0830963419826356,0
0,0,0.0657023921816768,0
0,0,0.0481699720001287,0
0,0,0.0305389132348983,0
0,0,0.0128465385933261,0
0,0,-0.00486935876295602,0
0,0,-0.0225689470370398,0
0,0,-0.0402144330672913,0
0,0,-0.0577669259653918,0
0,0,-0.075187221206825,0
0,0,-0.0924387801747423,0
0,0,-0.109480986981746,0
0,0,-0.126280596191045,0
0,0,-0.142798716914322,0
0,0,-0.158998967352824,0
0,0,-0.17484841570596,0
0,0,-0.190310052902586,0
0,0,-0.205353456231677,0
0,0,-0.219942087076385,0
0,0,-0.234049443178139,0
0,0,-0.247642592736343,0
0,0,-0.260692367584758,0
0,0,-0.273173206373401,0
0,0,-0.285056411390326,0
0,0,-0.296320498556098,0
0,0,-0.306936926976868,0
0,0,-0.316889387570441,0
0,0,-0.326154828076399,0
0,0,-0.334714430322975,0
0,0,-0.342554237499441,0
0,0,-0.349655588252129,0
0,0,-0.356010171221841,0
0,0,-0.361601677326377,0
0,0,-0.366426813385679,0
0,0,-0.370474758950981,0
0,0,-0.373740966297439,0
0,0,-0.376224651334561,0
0,0,-0.377921579973702,0
0,0,-0.378835672667312,0
0,0,-0.378966302142998,0
0,0,-0.378323504759038,0
0,0,-0.376909632786901,0
0,0,-0.374735193039158,0
0,0,-0.371812574145557,0
0,0,-0.368151185191981,0
0,0,-0.36376874662351,0
0,0,-0.358678587978481,0
0,0,-0.352902193336329,0
0,0,-0.346456655869741,0
0,0,-0.339365811929623,0
0,0,-0.331653341048784,0
0,0,-0.323341511397147,0
0,0,-0.314460902503836,0
0,0,-0.305034566629265,0
0,0,-0.295096533300715,0
0,0,-0.284674402503444,0
0,0,-0.273799224220869,0
0,0,-0.262506439343152,0
0,0,-0.250826941035611,0
0,0,-0.238795542916017,0
0,0,-0.226446117693551,0
0,0,-0.213814890348865,0
0,0,-0.200934635864456,0
0,0,-0.187843931492446,0
0,0,-0.174576493123919,0
0,0,-0.161168702557625,0
0,0,-0.147655687047531,0
0,0,-0.134072887483799,0
0,0,-0.120456685665179,0
0,0,-0.106839229301775,0
0,0,-0.0932576842828281,0
0,0,-0.0797437278641454,0
0,0,-0.0663315463911062,0
0,0,-0.0530536012100087,0
0,0,-0.0399418832128579,0
0,0,-0.0270277560192668,0
0,0,-0.0143422696126516,0
0,0,-0.0019134944325655,0
0,0,0.010228774082359,0
0,0,0.0220563086744714,0
0,0,0.0335437048118847,0
0,0,0.0446624216007521,0
0,0,0.0553911317797364,0
0,0,0.0657027058178732,0
0,0,0.0755769141805118,0
0,0,0.0849921159701199,0
0,0,0.0939263566529684,0
0,0,0.102362072602075,0
0,0,0.110281072918063,0
0,0,0.117667832609226,0
0,0,0.124505258502873,0
0,0,0.130782059695945,0
0,0,0.136485847558695,0
0,0,0.141604390279473,0
0,0,0.146132199224848,0
0,0,0.150058767582249,0
0,0,0.1533822135345,0
0,0,0.156095637085285,0
0,0,0.158200763233683,0
0,0,0.159695396526322,0
0,0,0.160581575598477,0
0,0,0.160864945901676,0
0,0,0.160548173343589,0
0,0,0.159640823828196,0
0,0,0.158148699625126,0
0,0,0.156084973454616,0
0,0,0.153460152129237,0
0,0,0.150286937914931,0
0,0,0.146581953530093,0
0,0,0.142359312603549,0
0,0,0.137638460579458,0
0,0,0.132435079267628,0
0,0,0.126772534564669,0
0,0,0.120669174188055,0
0,0,0.114146011762926,0
0,0,0.107229235911658,0
0,0,0.0999367238974316,0
0,0,0.092296232523603,0
0,0,0.084328618597215,0
0,0,0.0760605411949382,0
0,0,0.0675142684866976,0
0,0,0.058715048186281,0
0,0,0.0496865598264964,0
0,0,0.0404526397582492,0
0,0,0.0310372811505428,0
0,0,0.0214627521733026,0
0,0,0.0117541437222186,0
0,0,0.00193152851384282,0
0,0,-0.00798094346472344,0
0,0,-0.0179614744978489,0
0,0,-0.0279893645965896,0
0,0,-0.0380432864996083,0
0,0,-0.0481000311283928,0
0,0,-0.0581431325826451,0
0,0,-0.0681485976933626,0
0,0,-0.0780983923792679,0
0,0,-0.0879730711962007,0
0,0,-0.0977520909733152,0
0,0,-0.107417417629334,0
0,0,-0.116949919356293,0
0,0,-0.126330621164327,0
0,0,-0.135541488972159,0
0,0,-0.144564175062316,0
0,0,-0.153380331717323,0
0,0,-0.161971768037806,0
0,0,-0.170322331759664,0
0,0,-0.17841320471113,0
0,0,-0.186227293719514,0
0,0,-0.193748916975011,0
0,0,-0.200960040396342,0
0,0,-0.207845295809899,0
0,0,-0.21438853095158,0
0,0,-0.220574377647776,0
0,0,-0.226386840452483,0
0,0,-0.231814158008348,0
0,0,-0.236840962141759,0
0,0,-0.241452825587696,0
0,0,-0.245640339260273,0
0,0,-0.249387350895392,0
0,0,-0.252687274132933,0
0,0,-0.255525211253581,0
0,0,-0.257895673623902,0
0,0,-0.259789095339915,0
0,0,-0.261196694588129,0
0,0,-0.262114864552288,0
0,0,-0.26253576432749,0
0,0,-0.262457041642262,0
0,0,-0.261873207863173,0
0,0,-0.260785674353106,0
0,0,-0.259189893387216,0
0,0,-0.257087433146485,0
0,0,-0.254481429992873,0
0,0,-0.251370002109204,0
0,0,-0.247760519946086,0
0,0,-0.243654551684501,0
0,0,-0.239061820046528,0
0,0,-0.233983265940756,0
0,0,-0.228433316632206,0
0,0,-0.222418401662899,0
0,0,-0.215948871027308,0
0,0,-0.209038054263767,0
0,0,-0.201698026365827,0
0,0,-0.193944312325197,0
0,0,-0.185789143953525,0
0,0,-0.177253221239757,0
0,0,-0.168351128267011,0
0,0,-0.159102467297546,0
0,0,-0.14952684059362,0
0,0,-0.139643850417489,0
0,0,-0.129475921757178,0
0,0,-0.119043127329239,0
0,0,-0.108368833030282,0
0,0,-0.0974765615750182,0
0,0,-0.0863893652238618,0
0,0,-0.0751309235096205,0
0,0,-0.0637266409641805,0
0,0,-0.0522011380289379,0
0,0,-0.0405790351452884,0
0,0,-0.0288876186622945,0
0,0,-0.0171518226575493,0
0,0,-0.00539752211723277,0
0,0,0.00634815342769057,0
0,0,0.018059172172942,0
0,0,0.0297096591323411,0
0,0,0.0412720143206287,0
0,0,0.0527209900240164,0
0,0,0.0640311817106189,0
0,0,0.0751757734856664,0
0,0,0.0861310858163518,0
0,0,0.0968728118974753,0
0,0,0.107376174469543,0
0,0,0.117617493999747,0
0,0,0.127577325043929,0
0,0,0.1372302630702,0
0,0,0.146557333088697,0
0,0,0.155538776019063,0
0,0,0.164153735054255,0
0,0,0.172385744293977,0
0,0,0.180213946931187,0
0,0,0.187624856609452,0
0,0,0.194600439247493,0
0,0,0.201125169853602,0
0,0,0.207186502979936,0
0,0,0.212769070452883,0
0,0,0.217861895005579,0
0,0,0.222451176645394,0
0,0,0.226528290376936,0
0,0,0.230082729387633,0
0,0,0.233104143683014,0
0,0,0.235586887811549,0
0,0,0.23752170950545,0
0,0,0.238904061039876,0
0,0,0.239726728782315,0
0,0,0.239988144551786,0
0,0,0.239683133351054,0
0,0,0.238809970181038,0
0,0,0.237368811859839,0
0,0,0.235357306115984,0
0,0,0.232778432493337,0
0,0,0.22963281826429,0
0,0,0.225924697517491,0
0,0,0.221657363432999,0
0,0,0.216835834189952,0
0,0,0.211467480238959,0
0,0,0.205557006122963,0
0,0,0.199116486835513,0
0,0,0.19215078373765,0
0,0,0.184674010458199,0
0,0,0.176696987445927,0
0,0,0.168232103330581,0
0,0,0.159293785377183,0
0,0,0.149896931305048,0
0,0,0.14005832065067,0
0,0,0.129795046586737,0
0,0,0.119125300012624,0
0,0,0.10807025137157,0
0,0,0.0966488756534412,0
0,0,0.0848846955729465,0
0,0,0.0727985679371284,0
0,0,0.0604166813683633,0
0,0,0.0477609904003802,0
0,0,0.0348579972917513,0
0,0,0.0217340474829519,0
0,0,0.00841407505157377,0
0,0,-0.00507416319902632,0
0,0,-0.018703224101687,0
0,0,-0.032446919034032,0
0,0,-0.0462770207384093,0
0,0,-0.0601657724114625,0
0,0,-0.0740849467955399,0
0,0,-0.0880086689044608,0
0,0,-0.101907300117692,0
0,0,-0.115755122267151,0
0,0,-0.12952359445899,0
0,0,-0.14318668488893,0
0,0,-0.156717734480301,0
0,0,-0.17009024097453,0
0,0,-0.183278643021634,0
0,0,-0.196258163362117,0
0,0,-0.209002456555507,0
0,0,-0.221489568068072,0
0,0,-0.233693779731731,0
0,0,-0.245592509740365,0
0,0,-0.257163489924045,0
0,0,-0.268385079385242,0
0,0,-0.279234539499735,0
0,0,-0.28969195436907,0
0,0,-0.299738349003382,0
0,0,-0.309351612050844,0
0,0,-0.318516218519747,0
0,0,-0.327210370694461,0
0,0,-0.335420582218553,0
0,0,-0.343127878102156,0
0,0,-0.350317360625955,0
0,0,-0.356974759343026,0
0,0,-0.36308470607976,0
0,0,-0.368634812206407,0
0,0,-0.373611748184635,0
0,0,-0.378007045837146,0
0,0,-0.381807532443704,0
0,0,-0.385003798918426,0
0,0,-0.387591297536466,0
0,0,-0.389557639668079,0
0,0,-0.390900943496087,0
0,0,-0.391611329480313,0
0,0,-0.391690679437933,0
0,0,-0.391130054737357,0
0,0,-0.389930082650979,0
0,0,-0.388091547269288,0
0,0,-0.385609430413145,0
0,0,-0.382490632078867,0
0,0,-0.378731545450198,0
0,0,-0.374339697795843,0
0,0,-0.369318382295864,0
0,0,-0.363669951221731,0
0,0,-0.357404911386013,0
0,0,-0.350528124149752,0
0,0,-0.343050723597909,0
0,0,-0.334978512000113,0
0,0,-0.326326857529974,0
0,0,-0.317105953363866,0
0,0,-0.307329129040125,0
0,0,-0.29701253682285,0
0,0,-0.286171388067554,0
0,0,-0.274824814582201,0
0,0,-0.262990066357578,0
0,0,-0.250687843382629,0
0,0,-0.237940413827279,0
0,0,-0.224769889043355,0
0,0,-0.211201516744644,0
0,0,-0.197259917372544,0
0,0,-0.182971593185627,0
0,0,-0.168364300987249,0
0,0,-0.153468463488434,0
0,0,-0.138311523856345,0
0,0,-0.122926100255379,0
0,0,-0.107344183577539,0
0,0,-0.0915977647148302,0
0,0,-0.0757193050135528,0
0,0,-0.0597440885457708,0
0,0,-0.0437061448387638,0
0,0,-0.0276409147826936,0
0,0,-0.0115827415410357,0
0,0,0.00443230672365402,0
0,0,0.0203681618488225,0
0,0,0.0361881283995222,0
0,0,0.051856608667493,0
0,0,0.0673380049444745,0
0,0,0.0825957786136182,0
0,0,0.0975938615123693,0
0,0,0.112298694567743,0
0,0,0.126673895980987,0
0,0,0.140686063497216,0
0,0,0.154300069862463,0
0,0,0.167485806001899,0
0,0,0.180207987843461,0
0,0,0.19243650631232,0
0,0,0.204143134150826,0
0,0,0.215295566830777,0
0,0,0.225869497546973,0
0,0,0.235833876315998,0
0,0,0.245168787239398,0
0,0,0.253846787150011,0
0,0,0.261847019240796,0
0,0,0.269151763066672,0
0,0,0.275738436821517,0
0,0,0.281594181421289,0
0,0,0.286699865058027,0
0,0,0.291048744553511,0
0,0,0.294624824461741,0
0,0,0.297421988876892,0
0,0,0.299433651438845,0
0,0,0.300653853059874,0
0,0,0.301082593739978,0
0,0,0.300716109844805,0
0,0,0.299560674098276,0
0,0,0.297616756954687,0
0,0,0.294890631137958,0
0,0,0.291392489824466,0
0,0,0.287128292101935,0
0,0,0.28211387659827,0
0,0,0.27635912285365,0
0,0,0.269882064949352,0
0,0,0.262697443786593,0
0,0,0.254828311625788,0
0,0,0.246292075275823,0
0,0,0.237111786997114,0
0,0,0.227314576320624,0
0,0,0.216922240961985,0
0,0,0.205964105905534,0
0,0,0.194467614318433,0
0,0,0.182463502547902,0
0,0,0.169981566032573,0
0,0,0.157054109300646,0
0,0,0.143714064152716,0
0,0,0.129995773752257,0
0,0,0.11593326762655,0
0,0,0.101561829847659,0
0,0,0.0869175285781381,0
0,0,0.0720369024348362,0
0,0,0.056956490034602,0
0,0,0.0417137709028723,0
0,0,0.0263463813831828,0
0,0,0.0108894487294988,0
0,0,-0.00461594071648641,0
0,0,-0.0201354437912972,0
0,0,-0.0356318946056925,0
0,0,-0.0510665590894515,0
0,0,-0.0664060349876858,0
0,0,-0.0816117450482724,0
0,0,-0.0966504438344223,0
0,0,-0.111486220001678,0
0,0,-0.126087709930428,0
0,0,-0.140419943184803,0
0,0,-0.15445171296329,0
0,0,-0.168153223827255,0
0,0,-0.181491543976107,0
0,0,-0.194441425696057,0
0,0,-0.206970878095099,0
0,0,-0.219059044366192,0
0,0,-0.230676599524998,0
0,0,-0.241801275401592,0
0,0,-0.252412528825127,0
0,0,-0.262486052990403,0
0,0,-0.272004284270439,0
0,0,-0.280948404493466,0
0,0,-0.289303986394462,0
0,0,-0.297055034527425,0
0,0,-0.304188376172118,0
0,0,-0.310695229515048,0
0,0,-0.316563049108371,0
0,0,-0.321786973591048,0
0,0,-0.326357593877194,0
0,0,-0.3302756940573,0
0,0,-0.333534687771246,0
0,0,-0.336135202291426,0
0,0,-0.33807958988931,0
0,0,-0.339367536928702,0
0,0,-0.340007668404996,0
0,0,-0.340001082044877,0
0,0,-0.339360480114289,0
0,0,-0.338090723974273,0
0,0,-0.336204829526966,0
0,0,-0.333714244493529,0
0,0,-0.330630102958922,0
0,0,-0.326969968550131,0
0,0,-0.322745916260704,0
0,0,-0.3179775483529,0
0,0,-0.312680703454625,0
0,0,-0.306872945192859,0
0,0,-0.300575287192744,0
0,0,-0.29380403853648,0
0,0,-0.286581467393989,0
0,0,-0.278926705573237,0
0,0,-0.270860766699363,0
0,0,-0.262404350761313,0
0,0,-0.25357894183852,0
0,0,-0.244404455829439,0
0,0,-0.234903317722092,0
0,0,-0.225095913869228,0
0,0,-0.215001689715006,0
0,0,-0.204645108882726,0
0,0,-0.194043264545075,0
0,0,-0.183219208962468,0
0,0,-0.17219285803336,0
0,0,-0.160984754928597,0
0,0,-0.149615442819025,0
0,0,-0.138106405784079,0
0,0,-0.12647536426884,0
0,0,-0.114743488716546,0
0,0,-0.102931479116142,0
0,0,-0.0910572127308071,0
0,0,-0.0791420168218774,0
0,0,-0.067201886835356,0
0,0,-0.0552603454859518,0
0,0,-0.0433305654939028,0
0,0,-0.0314352854834273,0
0,0,-0.0195912849910184,0
0,0,-0.00781581400746323,0
0,0,0.00387121156878489,0
0,0,0.0154526985650358,0
0,0,0.0269088879009349,0
0,0,0.038226450038146,0
0,0,0.0493854690782152,0
0,0,0.0603699495751404,0
0,0,0.0711656210819978,0
0,0,0.0817538222451177,0
0,0,0.0921237326157336,0
0,0,0.102255122659196,0
0,0,0.112138740107718,0
0,0,0.121757491788612,0
0,0,0.131100714071209,0
0,0,0.140155704689567,0
0,0,0.148909604559643,0
0,0,0.157354259140339,0
0,0,0.165476652529515,0
0,0,0.173268316549876,0
0,0,0.180718430752656,0
0,0,0.187820251959638,0
0,0,0.194564527903036,0
0,0,0.200942006315065,0
0,0,0.206948766743272,0
0,0,0.212573047830304,0
0,0,0.217812497304689,0
0,0,0.222657862898642,0
0,0,0.227104596887317,0
0,0,0.231147524273481,0
0,0,0.234778960970328,0
0,0,0.237997495614974,0
0,0,0.240794816848223,0
0,0,0.243169199670995,0
0,0,0.245114057723174,0
0,0,0.246627979641875,0
0,0,0.24770516315747,0
0,0,0.248343412816586,0
0,0,0.248539278621067,0
0,0,0.248289781027049,0
0,0,0.247593038217355,0
0,0,0.246445600193827,0
0,0,0.244847937410761,0
0,0,0.242797070324292,0
0,0,0.240291744389636,0
0,0,0.237334782332559,0
0,0,0.233922577336805,0
0,0,0.230058422582433,0
0,0,0.225742788523738,0
0,0,0.220978184250288,0
0,0,0.215766805215456,0
0,0,0.210113042325988,0
0,0,0.204020188761945,0
0,0,0.197493105884364,0
0,0,0.190537752780973,0
0,0,0.183158363540419,0
0,0,0.175364974520979,0
0,0,0.167162133447497,0
0,0,0.158558622133463,0
0,0,0.149564633755252,0
0,0,0.140187225127278,0
0,0,0.130438157606893,0
0,0,0.120326213007591,0
0,0,0.109864250413412,0
0,0,0.099062619818828,0
0,0,0.087934023489783,0
0,0,0.0764919477827095,0
0,0,0.0647479972368652,0
0,0,0.0527178536620554,0
0,0,0.0404156306871064,0
0,0,0.0278560692132357,0
0,0,0.0150559487769362,0
0,0,0.00203110800611284,0
0,0,-0.0112001053817617,0
0,0,-0.0246220095768814,0
0,0,-0.0382143750445955,0
0,0,-0.0519601086122146,0
0,0,-0.0658386671088937,0
0,0,-0.0798296641818838,0
0,0,-0.0939155362042025,0
0,0,-0.108072760461139,0
0,0,-0.122280323327555,0
0,0,-0.136518152086896,0
0,0,-0.150760685389179,0
0,0,-0.164987693699755,0
0,0,-0.179174713395324,0
0,0,-0.193298849033569,0
0,0,-0.207335793809292,0
0,0,-0.221262025007782,0
0,0,-0.235054333550526,0
0,0,-0.248686217178952,0
0,0,-0.262135878177429,0
0,0,-0.27537791201407,0
0,0,-0.288387227793185,0
0,0,-0.301142341435341,0
0,0,-0.313615966591473,0
0,0,-0.325786932818343,0
0,0,-0.337628581039281,0
0,0,-0.349121779446322,0
0,0,-0.360241123507582,0
0,0,-0.370963717780742,0
0,0,-0.381270900912132,0
0,0,-0.391137895642261,0
0,0,-0.400547138344142,0
0,0,-0.409476674484049,0
0,0,-0.417909724525488,0
0,0,-0.425826529388104,0
0,0,-0.43320968226301,0
0,0,-0.44004538315758,0
0,0,-0.446312932082866,0
0,0,-0.452004017679672,0
0,0,-0.457097469504761,0
0,0,-0.461587955742797,0
0,0,-0.465459637765875,0
0,0,-0.468701695125231,0
0,0,-0.471307698278843,0
0,0,-0.473265415415063,0
0,0,-0.474571396535731,0
0,0,-0.475216546191163,0
0,0,-0.475196787110807,0
0,0,-0.474506473843133,0
0,0,-0.473146390478632,0
0,0,-0.471110891565774,0
0,0,-0.46839982028646,0
0,0,-0.465015685730259,0
0,0,-0.460954724262818,0
0,0,-0.456223522244255,0
0,0,-0.450820197857394,0
0,0,-0.444752748825236,0
0,0,-0.438023527419252,0
0,0,-0.430637865454777,0
0,0,-0.422605642471987,0
0,0,-0.413930465287138,0
0,0,-0.404623938439488,0
0,0,-0.39469217783486,0
0,0,-0.384148983465884,0
0,0,-0.373004234872738,0
0,0,-0.36126702750511,0
0,0,-0.348955395444277,0
0,0,-0.336078904594222,0
0,0,-0.322654334491435,0
0,0,-0.308695014674254,0
0,0,-0.294220390586837,0
0,0,-0.279245359948501,0
0,0,-0.263789211385308,0
0,0,-0.247872017613809,0
0,0,-0.231512910441969,0
0,0,-0.214735098948299,0
0,0,-0.197559283121746,0
0,0,-0.180008828858921,0
0,0,-0.162110395236494,0
0,0,-0.143886093606291,0
0,0,-0.125364778498357,0
0,0,-0.10657248171697,0
0,0,-0.0875369600654875,0
0,0,-0.0682886362549331,0
0,0,-0.048855110270566,0
0,0,-0.0292664911872149,0
0,0,-0.00955445626068829,0
0,0,0.0102499445255977,0
0,0,0.0301159748244224,0
0,0,0.0500122710161732,0
0,0,0.0699043331192766,0
0,0,0.0897623656951001,0
0,0,0.109553436943051,0
0,0,0.129244144608241,0
0,0,0.148805006888235,0
0,0,0.168200896529067,0
0,0,0.187403586273085,0
0,0,0.20637732159393,0
0,0,0.225095129778738,0
0,0,0.243524863117403,0
0,0,0.261634373899823,0
0,0,0.279399355320799,0
0,0,0.296785621034952,0
0,0,0.313768080146594,0
0,0,0.330317407671385,0
0,0,0.346408983167929,0
0,0,0.362014422560479,0
0,0,0.377108948589539,0
0,0,0.391668881722302,0
0,0,0.405666465155411,0
0,0,0.419081469354215,0
0,0,0.431885667061064,0
0,0,0.444060553740386,0
0,0,0.455582293041275,0
0,0,0.466425323613747,0
0,0,0.476572395467016,0
0,0,0.485998574523488,0
0,0,0.494684728975202,0
0,0,0.502607336107445,0
0,0,0.509751184564708,0
0,0,0.516091497087496,0
0,0,0.521613375956492,0
0,0,0.526298159818028,0
0,0,0.530126403227944,0
0,0,0.533086501646982,0
0,0,0.535156343723316,0
0,0,0.536330597641613,0
0,0,0.536591072502495,0
0,0,0.535928359220081,0
0,0,0.534334773707564,0
0,0,0.53179933869808,0
0,0,0.528320015556355,0
0,0,0.523887708832701,0
0,0,0.518505084434784,0
0,0,0.512169476454939,0
0,0,0.50488276671034,0
0,0,0.496650287016324,0
0,0,0.487475487371047,0
0,0,0.477371540494745,0
0,0,0.466343150930363,0
0,0,0.454409293667764,0
0,0,0.441581573246205,0
0,0,0.427878023746965,0
0,0,0.413321226976163,0
0,0,0.397927335197901,0
0,0,0.381727241577496,0
0,0,0.364740391559109,0
0,0,0.346999716943333,0
0,0,0.328533131351623,0
0,0,0.309370587040709,0
0,0,0.28954940671793,0
0,0,0.269100797184802,0
0,0,0.24806459023823,0
0,0,0.226475129041692,0
0,0,0.204375068117861,0
0,0,0.18180063244739,0
0,0,0.158796358370127,0
0,0,0.13540301859157,0
0,0,0.111663110816293,0
0,0,0.0876217986565393,0
0,0,0.0633228343616681,0
0,0,0.0388118519982155,0
0,0,0.0141340151784237,0
0,0,-0.0106636306682881,0
0,0,-0.0355357651115802,0
0,0,-0.0604347154496407,0
0,0,-0.0853150044340315,0
0,0,-0.11012911618104,0
0,0,-0.134830318897443,0
0,0,-0.159372664880508,0
0,0,-0.183711774608484,0
0,0,-0.207800602651951,0
0,0,-0.231595553579647,0
0,0,-0.255053502414607,0
0,0,-0.278129599180783,0
0,0,-0.300784325717463,0
0,0,-0.322974713865778,0
0,0,-0.34466422500888,0
0,0,-0.36581224325937,0
0,0,-0.386382073182302,0
0,0,-0.40634172388567,0
0,0,-0.425652461299254,0
0,0,-0.444286842255891,0
0,0,-0.462210209955911,0
0,0,-0.479397943957917,0
0,0,-0.495821032913767,0
0,0,-0.511453915473477,0
0,0,-0.526277303010986,0
0,0,-0.540265320540113,0
0,0,-0.553402756705346,0
0,0,-0.56566812742725,0
0,0,-0.577050925893256,0
0,0,-0.587534686203065,0
0,0,-0.597108744726011,0
0,0,-0.605766201465779,0
0,0,-0.613495295065013,0
0,0,-0.62029555506942,0
0,0,-0.626157415575017,0
0,0,-0.631085894760943,0
0,0,-0.635077385810942,0
0,0,-0.638133143269799,0
0,0,-0.640261008042416,0
0,0,-0.641461607401187,0
0,0,-0.641745761794877,0
0,0,-0.641117862130233,0
0,0,-0.639593903853256,0
0,0,-0.637181100596458,0
0,0,-0.633894820533448,0
0,0,-0.62975027501974,0
0,0,-0.624762048138451,0
0,0,-0.618951937605215,0
0,0,-0.612332959322169,0
0,0,-0.604930674639299,0
0,0,-0.596766253999842,0
0,0,-0.58785898602986,0
0,0,-0.578238509349887,0
0,0,-0.56792458304028,0
0,0,-0.556948257084454,0
0,0,-0.545331642834236,0
0,0,-0.533107985726417,0
0,0,-0.520302690292882,0
0,0,-0.506945395154164,0
0,0,-0.493069032110858,0
0,0,-0.47870135796632,0
0,0,-0.463875931793536,0
0,0,-0.448622078576845,0
0,0,-0.432974298297818,0
0,0,-0.416963013667481,0
0,0,-0.40062099966833,0
0,0,-0.38398087446476,0
0,0,-0.367074785766876,0
0,0,-0.349934724466681,0
0,0,-0.332591897365692,0
0,0,-0.315079236264499,0
0,0,-0.297427791146521,0
0,0,-0.279666102905604,0
0,0,-0.261828357887127,0
0,0,-0.24394121516776,0
0,0,-0.226035097458528,0
0,0,-0.208137761562787,0
0,0,-0.190277748374384,0
0,0,-0.172480932879502,0
0,0,-0.154773503700515,0
0,0,-0.137180708551212,0
0,0,-0.119725756510107,0
0,0,-0.102431699837615,0
0,0,-0.0853200226131697,0
0,0,-0.0684109543714222,0
0,0,-0.0517244110108259,0
0,0,-0.0352773288859723,0
0,0,-0.0190868011695496,0
0,0,-0.00316850967136395,0
0,0,0.0124657842512288,0
0,0,0.0278003987884232,0
0,0,0.0428260816724337,0
0,0,0.0575320124544934,0
0,0,0.071909409321111,0
0,0,0.0859505881854812,0
0,0,0.0996495899598779,0
0,0,0.113001396465163,0
0,0,0.126000205431709,0
0,0,0.138645232769023,0
0,0,0.150933028478951,0
0,0,0.16286359256149,0
0,0,0.17443551365376,0
0,0,0.185650516754838,0
0,0,0.196509229137116,0
0,0,0.207014316708263,0
0,0,0.217168445375944,0
0,0,0.226974281047827,0
0,0,0.236436685084952,0
0,0,0.245558637031183,0
0,0,0.254343586884675,0
0,0,0.262798905096039,0
0,0,0.270924905301471,0
0,0,0.278728173861089,0
0,0,0.286212003954952,0
0,0,0.293380316035513,0
0,0,0.300236246464732,0
0,0,0.306782931604571,0
0,0,0.313023350998892,0
0,0,0.318958445556285,0
0,0,0.324590724366318,0
0,0,0.329918932884206,0
0,0,0.334946991562402,0
0,0,0.339670979948454,0
0,0,0.344091525314754,0
0,0,0.348208157207007,0
0,0,0.352014916537488,0
0,0,0.355512430578588,0
0,0,0.35869411297019,0
0,0,0.361560590984684,0
0,0,0.364104180535267,0
0,0,0.366321588441879,0
0,0,0.368211089705441,0
0,0,0.369762647967677,0
0,0,0.370977674591469,0
0,0,0.371845035491856,0
0,0,0.372364887486935,0
0,0,0.372530644216588,0
0,0,0.372335405684499,0
0,0,0.371779015072571,0
0,0,0.370851592840626,0
0,0,0.369554236715351,0
0,0,0.36787596942988,0
0,0,0.365819770528077,0
0,0,0.363376701378353,0
0,0,0.360544409709236,0
0,0,0.35732101370355,0
0,0,0.353699142910685,0
0,0,0.349680365511623,0
0,0,0.345256213329068,0
0,0,0.340428724998294,0
0,0,0.335193039158263,0
0,0,0.329545078538424,0
0,0,0.323486254501659,0
0,0,0.317010607960243,0
0,0,0.310119236640862,0
0,0,0.302806651910084,0
0,0,0.295075519675575,0
0,0,0.286921762666786,0
0,0,0.278344753611325,0
0,0,0.269345119781584,0
0,0,0.259920038451797,0
0,0,0.250072802802026,0
0,0,0.239799492379817,0
0,0,0.229106223090994,0
0,0,0.217990956300285,0
0,0,0.206456514733453,0
0,0,0.19450838702393,0
0,0,0.182145945899324,0
0,0,0.169379854990305,0
0,0,0.156210271114969,0
0,0,0.142648014722083,0
0,0,0.128700299444158,0
0,0,0.114375750276588,0
0,0,0.0996862853948248,0
0,0,0.0846425684295373,0
0,0,0.0692598107362374,0
0,0,0.053550087308476,0
0,0,0.0375328435904132,0
0,0,0.0212228204832663,0
0,0,0.00464056115788192,0
0,0,-0.0121919798520107,0
0,0,-0.0292558275565468,0
0,0,-0.0465243228790549,0
0,0,-0.063974256741022,0
0,0,-0.0815794405200716,0
0,0,-0.0993116469585521,0
0,0,-0.117143746525499,0
0,0,-0.135044375601299,0
0,0,-0.152985150110204,0
0,0,-0.170932197343031,0
0,0,-0.188856192315443,0
0,0,-0.206722948682062,0
0,0,-0.224499221006098,0
0,0,-0.242152234305057,0
0,0,-0.259647174961168,0
0,0,-0.276950640719544,0
0,0,-0.294028131598612,0
0,0,-0.310844520344404,0
0,0,-0.327367659246819,0
0,0,-0.343562891506183,0
0,0,-0.359396971685709,0
0,0,-0.37483869298388,0
0,0,-0.389853555419124,0
0,0,-0.404413174915691,0
0,0,-0.418483678764399,0
0,0,-0.432039191979068,0
0,0,-0.445049448666772,0
0,0,-0.457486692024153,0
0,0,-0.469325517519326,0
0,0,-0.480540677438502,0
0,0,-0.49110958997556,0
0,0,-0.501006693780516,0
0,0,-0.510215209316877,0
0,0,-0.518709575234659,0
0,0,-0.526477402904115,0
0,0,-0.533497835518201,0
0,0,-0.539754407176623,0
0,0,-0.545236767884908,0
0,0,-0.54992672674368,0
0,0,-0.553816756484232,0
0,0,-0.556892429841543,0
0,0,-0.559149826363161,0
0,0,-0.560577341509829,0
0,0,-0.561170270738605,0
0,0,-0.560925791323725,0
0,0,-0.559836219178383,0
0,0,-0.557905788391227,0
0,0,-0.555126501239255,0
0,0,-0.551507609990254,0
0,0,-0.547046448736556,0
0,0,-0.541747722021103,0
0,0,-0.535620525293583,0
0,0,-0.528667838097859,0
0,0,-0.520902049063679,0
0,0,-0.512329430914963,0
0,0,-0.502967704096794,0
0,0,-0.492826120876959,0
0,0,-0.481920990337653,0
0,0,-0.470271914741136,0
0,0,-0.45789253726194,0
0,0,-0.444808732886245,0
0,0,-0.431035712969563,0
0,0,-0.416603272950525,0
0,0,-0.401531485545684,0
0,0,-0.385847009831711,0
0,0,-0.369580111701531,0
0,0,-0.35275556841464,0
0,0,-0.335406782225923,0
0,0,-0.317561823574935,0
0,0,-0.29925676062423,0
0,0,-0.280521859266735,0
0,0,-0.261393971755492,0
0,0,-0.241908068526373,0
0,0,-0.222099433651439,0
0,0,-0.202008212563796,0
0,0,-0.18166859160882,0
0,0,-0.161121813946304,0
0,0,-0.140407397736958,0
0,0,-0.119563292960514,0
0,0,-0.0986302723224685,0
0,0,-0.0776491085283172,0
0,0,-0.0566602606473607,0
0,0,-0.0357035604765075,0
0,0,-0.014821192084136,0
0,0,0.00594873773192384,0
0,0,0.0265637312670981,0
0,0,0.046984897633066,0
0,0,0.0671717777605276,0
0,0,0.0870861080335559,0
0,0,0.106686958928556,0
0,0,0.125938262282973,0
0,0,0.144802695389469,0
0,0,0.163241053723528,0
0,0,0.181220405484556,0
0,0,0.198703584783313,0
0,0,0.215657032546812,0
0,0,0.232046562429677,0
0,0,0.247843319901863,0
0,0,0.26301500043517,0
0,0,0.277531965409064,0
0,0,0.291368967109756,0
0,0,0.304496994189105,0
0,0,0.316894719385775,0
0,0,0.328534542714506,0
0,0,0.339401252819785,0
0,0,0.349470699714513,0
0,0,0.358726887952685,0
0,0,0.367156331177869,0
0,0,0.374740995308787,0
0,0,0.381473196258634,0
0,0,0.387337252217604,0
0,0,0.392331438186618,0
0,0,0.396445717807401,0
0,0,0.399675856991303,0
0,0,0.402025305736484,0
0,0,0.403487320864726,0
0,0,0.404071311461913,0
0,0,0.403776336619457,0
0,0,0.402614941785202,0
0,0,0.400592772410678,0
0,0,0.397722373943732,0
0,0,0.394018957739875,0
0,0,0.389495696519344,0
0,0,0.384174074361574,0
0,0,0.378069773076371,0
0,0,0.371208510831818,0
0,0,0.363611144434957,0
0,0,0.355301353418595,0
0,0,0.346308305948973,0
0,0,0.336655367922701,0
0,0,0.326374059777491,0
0,0,0.315491511044307,0
0,0,0.304038614888467,0
0,0,0.292045166748604,0
0,0,0.279542059790036,0
0,0,0.266560971268572,0
0,0,0.253132480713334,0
0,0,0.239288735834425,0
0,0,0.225060472979066,0
0,0,0.210480153493554,0
0,0,0.195578356907014,0
0,0,0.180388015020037,0
0,0,0.164940020997943,0
0,0,0.149264797551756,0
0,0,0.133396217390657,0
0,0,0.117362507772297,0
0,0,0.101197541405859,0
0,0,0.0849300160032869,0
0,0,0.0685922360927831,0
0,0,0.0522122721139002,0
0,0,0.0358233695034276,0
0,0,0.0194521873380364,0
0,0,0.00313055969163267,0
0,0,-0.0131139134505235,0
0,0,-0.0292503389231145,0
0,0,-0.0452528417399597,0
0,0,-0.0610897446452499,0
0,0,-0.0767359567432961,0
0,0,-0.0921612121411711,0
0,0,-0.107339322216499,0
0,0,-0.122243000620216,0
0,0,-0.136844176912769,0
0,0,-0.151117603380371,0
0,0,-0.165038032309233,0
0,0,-0.178577706895998,0
0,0,-0.191715613515524,0
0,0,-0.204424936273046,0
0,0,-0.216683250180537,0
0,0,-0.22846860070427,0
0,0,-0.239760915127693,0
0,0,-0.250537298008489,0
0,0,-0.26078049935587,0
0,0,-0.270473112360952,0
0,0,-0.279596475670064,0
0,0,-0.288137102926775,0
0,0,-0.29607899868508,0
0,0,-0.303410715223823,0
0,0,-0.310120961639941,0
0,0,-0.316197506121787,0
0,0,-0.321634389581633,0
0,0,-0.326423771114577,0
0,0,-0.33056063254148,0
0,0,-0.334039328410813,0
0,0,-0.336860172358772,0
0,0,-0.339020028023394,0
0,0,-0.340521247676152,0
0,0,-0.341365242679927,0
0,0,-0.341555619850976,0
0,0,-0.341098495095122,0
0,0,-0.339999357045798,0
0,0,-0.338267771606986,0
0,0,-0.335912834228373,0
0,0,-0.332944581268235,0
0,0,-0.329377753627791,0
0,0,-0.32522285811961,0
0,0,-0.320498085643068,0
0,0,-0.315216138464108,0
0,0,-0.309398657480262,0
0,0,-0.303060540410848,0
0,0,-0.296224055425789,0
0,0,-0.288908804787343,0
0,0,-0.281136586211141,0
0,0,-0.272931549684286,0
0,0,-0.26431361110523,0
0,0,-0.255310840913528,0
0,0,-0.245946291369595,0
0,0,-0.236245680641511,0
0,0,-0.226237863259323,0
0,0,-0.215945577847248,0
0,0,-0.205400344842998,0
0,0,-0.194625843779379,0
0,0,-0.183654065548397,0
0,0,-0.172511512408624,0
0,0,-0.161227038890104,0
0,0,-0.149829029068587,0
0,0,-0.138346651110311,0
0,0,-0.126807975454831,0
0,0,-0.115242640722681,0
0,0,-0.103677462808628,0
0,0,-0.0921430212417955,0
0,0,-0.0806653478264623,0
0,0,-0.0692729834564751,0
0,0,-0.0579921167542106,0
0,0,-0.0468516022497125,0
0,0,-0.0358759035662787,0
0,0,-0.0250918365986783,0
0,0,-0.0145241786064045,0
0,0,-0.00419802048514828,0
0,0,0.00586389914087193,0
0,0,0.0156374302845543,0
0,0,0.0251029706836405,0
0,0,0.0342365271691276,0
0,0,0.0430205361140319,0
0,0,0.0514353952560958,0
0,0,0.0594640114226301,0
0,0,0.0670891346228484,0
0,0,0.0742968080460229,0
0,0,0.0810718203366414,0
0,0,0.0874022533192509,0
0,0,0.0932785410898702,0
0,0,0.0986873541101632,0
0,0,0.103622733292404,0
0,0,0.108077308185983,0
0,0,0.112042924249802,0
0,0,0.115517386030487,0
0,0,0.118495675348901,0
0,0,0.120977478568846,0
0,0,0.122959188874069,0
0,0,0.124444256262727,0
0,0,0.125432994371014,0
0,0,0.125927285016109,0
0,0,0.125933557740032,0
0,0,0.125455889813332,0
0,0,0.124501965322814,0
0,0,0.123077272901911,0
0,0,0.121194357998468,0
0,0,0.118859806972603,0
0,0,0.116087262998848,0
0,0,0.11288833061646,0
0,0,0.109275868909479,0
0,0,0.105265402869614,0
0,0,0.100871202943789,0
0,0,0.0961103623046928,0
0,0,0.091000444579308,0
0,0,0.085559483848912,0
0,0,0.079807552830057,0
0,0,0.0737633128764124,0
0,0,0.0674506003388837,0
0,0,0.0608877629349449,0
0,0,0.0540998915602851,0
0,0,0.0471092543848299,0
0,0,0.0399381195785045,0
0,0,0.0326128325817825,0
0,0,0.0251556615645898,0
0,0,0.0175931087854986,0
0,0,0.00994791286872854,0
0,0,0.00224704652714536,0
0,0,-0.0054851834340498,0
0,0,-0.0132254111182467,0
0,0,-0.0209468206306755,0
0,0,-0.028625261984235,0
0,0,-0.0362384670090005,0
0,0,-0.0437615016273801,0
0,0,-0.0511716272151536,0
0,0,-0.0584459483300047,0
0,0,-0.065563764982989,0
0,0,-0.0725032794584757,0
0,0,-0.0792445758580107,0
0,0,-0.085768679191728,0
0,0,-0.0920573985602531,0
0,0,-0.0980919157918179,0
0,0,-0.103858117257597,0
0,0,-0.109339223421097,0
0,0,-0.114522061562081,0
0,0,-0.119394556686998,0
0,0,-0.12394526107469,0
0,0,-0.128162883822096,0
0,0,-0.13204146584149,0
0,0,-0.135571754865086,0
0,0,-0.138748575895647,0
0,0,-0.141568322116919,0
0,0,-0.144026602622155,0
0,0,-0.146123887865651,0
0,0,-0.147856414213052,0
0,0,-0.149228415753005,0
0,0,-0.150239892485512,0
0,0,-0.150895078499219,0
0,0,-0.151198835155168,0
0,0,-0.151155866996298,0
0,0,-0.150773858109417,0
0,0,-0.15005955167274,0
0,0,-0.149024081771229,0
0,0,-0.147675132491691,0
0,0,-0.146023210646694,0
0,0,-0.144081645774576,0
0,0,-0.141861101506003,0
0,0,-0.139375534651703,0
0,0,-0.136637804295718,0
0,0,-0.133662651339266,0
0,0,-0.130465757592152,0
0,0,-0.127060452592713,0
0,0,-0.123463672695539,0
0,0,-0.119690472438043,0
0,0,-0.115757788174818,0
0,0,-0.111680047170884,0
0,0,-0.107475126689421,0
0,0,-0.103158238085941,0
0,0,-0.0987460040788388,0
0,0,-0.0942534792055282,0
0,0,-0.0896983839110906,0
0,0,-0.0850932636433709,0
0,0,-0.0804574070284303,0
0,0,-0.0758021049693306,0
0,0,-0.0711444506387592,0
0,0,-0.0664984008474452,0
0,0,-0.0618766578613303,0
0,0,-0.0572942762178297,0
0,0,-0.0527622331838071,0
0,0,-0.0482963673871674,0
0,0,-0.0439062447318924,0
0,0,-0.0396033129391399,0
0,0,-0.0354027833644225,0
0,0,-0.0313115560040554,0
0,0,-0.0273439013049621,0
0,0,-0.0235081306263394,0
0,0,-0.0198164757798367,0
0,0,-0.0162759935798672,0
0,0,-0.0128982885656869,0
0,0,-0.00969292664127774,0
0,0,-0.00666665098485686,0
0,0,-0.00383043886328838,0
0,0,-0.00119244481767133,0
0,0,0.00123933342899241,0
0,0,0.00345752542609445,0
0,0,0.0054531925420449,0
0,0,0.00722006205292147,0
0,0,0.00875201805289927,0
0,0,0.010039651456095,0
0,0,0.0110809236272338,0
0,0,0.0118681504795104,0
0,0,0.0123970979242771,0
0,0,0.0126621205100037,0
0,0,0.0126635318728863,0
0,0,0.0123944320166101,0
0,0,0.0118548209411751,0
0,0,0.0110440713741891,0
0,0,0.00995951740798495,0
0,0,0.00860570676740657,0
0,0,0.0069801303628847,0
0,0,0.00508890410024443,0
0,0,0.00293438025095583,0
0,0,0.000520008813177153,0
0,0,-0.00214448749101248,0
0,0,-0.00505565866345481,0
0,0,-0.00820346834587471,0
0,0,-0.0115791347247803,0
0,0,-0.0151726214418956,0
0,0,-0.0189715398674729,0
0,0,-0.0229649127346488,0
0,0,-0.0271395673231859,0
0,0,-0.0314804490956692,0
0,0,-0.0359751694223527,0
0,0,-0.0406071055848416,0
0,0,-0.0453615166819171,0
0,0,-0.0502202118142053,0
0,0,-0.0551689205347813,0
0,0,-0.0601875701270933,0
0,0,-0.0652601651451394,0
0,0,-0.0703688283257398,0
0,0,-0.0754941142247345,0
0,0,-0.0806186160332394,0
0,0,-0.0857241428518786,0
0,0,-0.0907907787821977,0
0,0,-0.0958022147419992,0
0,0,-0.100737437106142,0
0,0,-0.105580920882917,0
0,0,-0.110312750173872,0
0,0,-0.1149172431692,0
0,0,-0.119375111242838,0
0,0,-0.123670672584982,0
0,0,-0.127787147659137,0
0,0,-0.131708227383106,0
0,0,-0.135420739036651,0
0,0,-0.138906178084201,0
0,0,-0.142153880895086,0
0,0,-0.145150047476679,0
0,0,-0.147880564200153,0
0,0,-0.150335394707233,0
0,0,-0.15250293445866,0
0,0,-0.15437393118665,0
0,0,-0.155937721260535,0
0,0,-0.157188816046883,0
0,0,-0.1581184337322,0
0,0,-0.158722340227841,0
0,0,-0.158995203718471,0
0,0,-0.158933260569736,0
0,0,-0.158535099418754,0
0,0,-0.157797270267367,0
0,0,-0.156723066295635,0
0,0,-0.155311389776872,0
0,0,-0.153565377073037,0
0,0,-0.151489889545173,0
0,0,-0.149087279464749,0
0,0,-0.146366171827158,0
0,0,-0.143330643902951,0
0,0,-0.139991045686601,0
0,0,-0.136355061264911,0
0,0,-0.132432570178059,0
0,0,-0.128235020147205,0
0,0,-0.123773858893507,0
0,0,-0.119061004592418,0
0,0,-0.114109316327979,0
0,0,-0.108933691819506,0
0,0,-0.103546049242451,0
0,0,-0.0979641090418966,0
0,0,-0.0922013575742753,0
0,0,-0.0862739471036873,0
0,0,-0.080197873076136,0
0,0,-0.0739905423005058,0
0,0,-0.0676673229504071,0
0,0,-0.0612473468338037,0
0,0,-0.0547459821243049,0
0,0,-0.0481807924488953,0
0,0,-0.0415705959793409,0
0,0,-0.0349315449797433,0
0,0,-0.0282824576218694,0
0,0,-0.0216402702603101,0
0,0,-0.015022703340147,0
0,0,-0.00844747730646089,0
0,0,-0.00193168533194055,0
0,0,0.00450804986501896,0
0,0,0.0108544782936308,0
0,0,0.0170903499631083,0
0,0,0.0232012376084298,0
0,0,0.0291706753292984,0
0,0,0.0349820404073193,0
0,0,0.0406226305765496,0
0,0,0.0460751958462022,0
0,0,0.0513273475865301,0
0,0,0.0563635608058255,0
0,0,0.0611719173286349,0
0,0,0.0657365785270547,0
0,0,0.0700465671342199,0
0,0,0.0740890240660892,0
0,0,0.0778507766024261,0
0,0,0.0813227292935423,0
0,0,0.0844923366915928,0
0,0,0.0873501897106941,0
0,0,0.089886722446864,0
0,0,0.0920939371771017,0
0,0,0.0939638361784056,0
0,0,0.0954893626363631,0
0,0,0.0966672233709149,0
0,0,0.0974897342952554,0
0,0,0.0979565817731893,0
0,0,0.098062747625578,0
0,0,0.0978107409419906,0
0,0,0.0971982094509563,0
0,0,0.0962275054239459,0
0,0,0.0949030197677052,0
0,0,0.0932261638451171,0
0,0,0.0912049353791824,0
0,0,0.0888440389128429,0
0,0,0.086151628987198,0
0,0,0.08313727150623,0
0,0,0.0798095914653316,0
0,0,0.0761800365856622,0
0,0,0.0722597409521839,0
0,0,0.0680625045575258,0
0,0,0.063598677396161,0
0,0,0.0588848821864834,0
0,0,0.0539339780125343,0
0,0,0.0487616466841203,0
0,0,0.0433823154662634,0
0,0,0.0378127638954557,0
0,0,0.0320685169634056,0
0,0,0.0261666678428023,0
0,0,0.0201232119796479,0
0,0,0.0139552425466316,0
0,0,0.00768095044312855,0
0,0,0.00131539020655258,0
0,0,-0.00512230635513167,0
0,0,-0.0116170847045116,0
0,0,-0.0181513812146035,0
0,0,-0.0247073186222274,0
0,0,-0.031270469662363,0
0,0,-0.0378218593451435,0
0,0,-0.0443486285865279,0
0,0,-0.0508339978500238,0
0,0,-0.0572632262344135,0
0,0,-0.0636211023841842,0
0,0,-0.0698966490324717,0
0,0,-0.0760734002789795,0
0,0,-0.0821414765835297,0
0,0,-0.0880886461344732,0
0,0,-0.0939023634839651,0
0,0,-0.0995743172728081,0
0,0,-0.105095255233216,0
0,0,-0.110454043280227,0
0,0,-0.115644408689918,0
0,0,-0.120658353739289,0
0,0,-0.125488821613925,0
0,0,-0.130131264588984,0
0,0,-0.13457878266815,0
0,0,-0.138826984944679,0
0,0,-0.142873048692804,0
0,0,-0.146711171642897,0
0,0,-0.150339942432076,0
0,0,-0.153756851970772,0
0,0,-0.156958450260828,0
0,0,-0.159945364574635,0
0,0,-0.162714772186429,0
0,0,-0.165266202641915,0
0,0,-0.16760075366778,0
0,0,-0.169717170719239,0
0,0,-0.171616865159175,0
0,0,-0.173299052897097,0
0,0,-0.174767027113065,0
0,0,-0.176020317352785,0
0,0,-0.17706111906963,0
0,0,-0.177891470898873,0
0,0,-0.17851356829389,0
0,0,-0.178930233980443,0
0,0,-0.179143192957613,0
0,0,-0.179157306586439,0
0,0,-0.178973358957411,0
0,0,-0.178595584159177,0
0,0,-0.17802852991658,0
0,0,-0.177273293956309,0
0,0,-0.176336149002284,0
0,0,-0.175218976871683,0
0,0,-0.173926795743643,0
0,0,-0.172463839706813,0
0,0,-0.170834029213644,0
0,0,-0.169042696079469,0
0,0,-0.167094074392937,0
0,0,-0.164993339151285,0
0,0,-0.162745978987943,0
0,0,-0.160358109808737,0
0,0,-0.157836161155687,0
0,0,-0.155185778480323,0
0,0,-0.152415116323745,0
0,0,-0.149530761046071,0
0,0,-0.146540083097911,0
0,0,-0.143451707474656,0
0,0,-0.140274259171703,0
0,0,-0.137016206366344,0
0,0,-0.133685860417779,0
0,0,-0.130291375867106,0
0,0,-0.12684451407168,0
0,0,-0.123352331845914,0
0,0,-0.119824708729985,0
0,0,-0.116271053809778,0
0,0,-0.11270124662547,0
0,0,-0.109122657627671,0
0,0,-0.105545009538461,0
0,0,-0.101976927353232,0
0,0,-0.0984262519768883,0
0,0,-0.0948989424971557,0
0,0,-0.0914040943637227,0
0,0,-0.0879489212090991,0
0,0,-0.0845375003038351,0
0,0,-0.0811782998252263,0
0,0,-0.0778761811343125,0
0,0,-0.0746360055921333,0
0,0,-0.0714632618321215,0
0,0,-0.0683624975791205,0
0,0,-0.0653370060131901,0
0,0,-0.0623911780410754,0
0,0,-0.0595289341152283,0
0,0,-0.0567516855985314,0
0,0,-0.0540649211244173,0
0,0,-0.0514689543290815,0
0,0,-0.0489672352106816,0
0,0,-0.0465611751320998,0
0,0,-0.044253596819102,0
0,0,-0.0420459116345701,0
0,0,-0.0399385900327984,0
0,0,-0.0379339842852585,0
0,0,-0.0360320943919497,0
0,0,-0.0342338612614606,0
0,0,-0.0325395985299872,0
0,0,-0.0309489925613337,0
0,0,-0.0294629842640882,0
0,0,-0.0280793781848779,0
0,0,-0.0267973902332121,0
0,0,-0.0256152954100127,0
0,0,-0.0245316823523968,0
0,0,-0.0235431010622073,0
0,0,-0.0226476697222676,0
0,0,-0.0218408406077328,0
0,0,-0.0211194773566428,0
0,0,-0.0204802867889381,0
0,0,-0.0199185643616759,0
0,0,-0.0194280373509346,0
0,0,-0.0190065103033412,0
0,0,-0.0186473968587765,0
0,0,-0.0183461492923974,0
0,0,-0.0180975926069677,0
0,0,-0.0178956108966627,0
0,0,-0.0177359700728342,0
0,0,-0.0176123974115605,0
0,0,-0.0175203451879975,0
0,0,-0.0174533838601248,0
0,0,-0.0174072793392943,0
0,0,-0.0173759157196812,0
0,0,-0.0173549020945409,0
0,0,-0.0173384361942446,0
0,0,-0.0173210293853595,0
0,0,-0.0172995453059246,0
0,0,-0.0172675544139197,0
0,0,-0.0172217635292855,0
0,0,-0.0171590362900604,0
0,0,-0.0170730999723215,0
0,0,-0.0169627000312853,0
0,0,-0.0168248569230878,0
0,0,-0.0166556501952776,0
0,0,-0.0164536684849725,0
0,0,-0.0162176572473879,0
0,0,-0.0159455778472485,0
0,0,-0.0156357052854755,0
0,0,-0.0152892941068541,0
0,0,-0.0149046193123056,0
0,0,-0.0144807399932411,0
0,0,-0.0140195379668376,0
0,0,-0.0135203859607029,0
0,0,-0.0129834407929351,0
0,0,-0.0124094865540243,0
0,0,-0.0117986800620687,0
0,0,-0.0111525894980489,0
0,0,-0.0104709012257689,0
0,0,-0.00975455615381693,0
0,0,-0.00900559291746728,0
0,0,-0.00822369788052502,0
0,0,-0.00740996876967615,0
0,0,-0.0065664442201947,0
0,0,-0.00569249695968899,0
0,0,-0.00479032244153244,0
0,0,-0.00386070475621447,0
0,0,-0.00290380072183383,0
0,0,-0.00192164897366487,0
0,0,-0.000913935875511362,0
0,0,0.000119181754527631,0
0,0,0.00117597891737509,0
0,0,0.00225661243112762,0
0,0,0.0033609254776874,0
0,0,0.00448766351227037,0
0,0,0.00563745380726899,0
0,0,0.00680966909029035,0
0,0,0.00800305481655017,0
0,0,0.00921839507653921,0
0,0,0.0104539648711779,0
0,0,0.0117089801099763,0
0,0,0.0129828135205428,0
0,0,0.0142732696495038,0
0,0,0.0155794075882709,0
0,0,0.016897463702491,0
0,0,0.0182275948102619,0
0,0,0.0195646259143476,0
0,0,0.0209049501984926,0
0,0,0.022246999481716,0
0,0,0.0235843442219978,0
0,0,0.0249136912392787,0
0,0,0.0262286109915371,0
0,0,0.0275247125720284,0
0,0,0.0287947823482413,0
0,0,0.030032390778155,0
0,0,0.0312303242292586,0
0,0,0.0323808986147471,0
0,0,0.0334751753030313,0
0,0,0.0345067247520903,0
0,0,0.0354650401493535,0
0,0,0.0363408692270357,0
0,0,0.0371259006259392,0
0,0,0.0378094707153964,0
0,0,0.0383826408638168,0
0,0,0.0388347474405324,0
0,0,0.0391554404510714,0
0,0,0.0393364085362362,0
0,0,0.0393674585196526,0
0,0,0.0392376131344567,0
0,0,0.0389390314757443,0
0,0,0.0384621476395346,0
0,0,0.0377975525399434,0
0,0,0.036938189362558,0
0,0,0.0358752762938863,0
0,0,0.0346020701557126,0
0,0,0.0331110436793289,0
0,0,0.0313956105046169,0
0,0,0.0294513797248313,0
0,0,0.0272706672531664,0
0,0,0.0248515912724456,0
0,0,0.022189447239727,0
0,0,0.019280001066363,0
0,0,0.0161237232066478,0
0,0,0.0127165363900315,0
0,0,0.00905985197939718,0
0,0,0.00515131770327359,0
0,0,0.000996265376994376,0
0,0,-0.00340640272612558,0
0,0,-0.00805213888124423,0
0,0,-0.0129356112730258,0
0,0,-0.0180524289947254,0
0,0,-0.0233953784138321,0
0,0,-0.0289575595340307,0
0,0,-0.0347287791789477,0
0,0,-0.0407002555350909,0
0,0,-0.0468605408813023,0
0,0,-0.053197403405932,0
0,0,-0.0596982976611368,0
0,0,-0.0663489531999912,0
0,0,-0.0731350995755722,0
0,0,-0.0800410549780728,0
0,0,-0.0870490989624132,0
0,0,-0.0941440201730801,0
0,0,-0.101305745893522,0
0,0,-0.108518437495835,0
0,0,-0.115760454082485,0
0,0,-0.123014388844588,0
0,0,-0.130259698611297,0
0,0,-0.137477094756552,0
0,0,-0.144646347745701,0
0,0,-0.151748012134584,0
0,0,-0.158762956115239,0
0,0,-0.165671263789212,0
0,0,-0.172453803348537,0
0,0,-0.179093011166233,0
0,0,-0.185570225888629,0
0,0,-0.191867256616352,0
0,0,-0.197969676084378,0
0,0,-0.20385788203045,0
0,0,-0.20951870173433,0
0,0,-0.214937394294801,0
0,0,-0.220098434720155,0
0,0,-0.224991473015918,0
0,0,-0.229601141008482,0
0,0,-0.233917715975766,0
0,0,-0.237929436560415,0
0,0,-0.241627834585134,0
0,0,-0.245001148692569,0
0,0,-0.24804436070358,0
0,0,-0.250748218350384,0
0,0,-0.253105821636664,0
0,0,-0.255113406928067,0
0,0,-0.256764231046377,0
0,0,-0.258055157629632,0
0,0,-0.258981795771086,0
0,0,-0.259542890925956,0
0,0,-0.259735777186574,0
0,0,-0.259560454552939,0
0,0,-0.259016452570758,0
0,0,-0.258102987149541,0
0,0,-0.256824919650327,0
0,0,-0.255179427347352,0
0,0,-0.253174351145517,0
0,0,-0.250810161499119,0
0,0,-0.248092190223489,0
0,0,-0.245025769133964,0
0,0,-0.241614975501092,0
0,0,-0.237868747956465,0
0,0,-0.233791320588727,0
0,0,-0.229392572938058,0
0,0,-0.224678934546478,0
0,0,-0.219662009953245,0
0,0,-0.21434807188228,0
0,0,-0.208748568054742,0
0,0,-0.202875573464182,0
0,0,-0.196737085833602,0
0,0,-0.190348159700415,0
0,0,-0.18371773369621,0
0,0,-0.176860548722207,0
0,0,-0.169788993408151,0
0,0,-0.162515299565693,0
0,0,-0.155054678550342,0
0,0,-0.147419675809946,0
0,0,-0.139626129972408,0
0,0,-0.131686900121769,0
0,0,-0.123617668067837,0
0,0,-0.115434115620416,0
0,0,-0.107149415499744,0
0,0,-0.098780817696609,0
0,0,-0.0903429062941299,0
0,0,-0.0818515199202111,0
0,0,-0.0733223403846591,0
0,0,-0.0647710494972804,0
0,0,-0.0562136427040771,0
0,0,-0.047665801814856,0
0,0,-0.0391421109127364,0
0,0,-0.0306595063523092,0
0,0,-0.0222327290347925,0
0,0,-0.0138777744061889,0
0,0,-0.00560812882293116,0
0,0,0.00255895772419312,0
0,0,0.0106101556968488,0
0,0,0.0185297832852291,0
0,0,0.0263032564062153,0
0,0,0.0339170887033728,0
0,0,0.0413541870040137,0
0,0,0.0486027899507824,0
0,0,0.0556472157338732,0
0,0,0.0624736643606565,0
0,0,0.0690688062927967,0
0,0,0.0754189983557623,0
0,0,0.0815105973750216,0
0,0,0.0873302738122401,0
0,0,0.0928673640367488,0
0,0,0.09810791123782,0
0,0,0.103041408602884,0
0,0,0.107658447046057,0
0,0,0.111946794755689,0
0,0,0.115899394917369,0
0,0,0.119505270264231,0
0,0,0.12276081398002,0
0,0,0.125657557887441,0
0,0,0.128190483807355,0
0,0,0.130357709922587,0
0,0,0.132153433963507,0
0,0,0.133580949110175,0
0,0,0.134636178092041,0
0,0,0.135322884543459,0
0,0,0.135642323009214,0
0,0,0.135599354850344,0
0,0,0.135199155064088,0
0,0,0.13444768273817,0
0,0,0.133354033322278,0
0,0,0.131926361357511,0
0,0,0.130176428201226,0
0,0,0.128115211120285,0
0,0,0.12575635328922,0
0,0,0.123114281973054,0
0,0,0.120203738073004,0
0,0,0.117041344307464,0
0,0,0.113644193849123,0
0,0,0.110030791233555,0
0,0,0.106219954632524,0
0,0,0.102229561309212,0
0,0,0.098080781706855,0
0,0,0.0937922771791246,0
0,0,0.089384120442572,0
0,0,0.0848771683042395,0
0,0,0.0802908662082871,0
0,0,0.0756449732350712,0
0,0,0.0709611302821236,0
0,0,0.0662572146126239,0
0,0,0.0615539262155165,0
0,0,0.0568686718996867,0
0,0,0.0522215243816859,0
0,0,0.0476292631980071,0
0,0,0.0431088247032412,0
0,0,0.0386777725243717,0
0,0,0.0343513180169097,0
0,0,0.03014451571827,0
0,0,0.0260706951667877,0
0,0,0.0221464790808577,0
0,0,0.0183798651834812,0
0,0,0.0147857511939737,0
0,0,0.0113743302887102,0
0,0,0.00815328655449465,0
0,0,0.00513344044009445,0
0,0,0.00232059421513719,0
0,0,-0.000278038487866117,0
0,0,-0.00265853721646292,0
0,0,-0.0048169815182032,0
0,0,-0.00675007821302642,0
0,0,-0.00845798411903131,0
0,0,-0.00994038560002153,0
0,0,-0.011198066746487,0
0,0,-0.0122332230118013,0
0,0,-0.0130507157570042,0
0,0,-0.0136543086164488,0
0,0,-0.0140515288588425,0
0,0,-0.0142486492081081,0
0,0,-0.014253510569148,0
0,0,-0.0140775606631209,0
0,0,-0.0137284835768325,0
0,0,-0.013218824758128,0
0,0,-0.0125611296548512,0
0,0,-0.0117673164424562,0
0,0,-0.0108519692040622,0
0,0,-0.00982935838659305,0
0,0,-0.008715479436051,0
0,0,-0.0075277391613211,0
0,0,-0.00628072164552362,0
0,0,-0.00499544051379908,0
0,0,-0.00368789121214896,0
0,0,-0.00237830327522426,0
0,0,-0.00108612214718506,0
0,0,0.000169520364006415,0
0,0,0.00136761063320789,0
0,0,0.00248807594386857,0
0,0,0.00350958903465126,0
0,0,0.00441411582427897,0
0,0,0.00517891768853262,0
0,0,0.00578486281944834,0
0,0,0.00621376031765042,0
0,0,0.00644412610370515,0
0,0,0.0064599647316097,0
0,0,0.00624230121149827,0
0,0,0.00577498327927017,0
0,0,0.00504279957941378,0
0,0,0.00403100921071098,0
0,0,0.00272628263482622,0
0,0,0.00111670167630695,0
0,0,-0.000805888205946292,0
0,0,-0.00305513018646486,0
0,0,-0.00563165153764089,0
0,0,-0.00854595907204492,0
0,0,-0.0117999346068534,0
0,0,-0.0153942054144586,0
0,0,-0.0193311237663317,0
0,0,-0.0236067692100211,0
0,0,-0.0282194167464479,0
0,0,-0.0331618527431015,0
0,0,-0.0384284317484516,0
0,0,-0.044009744676614,0
0,0,-0.0498935597159396,0
0,0,-0.0560715655072319,0
0,0,-0.0625257279692136,0
0,0,-0.0692445993807255,0
0,0,-0.0762101456604906,0
0,0,-0.0834048031815257,0
0,0,-0.090811008316848,0
0,0,-0.0984068065327285,0
0,0,-0.106174634202184,0
0,0,-0.114088773157133,0
0,0,-0.122130248407708,0
0,0,-0.130273341785829,0
0,0,-0.138495785121569,0
0,0,-0.14677248751924,0
0,0,-0.155080083082228,0
0,0,-0.163393480914845,0
0,0,-0.171687746939499,0
0,0,-0.1799376334424,0
0,0,-0.188120088163135,0
0,0,-0.19620939293362,0
0,0,-0.204181240948655,0
0,0,-0.212013364038317,0
0,0,-0.219681141761208,0
0,0,-0.227163090037895,0
0,0,-0.234435842971766,0
0,0,-0.241481523299641,0
0,0,-0.248277235579204,0
0,0,-0.254805573001569,0
0,0,-0.261049442394048,0
0,0,-0.266989084676284,0
0,0,-0.272612895309022,0
0,0,-0.277901742484297,0
0,0,-0.282845746661931,0
0,0,-0.287430637395,0
0,0,-0.291646221507132,0
0,0,-0.295483560366735,0
0,0,-0.298931676706946,0
0,0,-0.301985865984822,0
0,0,-0.304636875932578,0
0,0,-0.306882824733037,0
0,0,-0.308719321479454,0
0,0,-0.310141818446983,0
0,0,-0.311151570180412,0
0,0,-0.311746538044463,0
0,0,-0.31192813340202,0
0,0,-0.311697140343573,0
0,0,-0.311058263412064,0
0,0,-0.310013227606572,0
0,0,-0.308567051106234,0
0,0,-0.30672632027117,0
0,0,-0.304494798735732,0
0,0,-0.3018823660401,0
0,0,-0.298891844910037,0
0,0,-0.295536251247684,0
0,0,-0.29182123050457,0
0,0,-0.287755564494187,0
0,0,-0.2833502304834,0
0,0,-0.278612755740915,0
0,0,-0.273555372078381,0
0,0,-0.268185920400702,0
0,0,-0.262516005247134,0
0,0,-0.256554408431168,0
0,0,-0.250312734492062,0
0,0,-0.243800235697601,0
0,0,-0.23702788931465,0
0,0,-0.230004633974798,0
0,0,-0.222743171943988,0
0,0,-0.215251657763319,0
0,0,-0.207541695972049,0
0,0,-0.199623636564649,0
0,0,-0.191507359081297,0
0,0,-0.183204154425054,0
0,0,-0.174724843044686,0
0,0,-0.166078834026078,0
0,0,-0.157278829635171,0
0,0,-0.148332827594967,0
0,0,-0.139254627898097,0
0,0,-0.130053482812345,0
0,0,-0.120740526422673,0
0,0,-0.111325638269261,0
0,0,-0.101820579709463,0
0,0,-0.0922353871015549,0
0,0,-0.0825808808943023,0
0,0,-0.0728681951726685,0
0,0,-0.0631068958406356,0
0,0,-0.0533096851641454,0
0,0,-0.0434845608662008,0
0,0,-0.0336464206661164,0
0,0,-0.0238024781964039,0
0,0,-0.0139663766315942,0
0,0,-0.00414815232996424,0
0,0,0.0056394924425438,0
0,0,0.0153849531466725,0
0,0,0.0250774093336561,0
0,0,0.0347018064660807,0
0,0,0.0442493627304539,0
0,0,0.0537029849540875,0
0,0,0.063054048141588,0
0,0,0.0722868704831487,0
0,0,0.0813878088042386,0
0,0,0.0903451017475023,0
0,0,0.0991432243212325,0
0,0,0.107769787895681,0
0,0,0.116208797024847,0
0,0,0.124450215350453,0
0,0,0.132477420154105,0
0,0,0.140278179624154,0
0,0,0.147839948312755,0
0,0,0.15514798531869,0
0,0,0.1621908429208,0
0,0,0.168954877944554,0
0,0,0.175429426759283,0
0,0,0.181601630280948,0
0,0,0.18746066806078,0
0,0,0.192996660558602,0
0,0,0.198197846417059,0
0,0,0.203057639276033,0
0,0,0.207563807323876,0
0,0,0.211711646017644,0
0,0,0.21549284399814,0
0,0,0.21889971717856,0
0,0,0.221929442833138,0
0,0,0.224574493693168,0
0,0,0.22683236066908,0
0,0,0.22869771194554,0
0,0,0.230170861158745,0
0,0,0.231246790129555,0
0,0,0.231925969312266,0
0,0,0.23220824188878,0
0,0,0.232091726041919,0
0,0,0.231580028587939,0
0,0,0.23067236543635,0
0,0,0.229373441130094,0
0,0,0.227685764758739,0
0,0,0.22561309995664,0
0,0,0.223162503538209,0
0,0,0.22033679822921,0
0,0,0.217146961296509,0
0,0,0.213595188193479,0
0,0,0.209695435730847,0
0,0,0.205453506178241,0
0,0,0.200879749530134,0
0,0,0.19598671123437,0
0,0,0.19078332992254,0
0,0,0.185284973768253,0
0,0,0.179500895039295,0
0,0,0.173447402817865,0
0,0,0.167137042551807,0
0,0,0.160584398324242,0
0,0,0.153806876944054,0
0,0,0.146816082950501,0
0,0,0.139632716332526,0
0,0,0.132268224811289,0
0,0,0.12474189701285,0
0,0,0.117071139746096,0
0,0,0.109269909821752,0
0,0,0.101357652683981,0
0,0,0.0933489524159004,0
0,0,0.0852626271892787,0
0,0,0.077111849724353,0
0,0,0.0689152813747931,0
0,0,0.0606876630418163,0
0,0,0.0524446765352296,0
0,0,0.04420027866576,0
0,0,0.0359710921518031,0
0,0,0.0277688783507126,0
0,0,0.0196083781637071,0
0,0,0.0115026074929254,0
0,0,0.00346270042333008,0
0,0,-0.0044998953239197,0
0,0,-0.0123735752095677,0
0,0,-0.0201497142382211,0
0,0,-0.0278193737782889,0
0,0,-0.0353736151981828,0
0,0,-0.0428058521377837,0
0,0,-0.0501079300559921,0
0,0,-0.0572757716822581,0
0,0,-0.0643021633840718,0
0,0,-0.0711827142546868,0
0,0,-0.0779138174778473,0
0,0,-0.0844902980563181,0
0,0,-0.0909109014453143,0
0,0,-0.0971724912828739,0
0,0,-0.103275067568998,0
0,0,-0.109215650759823,0
0,0,-0.114995652218231,0
0,0,-0.12061616967091,0
0,0,-0.126075164482583,0
0,0,-0.131376870741899,0
0,0,-0.136521131630759,0
0,0,-0.14151233805591,0
0,0,-0.14635064683545,0
0,0,-0.151039194331339,0
0,0,-0.155581744177932,0
0,0,-0.159979707738111,0
0,0,-0.164237632736719,0
0,0,-0.168355675991855,0
0,0,-0.172338855682656,0
0,0,-0.17618748544532,0
0,0,-0.179905015278003,0
0,0,-0.183494111088373,0
0,0,-0.186954459240232,0
0,0,-0.190288882459347,0
0,0,-0.193497380745717,0
0,0,-0.196582306370814,0
0,0,-0.199541150245068,0
0,0,-0.202375166913264,0
0,0,-0.205083258648714,0
0,0,-0.207663386816146,0
0,0,-0.210113983234577,0
0,0,-0.212431441087753,0
0,0,-0.214615289921379,0
0,0,-0.216659100193435,0
0,0,-0.21856051963245,0
0,0,-0.220314373241187,0
0,0,-0.221916426930999,0
0,0,-0.223359310251278,0
0,0,-0.224639730021962,0
0,0,-0.225751256701034,0
0,0,-0.226687774382666,0
0,0,-0.227443010342938,0
0,0,-0.228012260038907,0
0,0,-0.228389721200944,0
0,0,-0.228568493832736,0
0,0,-0.228544657481831,0
0,0,-0.228313664423384,0
0,0,-0.227869241933473,0
0,0,-0.22720888092253,0
0,0,-0.226327720029513,0
0,0,-0.225223720619149,0
0,0,-0.223893275875182,0
0,0,-0.222334817616632,0
0,0,-0.220547091298713,0
0,0,-0.218530881011916,0
0,0,-0.216283991302869,0
0,0,-0.213810969896414,0
0,0,-0.211112130428749,0
0,0,-0.208191550170422,0
0,0,-0.205054247300572,0
0,0,-0.20170665136122,0
0,0,-0.198153623713406,0
0,0,-0.194405200715404,0
0,0,-0.190470164180708,0
0,0,-0.18635713910471,0
0,0,-0.182080552752432,0
0,0,-0.177650755118347,0
0,0,-0.173080605286495,0
0,0,-0.168386255520977,0
0,0,-0.163581662632521,0
0,0,-0.158683135703325,0
0,0,-0.153707454269882,0
0,0,-0.148672966049666,0
0,0,-0.143595352852482,0
0,0,-0.138493746486295,0
0,0,-0.133388219667656,0
0,0,-0.128295081478763,0
0,0,-0.123236286453347,0
0,0,-0.118228614127899,0
0,0,-0.113291980400874,0
0,0,-0.108446144352627,0
0,0,-0.103707885519652,0
0,0,-0.0990969629823036,0
0,0,-0.094631254003762,0
0,0,-0.0903273813024214,0
0,0,-0.0862014971423823,0
0,0,-0.0822703810601374,0
0,0,-0.0785489307750032,0
0,0,-0.0750490644624315,0
0,0,-0.0717859934779355,0
0,0,-0.0687702246340846,0
0,0,-0.0660114806529591,0
0,0,-0.0635202683471295,0
0,0,-0.061303017258616,0
0,0,-0.0593663137475369,0
0,0,-0.0577164305378154,0
0,0,-0.0563547789923341,0
0,0,-0.055284965927348,0
0,0,-0.054506677706661,0
0,0,-0.0540208552388615,0
0,0,-0.0538234212533999,0
0,0,-0.0539132780235905,0
0,0,-0.0542838391893133,0
0,0,-0.0549296161171368,0
0,0,-0.0558433951745502,0
0,0,-0.0570149831851797,0
0,0,-0.0584357551536308,0
0,0,-0.0600928519958633,0
0,0,-0.0619738850821296,0
0,0,-0.0640639566931143,0
0,0,-0.0663494236542853,0
0,0,-0.0688125655205617,0
0,0,-0.0714351913925683,0
0,0,-0.0742006785519101,0
0,0,-0.0770870724648592,0
0,0,-0.0800760254139411,0
0,0,-0.0831449555930349,0
0,0,-0.0862714380141185,0
0,0,-0.0894327340529717,0
0,0,-0.0926062619034735,0
0,0,-0.0957663033975427,0
0,0,-0.0988890221842722,0
0,0,-0.101949484186071,0
0,0,-0.104921971234856,0
0,0,-0.10778123561684,0
0,0,-0.110502186436332,0
0,0,-0.113058635070956,0
0,0,-0.115426274715512,0
0,0,-0.117580798564801,0
0,0,-0.119496331632641,0
0,0,-0.1211512330215,0
0,0,-0.122520255017591,0
0,0,-0.123584108994851,0
0,0,-0.124320213147159,0
0,0,-0.124708181121767,0
0,0,-0.124733272017457,0
0,0,-0.124372904028108,0
0,0,-0.123616413523052,0
0,0,-0.122445139148619,0
0,0,-0.12085092636371,0
0,0,-0.118820288811891,0
0,0,-0.116344287861574,0
0,0,-0.113416964425031,0
0,0,-0.110030477597359,0
0,0,-0.106184827378558,0
0,0,-0.101874054680903,0
0,0,-0.0971030208654324,0
0,0,-0.0918714122959502,0
0,0,-0.0861826789706149,0
0,0,-0.0800473277019956,0
0,0,-0.0734697493968384,0
0,0,-0.0664637440477732,0
0,0,-0.0590396616492718,0
0,0,-0.0512138112835325,0
0,0,-0.0430003065793818,0
0,0,-0.0344182793447829,0
0,0,-0.0254899977496602,0
0,0,-0.0162320845124095,0
0,0,-0.00667292370877914,0
0,0,0.00316709830848172,0
0,0,0.0132588133731337,0
0,0,0.0235766601351928,0
0,0,0.0340906863379289,0
0,0,0.0447726647236903,0
0,0,0.0555902907642765,0
0,0,0.066513612202957,0
0,0,0.0775071881495699,0
0,0,0.0885402822568948,0
0,0,0.0995785513614553,0
0,0,0.110585613664502,0
0,0,0.121529791910225,0
0,0,0.132372352028403,0
0,0,0.14308224403562,0
0,0,0.153620420225457,0
0,0,0.163954732887813,0
0,0,0.174049427496328,0
0,0,0.183869847251332,0
0,0,0.193383530806523,0
0,0,0.202555821362232,0
0,0,0.211356766661727,0
0,0,0.219752807632023,0
0,0,0.227716187469764,0
0,0,0.235217738008708,0
0,0,0.242227036537833,0
0,0,0.248723383068193,0
0,0,0.254676668524961,0
0,0,0.260067917918271,0
0,0,0.26487313807912,0
0,0,0.269074922198621,0
0,0,0.272652883924028,0
0,0,0.27559243917222,0
0,0,0.277879160678176,0
0,0,0.279498464358775,0
0,0,0.280443450217703,0
0,0,0.280700004626134,0
0,0,0.28026718667548,0
0,0,0.279135900916053,0
0,0,0.27730395189448,0
0,0,0.274772437337448,0
0,0,0.271537279974407,0
0,0,0.267606007074064,0
0,0,0.262979089090714,0
0,0,0.257665307837847,0
0,0,0.251669367858406,0
0,0,0.245004441872628,0
0,0,0.237677900331121,0
0,0,0.229704170498909,0
0,0,0.221097679641012,0
0,0,0.21187222775006,0
0,0,0.202048985269292,0
0,0,0.191641281737043,0
0,0,0.18067358077661,0
0,0,0.169165171014056,0
0,0,0.157138634255502,0
0,0,0.144618277306147,0
0,0,0.131629191061682,0
0,0,0.118198505053071,0
0,0,0.104351780630299,0
0,0,0.0901199109586837,0
0,0,0.0755314369320734,0
0,0,0.0606164676252958,0
0,0,0.0454079348389438,0
0,0,0.0299373590107286,0
0,0,0.0142386128498317,0
0,0,-0.0016547445707612,0
0,0,-0.0177082132694769,0
0,0,-0.0338855682656627,0
0,0,-0.0501516823053515,0
0,0,-0.0664706440440879,0
0,0,-0.0828070125917093,0
0,0,-0.0991220538779939,0
0,0,-0.11538111110327,0
0,0,-0.131548743377376,0
0,0,-0.147586530266285,0
0,0,-0.163460755878914,0
0,0,-0.17913692023369,0
0,0,-0.19457801425947,0
0,0,-0.209753301609032,0
0,0,-0.224626400483627,0
0,0,-0.239167672262721,0
0,0,-0.253344185145719,0
0,0,-0.267126143693992,0
0,0,-0.280485477467984,0
0,0,-0.293392234210966,0
0,0,-0.305822734390131,0
0,0,-0.317746712112551,0
0,0,-0.329145976478854,0
0,0,-0.339993084321876,0
0,0,-0.350269060651752,0
0,0,-0.359955087296715,0
0,0,-0.369030307449722,0
0,0,-0.377480607481949,0
0,0,-0.385287012403527,0
0,0,-0.392439956310478,0
0,0,-0.398922502848209,0
0,0,-0.404726340657523,0
0,0,-0.409841276562045,0
0,0,-0.414258528748286,0
0,0,-0.417973392673302,0
0,0,-0.420977086523602,0
0,0,-0.42327008075348,0
0,0,-0.424846886729504,0
0,0,-0.425708288542164,0
0,0,-0.425855227100049,0
0,0,-0.425287859221257,0
0,0,-0.424012771265907,0
0,0,-0.422030904142585,0
0,0,-0.419353235118159,0
0,0,-0.415984625553666,0
0,0,-0.411935111807384,0
0,0,-0.407216612054764,0
0,0,-0.40183869219979,0
0,0,-0.395816877234168,0
0,0,-0.389163555787647,0
0,0,-0.38189613466911,0
0,0,-0.374029511597874,0
0,0,-0.365582191109512,0
0,0,-0.356575186829162,0
0,0,-0.347024180566631,0
0,0,-0.336953479127119,0
0,0,-0.326382527954786,0
0,0,-0.315335477036734,0
0,0,-0.303833967270495,0
0,0,-0.291902305461269,0
0,0,-0.279565896140942,0
0,0,-0.266847321115635,0
0,0,-0.253775434915393,0
0,0,-0.24037407389112,0
0,0,-0.226670994846174,0
0,0,-0.212692856857224,0
0,0,-0.198467573545728,0
0,0,-0.184024156259826,0
0,0,-0.169388479985698,0
0,0,-0.154590810616272,0
0,0,-0.139658120864413,0
0,0,-0.124621147077342,0
0,0,-0.109506391513632,0
0,0,-0.0943441200662087,0
0,0,-0.0791628736289199,0
0,0,-0.0639907226413188,0
0,0,-0.0488565216334489,0
0,0,-0.0337881842267652,0
0,0,-0.0188136240427238,0
0,0,-0.00396153879326899,0
0,0,0.0107404715363388,0
0,0,0.0252644933246455,0
0,0,0.039584337949274,0
0,0,0.0536711508801806,0
0,0,0.0674987434949892,0
0,0,0.0810417112618134,0
0,0,0.0942726110134917,0
0,0,0.107168547307708,0
0,0,0.119703958794477,0
0,0,0.131855009122893,0
0,0,0.143600998304012,0
0,0,0.154918874077419,0
0,0,0.165789347817053,0
0,0,0.176191876352066,0
0,0,0.186110307418359,0
0,0,0.195525979662261,0
0,0,0.204423838546359,0
0,0,0.212789770441827,0
0,0,0.220609348083644,0
0,0,0.227871437386846,0
0,0,0.234565217902668,0
0,0,0.240680339636637,0
0,0,0.246210529864831,0
0,0,0.251145281774679,0
0,0,0.255482713549005,0
0,0,0.2592154547372,0
0,0,0.262340682613499,0
0,0,0.264856358542626,0
0,0,0.266761855252191,0
0,0,0.268055134106917,0
0,0,0.26873901783257,0
0,0,0.268814133701542,0
0,0,0.268283618075795,0
0,0,0.267150450499191,0
0,0,0.26541792415179,0
0,0,0.263093252666104,0
0,0,0.260180199676484,0
0,0,0.256685351543051,0
0,0,0.252616705988805,0
0,0,0.247979751647178,0
0,0,0.242784054422153,0
0,0,0.237035259765259,0
0,0,0.23074528585195,0
0,0,0.223920562224245,0
0,0,0.216572222967108,0
0,0,0.208709833984521,0
0,0,0.200344215725248,0
0,0,0.191486972728549,0
0,0,0.182147200444109,0
0,0,0.172341364772226,0
0,0,0.162080442979764,0
0,0,0.151377294150763,0
0,0,0.140249325094111,0
0,0,0.128710178984336,0
0,0,0.11677773308462,0
0,0,0.104468139659062,0
0,0,0.0918022555147042,0
0,0,0.0787984283690213,0
0,0,0.0654782991195448,0
0,0,0.0518636654819058,0
0,0,0.0379783638070104,0
0,0,0.0238470145362535,0
0,0,0.00949376765673748,0
0,0,-0.00505236548339605,0
0,0,-0.019764255353182,0
0,0,-0.0346146156035574,0
0,0,-0.0495711417063219,0
0,0,-0.0646048223133338,0
0,0,-0.0796833528963909,0
0,0,-0.0947744289272937,0
0,0,-0.10984496178735,0
0,0,-0.124860765131182,0
0,0,-0.139787966249609,0
0,0,-0.154593162887743,0
0,0,-0.169239189156343,0
0,0,-0.183692956436717,0
0,0,-0.197917926112017,0
0,0,-0.211879598200669,0
0,0,-0.225542531812512,0
0,0,-0.238871286057382,0
0,0,-0.251832772316588,0
0,0,-0.264390451973282,0
0,0,-0.276513902316439,0
0,0,-0.288167055183505,0
0,0,-0.299320115135848,0
0,0,-0.309941404917659,0
0,0,-0.320000188181717,0
0,0,-0.329468708124667,0
0,0,-0.338315287490699,0
0,0,-0.346518599018476,0
0,0,-0.354046808634091,0
0,0,-0.360881411801974,0
0,0,-0.366996376717844,0
0,0,-0.372371317028956,0
0,0,-0.37698741456354,0
0,0,-0.380825223877438,0
0,0,-0.383871729068509,0
0,0,-0.386108425601182,0
0,0,-0.387527315752457,0
0,0,-0.388116951801174,0
0,0,-0.387868081479548,0
0,0,-0.386780234333284,0
0,0,-0.384844314912696,0
0,0,-0.382065968669312,0
0,0,-0.378441118332585,0
0,0,-0.37397964344269,0
0,0,-0.368686091724474,0
0,0,-0.362569872263818,0
0,0,-0.35564588278004,0
0,0,-0.347925257358101,0
0,0,-0.339429793713633,0
0,0,-0.330175800928834,0
0,0,-0.320187585808903,0
0,0,-0.309488984704747,0
0,0,-0.298109165782604,0
0,0,-0.286074474482952,0
0,0,-0.273418469878772,0
0,0,-0.260174240588758,0
0,0,-0.246377070684974,0
0,0,-0.232063028329974,0
0,0,-0.217270063503489,0
0,0,-0.202040203455801,0
0,0,-0.186411868620934,0
0,0,-0.170427556703464,0
0,0,-0.154130706316555,0
0,0,-0.137565383345761,0
0,0,-0.120774085495659,0
0,0,-0.103804799104255,0
0,0,-0.0867004923304189,0
0,0,-0.0695083674216673,0
0,0,-0.0522729607178505,0
0,0,-0.0350399062855048,0
0,0,-0.0178568768264409,0
0,0,-0.000766683681430402,0
0,0,0.0161836277201077,0
0,0,0.0329495210383239,0
0,0,0.0494877144781525,0
0,0,0.065752260336861,0
0,0,0.081702385908953,0
0,0,0.0972930844002844,0
0,0,0.112486249013026,0
0,0,0.127237500225426,0
0,0,0.141511867601616,0
0,0,0.155269048890394,0
0,0,0.168472819111108,0
0,0,0.181091187371752,0
0,0,0.193089967326949,0
0,0,0.204439363538067,0
0,0,0.21510911011218,0
0,0,0.22507709569746,0
0,0,0.234315563490551,0
0,0,0.242805381683489,0
0,0,0.250530398012174,0
0,0,0.257469285215268,0
0,0,0.263615456932654,0
0,0,0.268953388172622,0
0,0,0.273480726663703,0
0,0,0.277189631500992,0
0,0,0.280078848139706,0
0,0,0.2821519833961,0
0,0,0.283408409997781,0
0,0,0.283858477939222,0
0,0,0.283507519035757,0
0,0,0.282370117370505,0
0,0,0.280458504755117,0
0,0,0.277787892545103,0
0,0,0.274379451183702,0
0,0,0.270250744297898,0
0,0,0.265426705965282,0
0,0,0.259928977083387,0
0,0,0.253786412182257,0
0,0,0.247024572611876,0
0,0,0.239673253810876,0
0,0,0.231764446671261,0
0,0,0.223328417085959,0
0,0,0.21439982185464,0
0,0,0.20501316095888,0
0,0,0.195202934380251,0
0,0,0.185006621644191,0
0,0,0.174461545458038,0
0,0,0.163603773984348,0
0,0,0.152473609474322,0
0,0,0.141107590544809,0
0,0,0.129545235356522,0
0,0,0.117824023434896,0
0,0,0.105983629758743,0
0,0,0.0940626315801854,0
0,0,0.0820974106979737,0
0,0,0.0701277989090163,0
0,0,0.0581895507396715,0
0,0,0.0463198320791804,0
0,0,0.0345532997272149,0
0,0,0.0229239832110544,0
0,0,0.0114676370570577,0
0,0,0.000213115795267615,0
0,0,-0.0108071192280157,0
0,0,-0.0215651543913381,0
0,0,-0.0320318215284591,0
0,0,-0.0421843820151599,0
0,0,-0.0519968040471618,0
0,0,-0.0614465058183435,0
0,0,-0.0705163941560166,0
0,0,-0.0791848281626485,0
0,0,-0.0874373805732176,0
0,0,-0.0952585263960145,0
0,0,-0.102637445182274,0
0,0,-0.109563316483229,0
0,0,-0.1160264175768,0
0,0,-0.122021887101947,0
0,0,-0.127545177333826,0
0,0,-0.132593936000966,0
0,0,-0.137166281286191,0
0,0,-0.141265820005755,0
0,0,-0.144894904431131,0
0,0,-0.148057925469063,0
0,0,-0.150763351296846,0
0,0,-0.15301870918319,0
0,0,-0.154834819576858,0
0,0,-0.156224541561893,0
0,0,-0.157201361494727,0
0,0,-0.157780177094679,0
0,0,-0.157979336079218,0
0,0,-0.157815147530546,0
0,0,-0.157308781891901,0
0,0,-0.156480468697932,0
0,0,-0.155352319300466,0
0,0,-0.153945347324644,0
0,0,-0.15228433002996,0
0,0,-0.150392790131124,0
0,0,-0.148293623070451,0
0,0,-0.146012703834124,0
0,0,-0.143573241500655,0
0,0,-0.141000326965735,0
0,0,-0.138317012489778,0
0,0,-0.135549016240866,0
0,0,-0.132717351844142,0
0,0,-0.129846639740999,0
0,0,-0.126958364010874,0
0,0,-0.124074479187494,0
0,0,-0.121215842077903,0
0,0,-0.118401584490063,0
0,0,-0.1156539745939,0
0,0,-0.11298712601824,0
0,0,-0.11042220920632,0
0,0,-0.107975062786046,0
0,0,-0.105659957204341,0
0,0,-0.103492260634816,0
0,0,-0.101484675343412,0
0,0,-0.0996524126856435,0
0,0,-0.0980022158397255,0
0,0,-0.0965472575258967,0
0,0,-0.0952971036481381,0
0,0,-0.094257086021784,0
0,0,-0.093436927368914,0
0,0,-0.0928413322324705,0
0,0,-0.0924761028820817,0
0,0,-0.0923439052254146,0
0,0,-0.0924500710778032,0
0,0,-0.0927950708935418,0
0,0,-0.0933792183088266,0
0,0,-0.094205022413227,0
0,0,-0.0952691900266827,0
0,0,-0.0965712506949005,0
0,0,-0.0981068135111336,0
0,0,-0.0998707034781472,0
0,0,-0.101859784233979,0
0,0,-0.104064803510843,0
0,0,-0.106478861312426,0
0,0,-0.109093332643334,0
0,0,-0.111897710690996,0
0,0,-0.114881331824743,0
0,0,-0.118032121051026,0
0,0,-0.121336905649607,0
0,0,-0.124781571991661,0
0,0,-0.128352163266458,0
0,0,-0.132033938572783,0
0,0,-0.135808707011259,0
0,0,-0.139662982225453,0
0,0,-0.143577005135009,0
0,0,-0.147536034838709,0
0,0,-0.151519528165707,0
0,0,-0.155509294216627,0
0,0,-0.159488083000683,0
0,0,-0.163433626347949,0
0,0,-0.167328203813346,0
0,0,-0.17115174268032,0
0,0,-0.174882445233239,0
0,0,-0.17850055239175,0
0,0,-0.181985677803104,0
0,0,-0.185316494205963,0
0,0,-0.188472144793286,0
0,0,-0.191433184120913,0
0,0,-0.194178128109409,0
0,0,-0.196687688132712,0
0,0,-0.198942889200957,0
0,0,-0.200923344961395,0
0,0,-0.202612903149927,0
0,0,-0.203992118322391,0
0,0,-0.205047660940454,0
0,0,-0.205761653740935,0
0,0,-0.206120296731205,0
0,0,-0.206111985372008,0
0,0,-0.20572244921642,0
0,0,-0.204944788268124,0
0,0,-0.203765202534494,0
0,0,-0.202179614744978,0
0,0,-0.200180968085165,0
0,0,-0.197763773921621,0
0,0,-0.194926464073366,0
0,0,-0.191666843087027,0
0,0,-0.187987263234076,0
0,0,-0.183885529061138,0
0,0,-0.179370265563608,0
0,0,-0.174444609103448,0
0,0,-0.169114205132186,0
0,0,-0.163390815007178,0
0,0,-0.157280084179955,0
0,0,-0.150798164914617,0
0,0,-0.143953054934164,0
0,0,-0.136762474683678,0
0,0,-0.129240224155789,0
0,0,-0.121402769250794,0
0,0,-0.113266732687086,0
0,0,-0.104851716726924,0
0,0,-0.0961766963601738,0
0,0,-0.0872590783957193,0
0,0,-0.0781231696387616,0
0,0,-0.0687874746248714,0
0,0,-0.0592728501610916,0
0,0,-0.0496031325983268,0
0,0,-0.0397983946531303,0
0,0,-0.0298818454040145,0
0,0,-0.0198748121123165,0
0,0,-0.00980097431084337,0
0,0,0.000318183920969606,0
0,0,0.0104596103227079,0
0,0,0.0206019776330346,0
0,0,0.030721606319142,0
0,0,0.0407984236644783,0
0,0,0.0508089069543336,0
0,0,0.0607318857454702,0
0,0,0.0705460327765506,0
0,0,0.0802308048767291,0
0,0,0.0897636202398846,0
0,0,0.0991250334218572,0
0,0,0.1082945012518,0
0,0,0.117250853286476,0
0,0,0.125975271354116,0
0,0,0.134446271375287,0
0,0,0.142646446541102,0
0,0,0.150556665043599,0
0,0,0.158157481438618,0
0,0,0.16543415482494,0
0,0,0.172366612486014,0
0,0,0.178941681701602,0
0,0,0.185141485208525,0
0,0,0.190953007104644,0
0,0,0.196362761033525,0
0,0,0.201355849275853,0
0,0,0.205922235473351,0
0,0,0.210048590087685,0
0,0,0.213726444941558,0
0,0,0.216943725041419,0
0,0,0.219694941753838,0
0,0,0.221970529174831,0
0,0,0.223761862309005,0
0,0,0.225066275248694,0
0,0,0.225875456634699,0
0,0,0.226186740559355,0
0,0,0.22599604975211,0
0,0,0.225300718305298,0
0,0,0.224102157581802,0
0,0,0.222396760765366,0
0,0,0.220189075580835,0
0,0,0.217479886118697,0
0,0,0.21427436737619,0
0,0,0.210574087534294,0
0,0,0.206390180677972,0
0,0,0.201726724077772,0
0,0,0.19659312681958,0
0,0,0.191001463896946,0
0,0,0.184960360305262,0
0,0,0.178484713763846,0
0,0,0.171585501539562,0
0,0,0.16428044407749,0
0,0,0.156582870915967,0
0,0,0.148509561591484,0
0,0,0.1400801183663,0
0,0,0.13131037986832,0
0,0,0.122221202904585,0
0,0,0.112830621556373,0
0,0,0.103160119903118,0
0,0,0.0932305547518628,0
0,0,0.0830624692734538,0
0,0,0.072678131637816,0
0,0,0.06209933956058,0
0,0,0.0513482043935725,0
0,0,0.0404482488515034,0
0,0,0.0294206433776107,0
0,0,0.0182890675047025,0
0,0,0.00707673031129152,0
0,0,-0.00419457048699068,0
0,0,-0.0155019394478279,0
0,0,-0.0268224811289024,0
0,0,-0.0381343978145831,0
0,0,-0.0494179304245146,0
0,0,-0.0606500266982815,0
0,0,-0.0718112411917234,0
0,0,-0.0828829125511719,0
0,0,-0.0938440271514858,0
0,0,-0.10467796227427,0
0,0,-0.115365899747758,0
0,0,-0.12589325548883,0
0,0,-0.136241995416207,0
0,0,-0.146398476355359,0
0,0,-0.156349211949853,0
0,0,-0.166079774934666,0
0,0,-0.175579972133424,0
0,0,-0.1848358467354,0
0,0,-0.193840498744279,0
0,0,-0.202583107711295,0
0,0,-0.211054735004858,0
0,0,-0.219249264719143,0
0,0,-0.227159169585444,0
0,0,-0.234779745060818,0
0,0,-0.242103150240363,0
0,0,-0.249128914669785,0
0,0,-0.255850922443258,0
0,0,-0.2622677621979,0
0,0,-0.268375827117456,0
0,0,-0.274173392202847,0
0,0,-0.279660143817878,0
0,0,-0.284832318328193,0
0,0,-0.289691327096678,0
0,0,-0.294235288306153,0
0,0,-0.298464358774718,0
0,0,-0.302378224866176,0
0,0,-0.305977357034821,0
0,0,-0.309261598462555,0
0,0,-0.312229851422693,0
0,0,-0.314884781822901,0
0,0,-0.317224037391708,0
0,0,-0.319249656764388,0
0,0,-0.320962424031433,0
0,0,-0.322359516467076,0
0,0,-0.323444697705673,0
0,0,-0.324215458657653,0
0,0,-0.324672426595409,0
0,0,-0.324815444700842,0
0,0,-0.324644042519659,0
0,0,-0.32415743596137,0
0,0,-0.323353115936404,0
0,0,-0.322232650625743,0
0,0,-0.32079180594074,0
0,0,-0.31903167960808,0
0,0,-0.316947096630528,0
0,0,-0.31453993882526,0
0,0,-0.311805188013138,0
0,0,-0.308741746467476,0
0,0,-0.305348986915882,0
0,0,-0.301621734361119,0
0,0,-0.297562027438463,0
0,0,-0.2931628093335,0
0,0,-0.288427373226289,0
0,0,-0.283350857755792,0
0,0,-0.277933419740106,0
0,0,-0.272174118270642,0
0,0,-0.266072326075008,0
0,0,-0.259628670425597,0
0,0,-0.252841426323329,0
0,0,-0.245715455129246,0
0,0,-0.238249188662365,0
0,0,-0.230446390557042,0
0,0,-0.222310981265726,0
0,0,-0.213843274424615,0
0,0,-0.205050954120514,0
0,0,-0.195935118080107,0
0,0,-0.186503136754007,0
0,0,-0.176760341957545,0
0,0,-0.16671175186986,0
0,0,-0.156366618758738,0
0,0,-0.145729176712826,0
0,0,-0.134810559817088,0
0,0,-0.123616413523052,0
0,0,-0.112159753732859,0
0,0,-0.100449832714294,0
0,0,-0.0884954322808486,0
0,0,-0.0763123910604275,0
0,0,-0.063911999956091,0
0,0,-0.0513074316880765,0
0,0,-0.0385134271576016,0
0,0,-0.0255459818106689,0
0,0,-0.0124203070027906,0
0,0,0.000846974547638712,0
0,0,0.0142361037602627,0
0,0,0.0277306147347853,0
0,0,0.0413094938460656,0
0,0,0.0549540797404346,0
0,0,0.0686405360669862,0
0,0,0.082349103745365,0
0,0,0.0960559464246649,0
0,0,0.109736600481588,0
0,0,0.123367386383328,0
0,0,0.136922429143702,0
0,0,0.150375540140336,0
0,0,0.163701158023245,0
0,0,0.176869800989992,0
0,0,0.189855907690595,0
0,0,0.20263046677691,0
0,0,0.21516493735509,0
0,0,0.227431248985583,0
0,0,0.239398822139265,0
0,0,0.251040370467075,0
0,0,0.26232766671136,0
0,0,0.273229347252508,0
0,0,0.283720321194828,0
0,0,0.293768440828219,0
0,0,0.303349869801774,0
0,0,0.312431519496802,0
0,0,0.320992062651966,0
0,0,0.329001076556243,0
0,0,0.336432529405354,0
0,0,0.343263839393177,0
0,0,0.349465995171571,0
0,0,0.355019708114474,0
0,0,0.359896280509941,0
0,0,0.364079560093871,0
0,0,0.367544299152477,0
0,0,0.370271522695891,0
0,0,0.372244764823819,0
0,0,0.373442227820628,0
0,0,0.373853718509946,0
0,0,0.373456341449454,0
0,0,0.372246646640995,0
0,0,0.370206913639489,0
0,0,0.367329615176228,0
0,0,0.363609733072074,0
0,0,0.359036917332556,0
0,0,0.353614304319633,0
0,0,0.347332641765521,0
0,0,0.340200241029416,0
0,0,0.332215220294144,0
0,0,0.323384009101723,0
0,0,0.31371570290184,0
0,0,0.303217044872715,0
0,0,0.291902932733661,0
0,0,0.279783089206759,0
0,0,0.266878998371444,0
0,0,0.253202264766972,0
0,0,0.23877907701572,0
0,0,0.223628253289456,0
0,0,0.207774100393378,0
0,0,0.191244845585139,0
0,0,0.174065893396625,0
0,0,0.156269391537939,0
0,0,0.13788529226581,0
0,0,0.118948879652303,0
0,0,0.0994943400427957,0
0,0,0.0795591529627251,0
0,0,0.0591803274832341,0
0,0,0.0383989499460151,0
0,0,0.0172556362384668,0
0,0,-0.00420821366152224,0
0,0,-0.0259485338683967,0
0,0,-0.0479209448604045,0
0,0,-0.0700802830253034,0
0,0,-0.0923813847508512,0
0,0,-0.114777204607629,0
0,0,-0.137222265347199,0
0,0,-0.159666541996279,0
0,0,-0.182066752759803,0
0,0,-0.204370834029214,0
0,0,-0.226533151737976,0
0,0,-0.248506190002376,0
0,0,-0.270241335212014,0
0,0,-0.291693580572747,0
0,0,-0.312811960202703,0
0,0,-0.333556171850681,0
0,0,-0.353877288270085,0
0,0,-0.373730773121065,0
0,0,-0.393075226425731,0
0,0,-0.411865641389942,0
0,0,-0.430063597579669,0
0,0,-0.447622676837889,0
0,0,-0.464513240544065,0
0,0,-0.480691065994545,0
0,0,-0.496123691843028,0
0,0,-0.510777245380335,0
0,0,-0.524616128898204,0
0,0,-0.537614937864749,0
0,0,-0.549734781391651,0
0,0,-0.560959664032907,0
0,0,-0.571254928988845,0
0,0,-0.580597210362854,0
0,0,-0.588967689983166,0
0,0,-0.596339551955012,0
0,0,-0.602698839467665,0
0,0,-0.608020461625435,0
0,0,-0.612297204795811,0
0,0,-0.615509309898437,0
0,0,-0.61764485875786,0
0,0,-0.618698362740648,0
0,0,-0.618655865036072,0
0,0,-0.617517679280331,0
0,0,-0.615271416843675,0
0,0,-0.611924761812911,0
0,0,-0.607472539190803,0
0,0,-0.601917885339311,0
0,0,-0.595268170709045,0
0,0,-0.587526688480064,0
0,0,-0.578706611372605,0
0,0,-0.568814525746788,0
0,0,-0.55786987704677,0
0,0,-0.545885210720399,0
0,0,-0.532878874485146,0
0,0,-0.518872979692841,0
0,0,-0.503887755878131,0
0,0,-0.487951900752962,0
0,0,-0.47108611430628,0
0,0,-0.453325994246344,0
0,0,-0.434699767830806,0
0,0,-0.415238955497376,0
0,0,-0.394982604952473,0
0,0,-0.373963804814786,0
0,0,-0.352224739152696,0
0,0,-0.329802730673542,0
0,0,-0.306744354352447,0
0,0,-0.283089441986321,0
0,0,-0.258888175366543,0
0,0,-0.234185561287257,0
0,0,-0.209030683813158,0
0,0,-0.183474979280409,0
0,0,-0.157569256752784,0
0,0,-0.131366363929328,0
0,0,-0.10492087350817,0
0,0,-0.0782875150055319,0
0,0,-0.051522115664325,0
0,0,-0.0246809731817531,0
0,0,0.00217914429068444,0
0,0,0.0289977049671348,0
0,0,0.0557201361494726,0
0,0,0.0822881015052184,0
0,0,0.108640912430422,0
0,0,0.134724780317447,0
0,0,0.160479800652834,0
0,0,0.185851871192751,0
0,0,0.210779362424659,0
0,0,0.2352183652811,0
0,0,0.259107563885733,0
0,0,0.282399128718647,0
0,0,0.305044916623738,0
0,0,0.326993804901036,0
0,0,0.348204236754555,0
0,0,0.368628539482485,0
0,0,0.388228449468896,0
0,0,0.406960684918725,0
0,0,0.424794039030457,0
0,0,0.441689620915771,0
0,0,0.457615753318859,0
0,0,0.472546718071639,0
0,0,0.48644942655542,0
0,0,0.499304903780336,0
0,0,0.511082727035362,0
0,0,0.521772703144124,0
0,0,0.531349741210934,0
0,0,0.539798943516473,0
0,0,0.54711246915584,0
0,0,0.553272284047758,0
0,0,0.558276506375048,0
0,0,0.562112433871768,0
0,0,0.564784143808469,0
0,0,0.566284893006932,0
0,0,0.566616092830041,0
0,0,0.56578715236368,0
0,0,0.563797601153554,0
0,0,0.560663121009469,0
0,0,0.556389200564859,0
0,0,0.550996853444862,0
0,0,0.544498311461129,0
0,0,0.536915842783584,0
0,0,0.528272499672642,0
0,0,0.518590393480131,0
0,0,0.507902612824741,0
0,0,0.496231425876398,0
0,0,0.483617291704401,0
0,0,0.470089535293089,0
0,0,0.455686106622193,0
0,0,0.440447151124817,0
0,0,0.424410618780692,0
0,0,0.407620732293472,0
0,0,0.390119989367733,0
0,0,0.371954651342402,0
0,0,0.353169881829722,0
0,0,0.333814764894387,0
0,0,0.313935561875325,0
0,0,0.293583552290603,0
0,0,0.272806095205835,0
0,0,0.251654783775286,0
0,0,0.23017854524555,0
0,0,0.208428188680399,0
0,0,0.186454052689313,0
0,0,0.164303809974101,0
0,0,0.142028583234734,0
0,0,0.119675104264433,0
0,0,0.0972910457650098,0
0,0,0.0749236099839812,0
0,0,0.0526168628069028,0
0,0,0.0304172223908017,0
0,0,0.00836530462307605,0
0,0,-0.0134937268840321,0
0,0,-0.0351230198774779,0
0,0,-0.0564810175612749,0
0,0,-0.077531965409064,0
0,0,-0.098239638440193,0
0,0,-0.118569066218794,0
0,0,-0.138488885125255,0
0,0,-0.157967731539961,0
0,0,-0.176976594114774,0
0,0,-0.195486461501549,0
0,0,-0.213475065530363,0
0,0,-0.230916217578839,0
0,0,-0.247787649477051,0
0,0,-0.264071954416115,0
0,0,-0.279746864226107,0
0,0,-0.29479983345918,0
0,0,-0.309212828034058,0
0,0,-0.322975027501974,0
0,0,-0.336075611414162,0
0,0,-0.348502975231366,0
0,0,-0.360250846229662,0
0,0,-0.371313422139423,0
0,0,-0.381686155235804,0
0,0,-0.391364027339668,0
0,0,-0.400348920268191,0
0,0,-0.408638011295608,0
0,0,-0.41623443678388,0
0,0,-0.423141489913068,0
0,0,-0.429361679772739,0
0,0,-0.434903160903994,0
0,0,-0.439769696941185,0
0,0,-0.443973049241667,0
0,0,-0.447520745074148,0
0,0,-0.450422977615001,0
0,0,-0.452694644583542,0
0,0,-0.454345155065656,0
0,0,-0.455392856778815,0
0,0,-0.455848413353689,0
0,0,-0.455730642962043,0
0,0,-0.455055227413685,0
0,0,-0.4538395735175,0
0,0,-0.452103597171942,0
0,0,-0.449862666550621,0
0,0,-0.447140304368247,0
0,0,-0.443952976525115,0
0,0,-0.440322637554955,0
0,0,-0.436269830628613,0
0,0,-0.431814628462642,0
0,0,-0.426980396953652,0
0,0,-0.421786738363901,0
0,0,-0.416257175408099,0
0,0,-0.410412251257093,0
0,0,-0.404274704535101,0
0,0,-0.39786664659395,0
0,0,-0.391209404694977,0
0,0,-0.384325403826205,0
0,0,-0.377235030340382,0
0,0,-0.369959611498844,0
0,0,-0.362520474562929,0
0,0,-0.354937064976795,0
0,0,-0.347227573639818,0
0,0,-0.339412386904748,0
0,0,-0.33150797067188,0
0,0,-0.323531731750098,0
0,0,-0.315498567858719,0
0,0,-0.307424788079943,0
0,0,-0.299323408315907,0
0,0,-0.291207444468751,0
0,0,-0.283089755622517,0
0,0,-0.274979123590696,0
0,0,-0.266887152912544,0
0,0,-0.25882199812916,0
0,0,-0.250791029691155,0
0,0,-0.242800990776744,0
0,0,-0.234856429110771,0
0,0,-0.226961735599982,0
0,0,-0.219120046606339,0
0,0,-0.211332773492723,0
0,0,-0.20360117080392,0
0,0,-0.195923983995145,0
0,0,-0.188300115339711,0
0,0,-0.180727369384246,0
0,0,-0.173201825676298,0
0,0,-0.16571909330912,0
0,0,-0.158273683649283,0
0,0,-0.150860264881449,0
0,0,-0.143470212010228,0
0,0,-0.136098820492676,0
0,0,-0.128735426698125,0
0,0,-0.12137313063026,0
0,0,-0.114002836839394,0
0,0,-0.10661372487676,0
0,0,-0.0991998356546335,0
0,0,-0.0917484669070688,0
0,0,-0.0842509936386741,0
0,0,-0.0766983203997608,0
0,0,-0.0690804108320535,0
0,0,-0.0613881694858642,0
0,0,-0.053611716821015,0
0,0,-0.0457422710240145,0
0,0,-0.0377724616442535,0
0,0,-0.0296930364139464,0
0,0,-0.0214963112462885,0
0,0,-0.0131766406897486,0
0,0,-0.00472806565660144,0
0,0,0.00385678430376268,0
0,0,0.0125807319171092,0
0,0,0.021448638544477,0
0,0,0.0304625428211418,0
0,0,0.0396246402004761,0
0,0,0.0489357147729705,0
0,0,0.0583940415395461,0
0,0,0.0679996205002025,0
0,0,0.0777486880205871,0
0,0,0.0876365395577574,0
0,0,0.0976584705687713,0
0,0,0.107808051511609,0
0,0,0.118076814208974,0
0,0,0.128456290483572,0
0,0,0.138935816704734,0
0,0,0.14950488605989,0
0,0,0.160149541738313,0
0,0,0.170857395110255,0
0,0,0.181610568912537,0
0,0,0.192396674515412,0
0,0,0.203194384657545,0
0,0,0.213984410712871,0
0,0,0.224748561782018,0
0,0,0.235463785604569,0
0,0,0.246107814010599,0
0,0,0.256657751557792,0
0,0,0.26708897780475,0
0,0,0.277376558673883,0
0,0,0.287493364634226,0
0,0,0.297415088880578,0
0,0,0.307111151883817,0
0,0,0.316558030929234,0
0,0,0.325722010125745,0
0,0,0.334580037212935,0
0,0,0.343099964480701,0
0,0,0.351253564671392,0
0,0,0.359015119616925,0
0,0,0.366351697516707,0
0,0,0.373239148383637,0
0,0,0.379644226780924,0
0,0,0.385546075901528,0
0,0,0.390910979854363,0
0,0,0.395714631834231,0
0,0,0.399932725035931,0
0,0,0.40353640492942,0
0,0,0.40650450107146,0
0,0,0.408808002113908,0
0,0,0.410432480791743,0
0,0,0.411349082574922,0
0,0,0.411540400654559,0
0,0,0.410990439584652,0
0,0,0.409675676650491,0
0,0,0.407588741401468,0
0,0,0.404707052031461,0
0,0,0.401027001724215,0
0,0,0.396530242762257,0
0,0,0.39121724559988,0
0,0,0.385076092061633,0
0,0,0.378104429876043,0
0,0,0.370304768132681,0
0,0,0.361671304561917,0
0,0,0.35221470279442,0
0,0,0.341932767376817,0
0,0,0.330840552846523,0
0,0,0.318943234200773,0
0,0,0.306253200069313,0
0,0,0.292788170897227,0
0,0,0.27856053531426,0
0,0,0.263590836491258,0
0,0,0.24789946078097,0
0,0,0.231508049080928,0
0,0,0.21444200592302,0
0,0,0.196724697203855,0
0,0,0.178386388816361,0
0,0,0.159453112564815,0
0,0,0.139958113886007,0
0,0,0.11993040412808,0
0,0,0.0994049537268997,0
0,0,0.0784153217554533,0
0,0,0.0569967922858041,0
0,0,0.0351868448433896,0
0,0,0.0130218612269606,0
0,0,-0.00945942449326198,0
0,0,-0.0322168668841737,0
0,0,-0.0552122023298466,0
0,0,-0.0784029331257063,0
0,0,-0.101747345657668,0
0,0,-0.125204980856431,0
0,0,-0.148732713745028,0
0,0,-0.172288360255081,0
0,0,-0.195827697682934,0
0,0,-0.219309953323093,0
0,0,-0.242689963563315,0
0,0,-0.265924603426632,0
0,0,-0.288971061572274,0
0,0,-0.31178480166039,0
0,0,-0.334324894167386,0
0,0,-0.356542882300961,0
0,0,-0.378402541080461,0
0,0,-0.399855727349782,0
0,0,-0.420861668403427,0
0,0,-0.441380061990194,0
0,0,-0.461365744497841,0
0,0,-0.480781079582833,0
0,0,-0.499581374087221,0
0,0,-0.517732128029432,0
0,0,-0.535189432342008,0
0,0,-0.551918002952885,0
0,0,-0.567879733064234,0
0,0,-0.583036986332519,0
0,0,-0.597357615047638,0
0,0,-0.610802257866976,0
0,0,-0.623344726168158,0
0,0,-0.634947854061942,0
0,0,-0.645582630200187,0
0,0,-0.655222865960515,0
0,0,-0.663835315906139,0
0,0,-0.671401475501485,0
0,0,-0.677886844764981,0
0,0,-0.683279348703075,0
0,0,-0.687549975967627,0
0,0,-0.69068288793073,0
0,0,-0.692661775510188,0
0,0,-0.693468134170428,0
0,0,-0.69309396618845,0
0,0,-0.691521551119172,0
0,0,-0.688750261690201,0
0,0,-0.684768022907988,0
0,0,-0.679571698410571,0
0,0,-0.673162385924635,0
0,0,-0.665536635452025,0
0,0,-0.656702601533838,0
0,0,-0.64665997053388,0
0,0,-0.635424110625759,0
0,0,-0.623001608169596,0
0,0,-0.609405949521823,0
0,0,-0.594657677853286,0
0,0,-0.578770593156615,0
0,0,-0.561771197690383,0
0,0,-0.543680191443534,0
0,0,-0.524529878944269,0
0,0,-0.504348330632142,0
0,0,-0.483166753308666,0
0,0,-0.461025449225045,0
0,0,-0.437959388817145,0
0,0,-0.414012951606719,0
0,0,-0.389228321662146,0
0,0,-0.363652701230944,0
0,0,-0.337335174377805,0
0,0,-0.3103267069846,0
0,0,-0.282680303568474,0
0,0,-0.254453830007614,0
0,0,-0.225701859000144,0
0,0,-0.19648304051474,0
0,0,-0.166859317700137,0
0,0,-0.1368902814336,0
0,0,-0.106641011225824,0
0,0,-0.0761736070436416,0
0,0,-0.0455534620339464,0
0,0,-0.0148456557074339,0
0,0,0.0158837915166115,0
0,0,0.0465712114903756,0
0,0,0.0771477610688094,0
0,0,0.107549928922197,0
0,0,0.137712949176038,0
0,0,0.16756829232148,0
0,0,0.197055897026964,0
0,0,0.226107390601734,0
0,0,0.254664279895214,0
0,0,0.28265881948904,0
0,0,0.310037063957477,0
0,0,0.336735188334615,0
0,0,0.362694699469877,0
0,0,0.387864161027096,0
0,0,0.412183354856617,0
0,0,0.435605705983316,0
0,0,0.458074603073791,0
0,0,0.479548646150155,0
0,0,0.499980946601085,0
0,0,0.519324615815262,0
0,0,0.53754687881019,0
0,0,0.554603983336509,0
0,0,0.570467388500372,0
0,0,0.585098517049656,0
0,0,0.598476825813514,0
0,0,0.610572989807608,0
0,0,0.621363643135327,0
0,0,0.630834672167846,0
0,0,0.638962711008552,0
0,0,0.645742898296407,0
0,0,0.651154220406269,0
0,0,0.655201695517276,0
0,0,0.657872621363486,0
0,0,0.659168095671586,0
0,0,0.659092509348319,0
0,0,0.657646176029883,0
0,0,0.654840857073633,0
0,0,0.650682511567295,0
0,0,0.645189957682636,0
0,0,0.638375584049404,0
0,0,0.630259306566052,0
0,0,0.620866843400663,0
0,0,0.610216385452612,0
0,0,0.59834353043016,0
0,0,0.585269605594642,0
0,0,0.571036638196341,0
0,0,0.555673012311005,0
0,0,0.539218559735542,0
0,0,0.521716248628822,0
0,0,0.503202931243889,0
0,0,0.483727691645437,0
0,0,0.463332243447552,0
0,0,0.442068179804495,0
0,0,0.419981134782803,0
0,0,0.397124112899622,0
0,0,0.373549177763507,0
0,0,0.349306981620135,0
0,0,0.324453351712414,0
0,0,0.29904301755657,0
0,0,0.27313039503263,0
0,0,0.246773193200681,0
0,0,0.220025357486457,0
0,0,0.192946321949123,0
0,0,0.165589718378219,0
0,0,0.138013099015731,0
0,0,0.110273859285553,0
0,0,0.082426101431514,0
0,0,0.0545272208775069,0
0,0,0.026631006231167,0
0,0,-0.00120796980937998,0
0,0,-0.0289338800012233,0
0,0,-0.0564981107339635,0
0,0,-0.0838431097656117,0
0,0,-0.110923870302024,0
0,0,-0.137687074189858,0
0,0,-0.164086773726382,0
0,0,-0.190075609845981,0
0,0,-0.215606537119236,0
0,0,-0.240640507839729,0
0,0,-0.265126242489393,0
0,0,-0.289033318357205,0
0,0,-0.312316101376628,0
0,0,-0.33493664156793,0
0,0,-0.35686435940199,0
0,0,-0.378058011719016,0
0,0,-0.398490468988045,0
0,0,-0.418127231227502,0
0,0,-0.436941639360716,0
0,0,-0.454904525221447,0
0,0,-0.47198970018732,0
0,0,-0.488177718814173,0
0,0,-0.503442078843435,0
0,0,-0.51776866664628,0
0,0,-0.531133645871803,0
0,0,-0.543528234706511,0
0,0,-0.554937064976795,0
0,0,-0.565348218507201,0
0,0,-0.57475291348424,0
0,0,-0.583144093093496,0
0,0,-0.590516739155833,0
0,0,-0.596863794856837,0
0,0,-0.602187926104176,0
0,0,-0.60648662380828,0
0,0,-0.609759887969151,0
0,0,-0.612014461765004,0
0,0,-0.613248933832956,0
0,0,-0.613476476893245,0
0,0,-0.612697404582068,0
0,0,-0.610926928254937,0
0,0,-0.608168341091909,0
0,0,-0.604439677174264,0
0,0,-0.599749247861197,0
0,0,-0.594112421326321,0
0,0,-0.587546290742322,0
0,0,-0.580063558375145,0
0,0,-0.571687746939499,0
0,0,-0.562431872337523,0
0,0,-0.552320241374417,0
0,0,-0.541374181311517,0
0,0,-0.529614705773964,0
0,0,-0.517069257928919,0
0,0,-0.503758224129131,0
0,0,-0.489714536175191,0
0,0,-0.474958894056045,0
0,0,-0.459525954571365,0
0,0,-0.443443631342606,0
0,0,-0.426741092536008,0
0,0,-0.409454876768418,0
0,0,-0.39161321129749,0
0,0,-0.373254516557247,0
0,0,-0.354409685713009,0
0,0,-0.335118707379781,0
0,0,-0.315414826994354,0
0,0,-0.295336935445046,0
0,0,-0.274923453165883,0
0,0,-0.254211859682302,0
0,0,-0.233242457245506,0
0,0,-0.212054607198108,0
0,0,-0.1906893958818,0
0,0,-0.169186811911589,0
0,0,-0.147588098447266,0
0,0,-0.125935753193404,0
0,0,-0.10426992158311,0
0,0,-0.0826334149571533,0
0,0,-0.0610687310201096,0
0,0,-0.039615858386985,0
0,0,-0.0183177652166484,0
0,0,0.00278399169491372,0
0,0,0.0236494237326941,0
0,0,0.0442361900102166,0
0,0,0.0645068110020441,0
0,0,0.0844198867302879,0
0,0,0.103938878578099,0
0,0,0.123024582020962,0
0,0,0.141641556168714,0
0,0,0.159754516949292,0
0,0,0.177327082563945,0
0,0,0.194328987119746,0
0,0,0.210722280636964,0
0,0,0.226481715401811,0
0,0,0.24157467324989,0
0,0,0.255970417833981,0
0,0,0.269646524166061,0
0,0,0.282571001354124,0
0,0,0.294725031226404,0
0,0,0.306078191071875,0
0,0,0.316616367261713,0
0,0,0.326314782536423,0
0,0,0.335154775542336,0
0,0,0.343123173559214,0
0,0,0.350201001597192,0
0,0,0.356380261933269,0
0,0,0.361642920486168,0
0,0,0.365989761346377,0
0,0,0.369408082247956,0
0,0,0.371896315009923,0
0,0,0.373455714177062,0
0,0,0.37408251611502,0
0,0,0.373788011726857,0
0,0,0.372570632831594,0
0,0,0.370448413510506,0
0,0,0.36742746966942,0
0,0,0.363525364935316,0
0,0,0.358761231116161,0
0,0,0.353151063657955,0
0,0,0.346722305727859,0
0,0,0.339495500496721,0
0,0,0.331502482038447,0
0,0,0.322770379884002,0
0,0,0.313331498561586,0
0,0,0.30322065168897,0
0,0,0.292469830158159,0
0,0,0.281119179402257,0
0,0,0.26920053349517,0
0,0,0.256757958322454,0
0,0,0.243826737956174,0
0,0,0.230447488283728,0
0,0,0.216660982010612,0
0,0,0.20250579638895,0
0,0,0.188024272305218,0
0,0,0.173254673375345,0
0,0,0.158238085941022,0
0,0,0.143013871344864,0
0,0,0.127620606838994,0
0,0,0.112098594674614,0
0,0,0.0964834325599848,0
0,0,0.0808163636548966,0
0,0,0.0651317311228254,0
0,0,0.0494654463082276,0
0,0,0.0338545182822458,0
0,0,0.0183337606626506,0
0,0,0.00293438025095583,0
0,0,-0.0123072411540874,0
0,0,-0.0273614649319448,0
0,0,-0.0421950456458281,0
0,0,-0.0567806969466733,0
0,0,-0.0710864279424763,0
0,0,-0.085086206828958,0
0,0,-0.0987535313475457,0
0,0,-0.112061115149177,0
0,0,-0.124985121882946,0
0,0,-0.137502812924634,0
0,0,-0.149592076922413,0
0,0,-0.161231272978752,0
0,0,-0.172403151102863,0
0,0,-0.183087638578193,0
0,0,-0.193269837685428,0
0,0,-0.202933596160466,0
0,0,-0.212065114010678,0
0,0,-0.220652943514905,0
0,0,-0.228684539225303,0
0,0,-0.236152373873164,0
0,0,-0.243048606553585,0
0,0,-0.249365396361663,0
0,0,-0.255100547844025,0
0,0,-0.260250611002515,0
0,0,-0.264813076747561,0
0,0,-0.268790924623029,0
0,0,-0.272184625083212,0
0,0,-0.274997157671973,0
0,0,-0.277235892839921,0
0,0,-0.278906476038587,0
0,0,-0.280016120900481,0
0,0,-0.280576902419154,0
0,0,-0.280597288771902,0
0,0,-0.28009233449614,0
0,0,-0.279074271403514,0
0,0,-0.277558624485735,0
0,0,-0.27556248691549,0
0,0,-0.273101383684488,0
0,0,-0.270196798872164,0
0,0,-0.266865355196913,0
0,0,-0.263129791282953,0
0,0,-0.259010493483032,0
0,0,-0.254530357239468,0
0,0,-0.249712434812677,0
0,0,-0.244580719371661,0
0,0,-0.23916045863021,0
0,0,-0.233473920758247,0
0,0,-0.227551371648699,0
0,0,-0.221415079471492,0
0,0,-0.215093271484276,0
0,0,-0.208610411310349,0
0,0,-0.201995039843558,0
0,0,-0.195272561615791,0
0,0,-0.188468537977031,0
0,0,-0.181610882548733,0
0,0,-0.174723588499902,0
0,0,-0.167833471725305,0
0,0,-0.160964995848241,0
0,0,-0.154142154037713,0
0,0,-0.147390350825608,0
0,0,-0.140732011199949,0
0,0,-0.13419018742115,0
0,0,-0.127787147659137,0
0,0,-0.121545787356227,0
0,0,-0.1154839837756,0
0,0,-0.109624318723376,0
0,0,-0.103983101281753,0
0,0,-0.0985778950777151,0
0,0,-0.0934273614649318,0
0,0,-0.0885438890731503,0
0,0,-0.083943316530274,0
0,0,-0.079635837012678,0
0,0,-0.0756339959682069,0
0,0,-0.0719454774836658,0
0,0,-0.0685793770087417,0
0,0,-0.0655389877234952,0
0,0,-0.0628304255337503,0
0,0,-0.060454944984291,0
0,0,-0.0584127028932158,0
0,0,-0.0567038560786226,0
0,0,-0.0553241704518633,0
0,0,-0.05427035283288,0
0,0,-0.0535345623167677,0
0,0,-0.0531092716348208,0
0,0,-0.0529863262459395,0
0,0,-0.0531514557031998,0
0,0,-0.0535949372845222,0
0,0,-0.0543003050896101,0
0,0,-0.055253288671539,0
0,0,-0.0564352266766401,0
0,0,-0.0578294963865191,0
0,0,-0.0594155546303287,0
0,0,-0.0611731718734194,0
0,0,-0.063080864036357,0
0,0,-0.0651165197673136,0
0,0,-0.0672561458972859,0
0,0,-0.0694777878925454,0
0,0,-0.0717555707669112,0
0,0,-0.074067696804753,0
0,0,-0.0763865660208113,0
0,0,-0.0786897534270637,0
0,0,-0.0809527954002115,0
0,0,-0.0831488760454866,0
0,0,-0.0852572953739447,0
0,0,-0.0872523352175029,0
0,0,-0.0891115705881382,0
0,0,-0.0908116355892403,0
0,0,-0.0923316734137654,0
0,0,-0.0936492590736913,0
0,0,-0.0947443198524659,0
0,0,-0.0955977239421248,0
0,0,-0.0961884577175284,0
0,0,-0.0965016234593602,0
0,0,-0.0965188734501471,0
0,0,-0.0962242122438868,0
0,0,-0.0956069762099107,0
0,0,-0.0946485039945489,0
0,0,-0.0933436206005663,0
0,0,-0.0916753896733715,0
0,0,-0.0896423998500819,0
0,0,-0.0872328897733432,0
0,0,-0.0844427821726051,0
0,0,-0.0812698815944951,0
0,0,-0.0777083857693848,0
0,0,-0.073761587877334,0
0,0,-0.069427292464969,0
0,0,-0.0647113018019183,0
0,0,-0.0596159681596536,0
0,0,-0.0541474074439986,0
0,0,-0.0483154991951312,0
0,0,-0.0421263593188765,0
0,0,-0.0355944150802558,0
0,0,-0.0287287619289566,0
0,0,-0.021547747582453,0
0,0,-0.0140653288514723,0
0,0,-0.00629906936299696,0
0,0,0.00173017407592968,0
0,0,0.0100023287487561,0
0,0,0.0184934014864788,0
0,0,0.0271809673010743,0
0,0,0.0360363284805971,0
0,0,0.0450343941293574,0
0,0,0.0541453688087234,0
0,0,0.0633389866257685,0
0,0,0.0725840407789782,0
0,0,0.0818479131039556,0
0,0,0.0910976718001069,0
0,0,0.100298189613467,0
0,0,0.109414966562461,0
0,0,0.118411777666437,0
0,0,0.127252868399036,0
0,0,0.135900759234822,0
0,0,0.144321107010318,0
0,0,0.152474707201009,0
0,0,0.160327687097713,0
0,0,0.167842723993091,0
0,0,0.174985317905569,0
0,0,0.181720341581181,0
0,0,0.18801360867455,0
0,0,0.193836891928024,0
0,0,0.199151300453283,0
0,0,0.203934879716598,0
0,0,0.208153600190691,0
0,0,0.211783625524655,0
0,0,0.214800178458995,0
0,0,0.217178011279926,0
0,0,0.218900971723345,0
0,0,0.219944439347856,0
0,0,0.220298377795185,0
0,0,0.219945537074543,0
0,0,0.218874783100968,0
0,0,0.217077961333362,0
0,0,0.214547701321114,0
0,0,0.211281493974657,0
0,0,0.207273380206263,0
0,0,0.202530260012247,0
0,0,0.197052603846905,0
0,0,0.190845900343667,0
0,0,0.183922538132281,0
0,0,0.176290044481454,0
0,0,0.167966139836266,0
0,0,0.158963840098858,0
0,0,0.149305570257252,0
0,0,0.139011246209902,0
0,0,0.128104390671519,0
0,0,0.116613858172144,0
0,0,0.104565053243665,0
0,0,0.0919910645047723,0
0,0,0.0789237260293734,0
0,0,0.0653978514352382,0
0,0,0.0514515475201962,0
0,0,0.0371211960829976,0
0,0,0.0224486675558253,0
0,0,0.00747457782607763,0
0,0,-0.00775873221976808,0
0,0,-0.0232075103323527,0
0,0,-0.0388269065356294,0
0,0,-0.0545712867630631,0
0,0,-0.0703948601300182,0
0,0,-0.0862515221156647,0
0,0,-0.102093600018191,0
0,0,-0.117875146134865,0
0,0,-0.133548644581974,0
0,0,-0.149069245383471,0
0,0,-0.164388648565154,0
0,0,-0.17946325869576,0
0,0,-0.194248696253537,0
0,0,-0.208698856717656,0
0,0,-0.222775162835993,0
0,0,-0.236432450996305,0
0,0,-0.249634339399842,0
0,0,-0.262340682613499,0
0,0,-0.274515569292821,0
0,0,-0.286125754001018,0
0,0,-0.297136109484124,0
0,0,-0.307521701664546,0
0,0,-0.3172489714693,0
0,0,-0.326296591637048,0
0,0,-0.334638059909218,0
0,0,-0.342256596749318,0
0,0,-0.349131345350304,0
0,0,-0.355246623902372,0
0,0,-0.360591611956753,0
0,0,-0.365152352702721,0
0,0,-0.36892445523353,0
0,0,-0.3718981968271,0
0,0,-0.374074361573921,0
0,0,-0.375450910838718,0
0,0,-0.376027060531002,0
0,0,-0.375811278828067,0
0,0,-0.374804820274699,0
0,0,-0.373020700773035,0
0,0,-0.370464565774607,0
0,0,-0.367153978906398,0
0,0,-0.363100231071468,0
0,0,-0.358321042714898,0
0,0,-0.352834918372259,0
0,0,-0.346660048942929,0
0,0,-0.339822152594987,0
0,0,-0.332339733864006,0
0,0,-0.324242274552421,0
0,0,-0.31555361101114,0
0,0,-0.306301656861615,0
0,0,-0.296516677996775,0
0,0,-0.286226431219974,0
0,0,-0.275464632422299,0
0,0,-0.264261233860478,0
0,0,-0.252650892334182,0
0,0,-0.240667480552596,0
0,0,-0.22834393031631,0
0,0,-0.215717721150762,0
0,0,-0.202822568947037,0
0,0,-0.189695482776276,0
0,0,-0.176373158073427,0
0,0,-0.162890722092455,0
0,0,-0.149284870268308,0
0,0,-0.135593082126422,0
0,0,-0.121849387194077,0
0,0,-0.108090480906221,0
0,0,-0.0943500791539351,0
0,0,-0.0806644069178735,0
0,0,-0.0670660823624332,0
0,0,-0.0535877236520111,0
0,0,-0.0402619489510049,0
0,0,-0.0271188673342415,0
0,0,-0.0141895287851384,0
0,0,-0.00150200374324794,0
0,0,0.0109142259889932,0
0,0,0.0230348536063849,0
0,0,0.0348329063960613,0
0,0,0.0462843911890183,0
0,0,0.0573657852705463,0
0,0,0.0680568591059956,0
0,0,0.0783353445254411,0
0,0,0.088183207447605,0
0,0,0.0975839819721915,0
0,0,0.106518065836942,0
0,0,0.1149738545026,0
0,0,0.122937547976537,0
0,0,0.130394248539435,0
0,0,0.137337056194981,0
0,0,0.143753895949624,0
0,0,0.149638181443244,0
0,0,0.154983953588116,0
0,0,0.159785723750807,0
0,0,0.164040198751257,0
0,0,0.167745496772292,0
0,0,0.170900520087222,0
0,0,0.173505739150344,0
0,0,0.175563663051225,0
0,0,0.177077428151828,0
0,0,0.1780512685408,0
0,0,0.178491770578259,0
0,0,0.178406304714814,0
0,0,0.177802084582978,0
0,0,0.176691028358201,0
0,0,0.175082231490172,0
0,0,0.172989650789618,0
0,0,0.170425361250091,0
0,0,0.167405671953789,0
0,0,0.163945010165733,0
0,0,0.160061409967201,0
0,0,0.155771494076588,0
0,0,0.151095962482838,0
0,0,0.146053633357719,0
0,0,0.140664265781585,0
0,0,0.134951382469148,0
0,0,0.128935056136958,0
0,0,0.122639123135923,0
0,0,0.116085851635966,0
0,0,0.109299077987993,0
0,0,0.102301697634321,0
0,0,0.095116449199169,0
0,0,0.0877692076687187,0
0,0,0.0802808298500115,0
0,0,0.0726759361844431,0
0,0,0.0649767948419391,0
0,0,0.0572063012648163,0
0,0,0.0493854690782152,0
0,0,0.0415356255434727,0
0,0,0.0336793524667096,0
0,0,0.0258340566568105,0
0,0,0.0180204381027205,0
0,0,0.0102562172495204,0
0,0,0.00255989863278128,0
0,0,-0.00505409048247429,0
0,0,-0.0125680296511658,0
0,0,-0.0199679620625659,0
0,0,-0.0272413422688288,0
0,0,-0.0343734293687364,0
0,0,-0.0413543438221119,0
0,0,-0.0481715401811095,0
0,0,-0.0548168639046294,0
0,0,-0.0612793377258086,0
0,0,-0.0675522184664286,0
0,0,-0.0736286061301764,0
0,0,-0.0794990916311669,0
0,0,-0.0851611658798318,0
0,0,-0.0906079288798565,0
0,0,-0.0958351465425924,0
0,0,-0.100838271143196,0
0,0,-0.105615107228295,0
0,0,-0.110160793436849,0
0,0,-0.114474232042172,0
0,0,-0.118552286682302,0
0,0,-0.122392291449571,0
0,0,-0.125991737254413,0
0,0,-0.12934952637014,0
0,0,-0.132463776979574,0
0,0,-0.135332136811245,0
0,0,-0.137953194502271,0
0,0,-0.140326009144063,0
0,0,-0.142448542101347,0
0,0,-0.144320009283632,0
0,0,-0.145939156146132,0
0,0,-0.147304571325968,0
0,0,-0.148414216187862,0
0,0,-0.149269658912796,0
0,0,-0.149867919956906,0
0,0,-0.150209469774488,0
0,0,-0.150293210638854,0
0,0,-0.150120553912886,0
0,0,-0.149690872324193,0
0,0,-0.149004009054677,0
0,0,-0.148064041374887,0
0,0,-0.146871753375314,0
0,0,-0.145428870055035,0
0,0,-0.14373805732172,0
0,0,-0.141806371989779,0
0,0,-0.139635382240193,0
0,0,-0.137231831251181,0
0,0,-0.134603246291448,0
0,0,-0.131754331903937,0
0,0,-0.128695908537413,0
0,0,-0.12543330800721,0
0,0,-0.121979232579274,0
0,0,-0.118341993612799,0
0,0,-0.114533195647043,0
0,0,-0.110564600039362,0
0,0,-0.106448281783304,0
0,0,-0.102197727235305,0
0,0,-0.0978248545708166,0
0,0,-0.093345659235841,0
0,0,-0.0887730003144203,0
0,0,-0.0841220891620663,0
0,0,-0.0794087644066827,0
0,0,-0.0746496487666649,0
0,0,-0.0698604240518192,0
0,0,-0.0650578697986379,0
0,0,-0.0602593928160059,0
0,0,-0.0554827135490055,0
0,0,-0.0507444547160297,0
0,0,-0.0460631208526515,0
0,0,-0.041456275585853,0
0,0,-0.0369394439073426,0
0,0,-0.0325339530784567,0
0,0,-0.028255014454708,0
0,0,-0.024118937118295,0
0,0,-0.0201453233314753,0
0,0,-0.0163484435411722,0
0,0,-0.0127468022829582,0
0,0,-0.00935357227706923,0
0,0,-0.00618772851337257,0
0,0,-0.00326009144063277,0
0,0,-0.0005866565048539,0
0,0,0.00181956039182563,0
0,0,0.00394836607303151,0
0,0,0.00578517645564425,0
0,0,0.00732230745285833,0
0,0,0.00854768407112316,0
0,0,0.00945613131320266,0
0,0,0.0100385537294085,0
0,0,0.0102882081415252,0
0,0,0.0102050945495518,0
0,0,0.0097815288666836,0
0,0,0.00901798154721423,0
0,0,0.00791335486445788,0
0,0,0.00646984427178765,0
0,0,0.00469042931306607,0
0,0,0.00257793271405871,0
0,0,0.000140822652060724,0
0,0,-0.00261431451280936,0
0,0,-0.00567712878607918,0
0,0,-0.00903711335517798,0
0,0,-0.0126801545912814,0
0,0,-0.0165927661379542,0
0,0,-0.0207578548225091,0
0,0,-0.0251589547446492,0
0,0,-0.0297750522792336,0
0,0,-0.0345873292544948,0
0,0,-0.0395725765919197,0
0,0,-0.0447078988491902,0
0,0,-0.0499691460392062,0
0,0,-0.0553315409024727,0
0,0,-0.0607681107261229,0
0,0,-0.0662525100696825,0
0,0,-0.0717565116754995,0
0,0,-0.0772518882859236,0
0,0,-0.0827121376423811,0
0,0,-0.0881052688528677,0
0,0,-0.0934069751121838,0
0,0,-0.0985857359826185,0
0,0,-0.103614265115109,0
0,0,-0.10846700115967,0
0,0,-0.113114775950063,0
0,0,-0.117533596317284,0
0,0,-0.121694450913191,0
0,0,-0.125578051111723,0
0,0,-0.129158992380993,0
0,0,-0.132413752006292,0
0,0,-0.135326491359715,0
0,0,-0.137875255907534,0
0,0,-0.140046402475217,0
0,0,-0.141821583345291,0
0,0,-0.143192487158558,0
0,0,-0.144144843468095,0
0,0,-0.144671125005195,0
0,0,-0.144765999954523,0
0,0,-0.14442209786547,0
0,0,-0.143640516464724,0
0,0,-0.142415610300754,0
0,0,-0.140755533914658,0
0,0,-0.138658562307359,0
0,0,-0.136133790928543,0
0,0,-0.133188119774527,0
0,0,-0.129830487476899,0
0,0,-0.126073596301602,0
0,0,-0.121929521242187,0
0,0,-0.117414257744658,0
0,0,-0.112545369435996,0
0,0,-0.107339322216499,0
0,0,-0.101818697892287,0
0,0,-0.0960013737265391,0
0,0,-0.0899122837968485,0
0,0,-0.0835738530912375,0
0,0,-0.0770108588692002,0
0,0,-0.0702491761169172,0
0,0,-0.0633132684576864,0
0,0,-0.0562316767853546,0
0,0,-0.049029178359416,0
0,0,-0.0417338436194247,0
0,0,-0.0343726452782465,0
0,0,-0.0269717719582582,0
0,0,-0.019558980462817,0
0,0,-0.0121618707771828,0
0,0,-0.00480318152557335,0
0,0,0.00248697821718213,0
0,0,0.00968728118974727,0
0,0,0.0167680887715889,0
0,0,0.0237104259728407,0
0,0,0.0304870064444396,0
0,0,0.0370765029250497,0
0,0,0.0434569608809412,0
0,0,0.0496059553240922,0
0,0,0.0555041976284398,0
0,0,0.0611298900783541,0
0,0,0.0664671940459303,0
0,0,0.0714982322679896,0
0,0,0.0762048138451563,0
0,0,0.0805743933295853,0
0,0,0.0845900343666861,0
0,0,0.088242641506771,0
0,0,0.091515121577151,0
0,0,0.0944032404891784,0
0,0,0.0968931982502237,0
0,0,0.0989788789544623,0
0,0,0.10065495078656,0
0,0,0.10191310238732,0
0,0,0.102751451939565,0
0,0,0.103165922172746,0
0,0,0.10315588581447,0
0,0,0.102720872410443,0
0,0,0.101861038778764,0
0,0,0.100581089462373,0
0,0,0.0988825926422516,0
0,0,0.0967710369518326,0
0,0,0.0942523814788416,0
0,0,0.0913350944005744,0
0,0,0.0880268598038361,0
0,0,0.0843374004107065,0
0,0,0.0802789480328343,0
0,0,0.0758632640275747,0
0,0,0.0711049324780473,0
0,0,0.0660172829225876,0
0,0,0.0606185062605704,0
0,0,0.054924911574195,0
0,0,0.0489546897628361,0
0,0,0.0427286976335364,0
0,0,0.036267007902848,0
0,0,0.0295914182864017,0
0,0,0.022724040136024,0
0,0,0.015689023438817,0
0,0,0.00850910681899952,0
0,0,0.00121094935324284,0
0,0,-0.00618176942564608,0
0,0,-0.0136433313495843,0
0,0,-0.0211466068876077,0
0,0,-0.0286677596888103,0
0,0,-0.036179189767933,0
0,0,-0.0436553357749909,0
0,0,-0.0510720477228838,0
0,0,-0.0584018824444494,0
0,0,-0.0656221013154689,0
0,0,-0.0727076134402518,0
0,0,-0.0796355233764821,0
0,0,-0.0863830924999395,0
0,0,-0.0929286799130917,0
0,0,-0.0992512719907981,0
0,0,-0.105332991469879,0
0,0,-0.11115329517949,0
0,0,-0.11669759903651,0
0,0,-0.121948025777759,0
0,0,-0.126892814045884,0
0,0,-0.131514713850096,0
0,0,-0.135806825194082,0
0,0,-0.139754407176624,0
0,0,-0.143350873437602,0
0,0,-0.146587598981623,0
0,0,-0.149459251993354,0
0,0,-0.151959246112676,0
0,0,-0.154085229068116,0
0,0,-0.155832339498637,0
0,0,-0.15720198876712,0
0,0,-0.158190256421113,0
0,0,-0.158799494732088,0
0,0,-0.159030487790535,0
0,0,-0.158885901504121,0
0,0,-0.158367931326219,0
0,0,-0.157483163616947,0
0,0,-0.156234734738267,0
0,0,-0.154629701504591,0
0,0,-0.15267621845702,0
0,0,-0.150380558319474,0
0,0,-0.147752286995938,0
0,0,-0.144801284026587,0
0,0,-0.141537115315404,0
0,0,-0.137972483128333,0
0,0,-0.134116639733158,0
0,0,-0.129984796485393,0
0,0,-0.125587617015705,0
0,0,-0.120941880860587,0
0,0,-0.116059819831687,0
0,0,-0.110958527101696,0
0,0,-0.10565274357183,0
0,0,-0.100160189687172,0
0,0,-0.0944971745299185,0
0,0,-0.0886847117252109,0
0,0,-0.0827378558104637,0
0,0,-0.0766785613194051,0
0,0,-0.0705262736961948,0
0,0,-0.0643009088392872,0
0,0,-0.0580233235557249,0
0,0,-0.0517151587430401,0
0,0,-0.0453975848444719,0
0,0,-0.039091929121356,0
0,0,-0.0328207733798141,0
0,0,-0.0266062289716734,0
0,0,-0.0204691527039753,0
0,0,-0.0144325968371358,0
0,0,-0.00851741817819707,0
0,0,-0.00274745307806468,0
0,0,0.00285879392768984,0
0,0,0.00827701603386655,0
0,0,0.013488551886796,0
0,0,0.0184717605889462,0
0,0,0.0232059421513715,0
0,0,0.0276730624927961,0
0,0,0.0318519511699806,0
0,0,0.0357253581921384,0
0,0,0.0392741517513053,0
0,0,0.042481709129087,0
0,0,0.0453315644251873,0
0,0,0.0478086631021912,0
0,0,0.0498985778950778,0
0,0,0.0515867247207265,0
0,0,0.0528643217656464,0
0,0,0.0537169417648151,0
0,0,0.0541381551762126,0
0,0,0.0541188665501509,0
0,0,0.0536523327084133,0
0,0,0.0527347900166464,0
0,0,0.0513616907500061,0
0,0,0.0495327212722967,0
0,0,0.0472455293120468,0
0,0,0.0445038785036103,0
0,0,0.041309807482262,0
0,0,0.0376684912452376,0
0,0,0.033586359334558,0
0,0,0.0290717231094206,0
0,0,0.0241352462004933,0
0,0,0.0187875922384451,0
0,0,0.0130424043978068,0
0,0,0.00691426676169837,0
0,0,0.000419802048514883,0
0,0,-0.00642405338715357,0
0,0,-0.0135984813735384,0
0,0,-0.0210815273769115,0
0,0,-0.0288524914083285,0
0,0,-0.0368898893883545,0
0,0,-0.0451683167851037,0
0,0,-0.0536637804295719,0
0,0,-0.0623522871527559,0
0,0,-0.071205452878906,0
0,0,-0.0801985003485284,0
0,0,-0.0893044568487563,0
0,0,-0.0984944678495456,0
0,0,-0.107740462911344,0
0,0,-0.117016410229872,0
0,0,-0.1262923575484,0
0,0,-0.135538509428296,0
0,0,-0.144729461337674,0
0,0,-0.153832908748333,0
0,0,-0.16282313349219,0
0,0,-0.171669712858222,0
0,0,-0.180346928678345,0
0,0,-0.188824985513928,0
0,0,-0.197078322014987,0
0,0,-0.20508122001344,0
0,0,-0.21280654997832,0
0,0,-0.220231259649213,0
0,0,-0.227330885402823,0
0,0,-0.234083472705418,0
0,0,-0.240466439750879,0
0,0,-0.246462066094124,0
0,0,-0.252049338110013,0
0,0,-0.257211005807758,0
0,0,-0.261933582830928,0
0,0,-0.266197466917262,0
0,0,-0.269994817161859,0
0,0,-0.27331010857301,0
0,0,-0.276135186609616,0
0,0,-0.27846173991248,0
0,0,-0.280280829850011,0
0,0,-0.281587281424975,0
0,0,-0.282377644639213,0
0,0,-0.282647058131685,0
0,0,-0.282395835538588,0
0,0,-0.281622251860843,0
0,0,-0.280328032097528,0
0,0,-0.278514273975331,0
0,0,-0.276187250218173,0
0,0,-0.273346333553663,0
0,0,-0.27000203079437,0
0,0,-0.266158732847041,0
0,0,-0.261823026071793,0
0,0,-0.257006201371688,0
0,0,-0.251715315561138,0
0,0,-0.245963384542283,0
0,0,-0.239759974219105,0
0,0,-0.23311825731184,0
0,0,-0.226052190631216,0
0,0,-0.218574476443177,0
0,0,-0.210701737466117,0
0,0,-0.202448087328863,0
0,0,-0.19383234420318,0
0,0,-0.184869719444582,0
0,0,-0.175579344861032,0
0,0,-0.165980195442396,0
0,0,-0.156091089360441,0
0,0,-0.145933353876504,0
0,0,-0.135525650344255,0
0,0,-0.124891344660304,0
0,0,-0.114050195905009,0
0,0,-0.103026824519765,0
0,0,-0.0918420873116124,0
0,0,-0.0805184092685771,0
0,0,-0.0690804108320535,0
0,0,-0.0575494192633786,0
0,0,-0.0459503686401441,0
0,0,-0.0343067816770596,0
0,0,-0.0226418674526389,0
0,0,-0.0109788350453952,0
0,0,0.000657538285178338,0
0,0,0.0122451411872542,0
0,0,0.0237593532194362,0
0,0,0.0351775925756039,0
0,0,0.0464774342677339,0
0,0,0.0576366101259014,0
0,0,0.0686339497068678,0
0,0,0.0794449893873352,0
0,0,0.0900523223584186,0
0,0,0.100433523632095,0
0,0,0.110568050037519,0
0,0,0.120438494765804,0
0,0,0.130024314646105,0
0,0,0.139308730141928,0
0,0,0.148272452627213,0
0,0,0.156900270746446,0
0,0,0.165174934508842,0
0,0,0.173081075740789,0
0,0,0.180603639904874,0
0,0,0.187728670190369,0
0,0,0.194442837058939,0
0,0,0.200733751880837,0
0,0,0.206589810116806,0
0,0,0.211999093591393,0
0,0,0.216954388672088,0
0,0,0.221443620365339,0
0,0,0.22546082958342,0
0,0,0.229001154965292,0
0,0,0.232055030606972,0
0,0,0.234622613326559,0
0,0,0.236697787218227,0
0,0,0.238280865918174,0
0,0,0.23936934033683,0
0,0,0.239965562745665,0
0,0,0.240069689962779,0
0,0,0.239685171986329,0
0,0,0.238814988360177,0
0,0,0.237463216354873,0
0,0,0.23563612869434,0
0,0,0.233338743557716,0
0,0,0.23057764730512,0
0,0,0.227362249022435,0
0,0,0.223697566888799,0
0,0,0.21959520544347,0
0,0,0.215062691955153,0
0,0,0.210111474145008,0
0,0,0.204749549736036,0
0,0,0.19899118917516,0
0,0,0.192844860639677,0
0,0,0.186323736849822,0
0,0,0.179441147343933,0
0,0,0.172208069388872,0
0,0,0.164640184794447,0
0,0,0.156750352644698,0
0,0,0.148552686568451,0
0,0,0.140064593374592,0
0,0,0.131299716237651,0
0,0,0.122274521057926,0
0,0,0.113007669189086,0
0,0,0.103515626531427,0
0,0,0.0938162703481282,0
0,0,0.0839287324471543,0
0,0,0.0738738696355468,0
0,0,0.0636686182678972,0
0,0,0.0533347760598353,0
0,0,0.0428949248174832,0
0,0,0.0323658440773333,0
0,0,0.021774349734154,0
0,0,0.0111386326873213,0
0,0,0.000484411104916926,0
0,0,-0.0101685559327033,0
0,0,-0.0207954911660445,0
0,0,-0.0313725582442017,0
0,0,-0.0418789003601328,0
0,0,-0.0522881720733627,0
0,0,-0.0625784188501629,0
0,0,-0.072725490703431,0
0,0,-0.0827072762813411,0
0,0,-0.0924997824148891,0
0,0,-0.102080113661757,0
0,0,-0.111428197305395,0
0,0,-0.12051894245011,0
0,0,-0.129336667286098,0
0,0,-0.137854869554786,0
0,0,-0.146059121991151,0
0,0,-0.153929195060544,0
0,0,-0.161446584227393,0
0,0,-0.16859733268097,0
0,0,-0.175363406339999,0
0,0,-0.181733514301418,0
0,0,-0.187690249756344,0
0,0,-0.193226085436068,0
0,0,-0.198328319074648,0
0,0,-0.202988012040494,0
0,0,-0.207197637064899,0
0,0,-0.210950294151548,0
0,0,-0.214242533302283,0
0,0,-0.217067297702693,0
0,0,-0.219426625988052,0
0,0,-0.221317538614496,0
0,0,-0.222741917399203,0
0,0,-0.22370242824984,0
0,0,-0.224202834800759,0
0,0,-0.224249409775884,0
0,0,-0.223848896353431,0
0,0,-0.223012114982166,0
0,0,-0.221746592930797,0
0,0,-0.220067071100541,0
0,0,-0.217987035847833,0
0,0,-0.215520600801497,0
0,0,-0.212686584133302,0
0,0,-0.20949925629017,0
0,0,-0.205982767259204,0
0,0,-0.202155621575975,0
0,0,-0.198037891957035,0
0,0,-0.193656237479055,0
0,0,-0.189030887676685,0
0,0,-0.184189128898988,0
0,0,-0.179154327042575,0
0,0,-0.173954395728903,0
0,0,-0.168615366762248,0
0,0,-0.163164056037379,0
0,0,-0.157629161266243,0
0,0,-0.152036714253119,0
0,0,-0.146414471801362,0
0,0,-0.140789720260036,0
0,0,-0.135191314159185,0
0,0,-0.129641992123027,0
0,0,-0.124171392772097,0
0,0,-0.118802411548712,0
0,0,-0.113558414349483,0
0,0,-0.108463394343415,0
0,0,-0.103540403790921,0
0,0,-0.0988062222284951,0
0,0,-0.0942839019165524,0
0,0,-0.0899878701201151,0
0,0,-0.0859361609204594,0
0,0,-0.0821422606740202,0
0,0,-0.0786194989191311,0
0,0,-0.0753794801950501,0
0,0,-0.0724320840419553,0
0,0,-0.0697846809104544,0
0,0,-0.0674447980692559,0
0,0,-0.0654174536974962,0
0,0,-0.0637062546114324,0
0,0,-0.0623118280834553,0
0,0,-0.0612377809298215,0
0,0,-0.0604789381532943,0
0,0,-0.0600349861176777,0
0,0,-0.0599031020972071,0
0,0,-0.0600741906421937,0
0,0,-0.0605458994811675,0
0,0,-0.0613070945291653,0
0,0,-0.0623494644269906,0
0,0,-0.063664070543053,0
0,0,-0.0652383674295085,0
0,0,-0.0670598096385109,0
0,0,-0.0691158517222153,0
0,0,-0.071391909597503,0
0,0,-0.0738738696355468,0
0,0,-0.076544481845561,0
0,0,-0.079389318962523,0
0,0,-0.0823920719042347,0
0,0,-0.0855326679541434,0
0,0,-0.0887955821205417,0
0,0,-0.0921627803221516,0
0,0,-0.095615601205304,0
0,0,-0.0991336584172509,0
0,0,-0.102702054238676,0
0,0,-0.106298206863458,0
0,0,-0.109904239028418,0
0,0,-0.113503057560867,0
0,0,-0.117072864745174,0
0,0,-0.120598135589632,0
0,0,-0.124058483741492,0
0,0,-0.127437286482359,0
0,0,-0.130716039276661,0
0,0,-0.133880001223182,0
0,0,-0.136911765513035,0
0,0,-0.13979517988212,0
0,0,-0.142518482973083,0
0,0,-0.145065052067529,0
0,0,-0.14742422353479,0
0,0,-0.149582197382236,0
0,0,-0.151532073613552,0
0,0,-0.153261306780893,0
0,0,-0.154761271888866,0
0,0,-0.156029146211706,0
0,0,-0.157054266118744,0
0,0,-0.157835533883294,0
0,0,-0.158366049509042,0
0,0,-0.15864879253985,0
0,0,-0.15867874479658,0
0,0,-0.158456690369722,0
0,0,-0.157986863347925,0
0,0,-0.157267852368306,0
0,0,-0.156306714245278,0
0,0,-0.155104703523624,0
0,0,-0.153670445198739,0
0,0,-0.152008330177369,0
0,0,-0.150126042546318,0
0,0,-0.148031736846686,0
0,0,-0.145734822164356,0
0,0,-0.143242668949939,0
0,0,-0.140566568106492,0
0,0,-0.137715771901804,0
0,0,-0.134702041693228,0
0,0,-0.131534159294256,0
0,0,-0.128225767879419,0
0,0,-0.124785335626014,0
0,0,-0.121228073889552,0
0,0,-0.117560098575856,0
0,0,-0.113798032403324,0
0,0,-0.109951127639739,0
0,0,-0.10603083200626,0
0,0,-0.102047809133557,0
0,0,-0.0980141340151783,0
0,0,-0.0939403134636964,0
0,0,-0.0898381088364647,0
0,0,-0.0857148905840928,0
0,0,-0.0815841450630134,0
0,0,-0.0774516745428557,0
0,0,-0.0733289267447779,0
0,0,-0.0692235857555852,0
0,0,-0.0651431788439839,0
0,0,-0.0610960173691727,0
0,0,-0.0570879036007788,0
0,0,-0.0531251102627254,0
0,0,-0.049212185079856,0
0,0,-0.0453549303217989,0
0,0,-0.0415561687143192,0
0,0,-0.0378185661650842,0
0,0,-0.0341461999446434,0
0,0,-0.0305385995987025,0
0,0,-0.0269978037625366,0
0,0,-0.023522557891361,0
0,0,-0.0201134892575681,0
0,0,-0.0167665205906085,0
0,0,-0.0134814950723834,0
0,0,-0.0102535513418534,0
0,0,-0.00707814167417453,0
0,0,-0.0039522865254833,0
0,0,-0.000869399535662008,0
0,0,0.00217522383823265,0
0,0,0.00519052222778904,0
0,0,0.00818072972165562,0
0,0,0.0111544713152254,0
0,0,0.0141197447314998,0
0,0,0.0170829795124994,0
0,0,0.0200528006536178,0
0,0,0.0230351672425813,0
0,0,0.0260399588195672,0
0,0,0.0290729776542051,0
0,0,0.0321425351056914,0
0,0,0.0352541198074585,0
0,0,0.0384152590282139,0
0,0,0.0416306573108989,0
0,0,0.0449056464708479,0
0,0,0.0482458719595908,0
0,0,0.0516529019581091,0
0,0,0.0551320682817362,0
0,0,0.0586835277485704,0
0,0,0.062308378085298,0
0,0,0.0660072465643116,0
0,0,0.0697771536417475,0
0,0,0.0736171584090177,0
0,0,0.0775220858688859,0
0,0,0.0814877019327047,0
0,0,0.0855082043308455,0
0,0,0.0895773203393857,0
0,0,0.0936859545086379,0
0,0,0.0978257954794046,0
0,0,0.1019875909839,0
0,0,0.106161618300045,0
0,0,0.110334861525699,0
0,0,0.114497911574979,0
0,0,0.118636968455255,0
0,0,0.122740898081566,0
0,0,0.126793705007907,0
0,0,0.130783941513122,0
0,0,0.134697493968384,0
0,0,0.138518680563886,0
0,0,0.142234014943197,0
0,0,0.1458284425689,0
0,0,0.149288006630269,0
0,0,0.152597025317498,0
0,0,0.155741855456054,0
0,0,0.158709324325702,0
0,0,0.161482338753751,0
0,0,0.164052744199103,0
0,0,0.166400624763303,0
0,0,0.168519864540527,0
0,0,0.170396820356244,0
0,0,0.172017221763529,0
0,0,0.173376677855638,0
0,0,0.174459350004665,0
0,0,0.175260220031473,0
0,0,0.175767369760609,0
0,0,0.175975310558641,0
0,0,0.175875417430175,0
0,0,0.17545969265221,0
0,0,0.174724058954196,0
0,0,0.173660989067426,0
0,0,0.172267503448038,0
0,0,0.170536074827324,0
0,0,0.168466860023382,0
0,0,0.166054056766583,0
0,0,0.163296096875948,0
0,0,0.160192039442888,0
0,0,0.156738434469245,0
0,0,0.152937634226491,0
0,0,0.148788227351742,0
0,0,0.144293193388862,0
0,0,0.139452532337852,0
0,0,0.134269851014966,0
0,0,0.128749697145048,0
0,0,0.122895834362452,0
0,0,0.116713437664414,0
0,0,0.110208622956758,0
0,0,0.10339064250727,0
0,0,0.096264828131285,0
0,0,0.0888416866413717,0
0,0,0.081130313487219,0
0,0,0.0731419995718865,0
0,0,0.0648872517079451,0
0,0,0.0563793994337298,0
0,0,0.0476298904703996,0
0,0,0.0386548770820543,0
0,0,0.0294667478984414,0
0,0,0.0200829097284458,0
0,0,0.0105188875637758,0
0,0,0.000789735941845393,0
0,0,-0.00908227696742037,0
0,0,-0.0190836648075879,0
0,0,-0.0291929434992235,0
0,0,-0.0393903539619702,0
0,0,-0.0496581757507473,0
0,0,-0.0599739838775314,0
0,0,-0.0703186465343593,0
0,0,-0.0806700523694041,0
0,0,-0.0910096968470937,0
0,0,-0.101314214070817,0
0,0,-0.111564315414513,0
0,0,-0.121739614525433,0
0,0,-0.131818627324142,0
0,0,-0.141781594730285,0
0,0,-0.151608130391113,0
0,0,-0.161281454770132,0
0,0,-0.170778986061223,0
0,0,-0.180085669726972,0
0,0,-0.189182530777512,0
0,0,-0.198052162403959,0
0,0,-0.206679666886996,0
0,0,-0.215047794235837,0
0,0,-0.223144626275029,0
0,0,-0.23095416755857,0
0,0,-0.238465127183398,0
0,0,-0.245667311973141,0
0,0,-0.252548176479951,0
0,0,-0.259099879798928,0
0,0,-0.265312385571794,0
0,0,-0.27118083243751,0
0,0,-0.276698477217859,0
0,0,-0.281858576734624,0
0,0,-0.286659562806824,0
0,0,-0.291097201345813,0
0,0,-0.295170394624903,0
0,0,-0.298876319918329,0
0,0,-0.302218270406151,0
0,0,-0.3051937369988,0
0,0,-0.307807581057315,0
0,0,-0.310060743490285,0
0,0,-0.311957772022553,0
0,0,-0.313503841651357,0
0,0,-0.314703186465344,0
0,0,-0.315563490551318,0
0,0,-0.316090242542712,0
0,0,-0.316293008343507,0
0,0,-0.316179315222411,0
0,0,-0.315758729083406,0
0,0,-0.315040659012375,0
0,0,-0.314035925458085,0
0,0,-0.312754564778812,0
0,0,-0.311207240605224,0
0,0,-0.309405400658479,0
0,0,-0.307361119932129,0
0,0,-0.305083964330155,0
0,0,-0.302587577027089,0
0,0,-0.299880739836423,0
0,0,-0.296977566386981,0
0,0,-0.293885113493178,0
0,0,-0.290620003873407,0
0,0,-0.287189294342082,0
0,0,-0.283604746256556,0
0,0,-0.279878905064676,0
0,0,-0.276019768489442,0
0,0,-0.272041606977778,0
0,0,-0.267951006889803,0
0,0,-0.263762395490539,0
0,0,-0.259482515958202,0
0,0,-0.255124384194931,0
0,0,-0.250696782014219,0
0,0,-0.246210216228635,0
0,0,-0.241673625469768,0
0,0,-0.237097830186386,0
0,0,-0.232492866736765,0
0,0,-0.227865321481022,0
0,0,-0.223226171686022,0
0,0,-0.21858561052814,0
0,0,-0.213948185732219,0
0,0,-0.209326756382301,0
0,0,-0.204725870203228,0
0,0,-0.200157288552357,0
0,0,-0.195624304609747,0
0,0,-0.191138052460358,0
0,0,-0.186703236647135,0
0,0,-0.18232848216547,0
0,0,-0.178018336740207,0
0,0,-0.173780327640053,0
0,0,-0.169619943498439,0
0,0,-0.165542829766898,0
0,0,-0.161552436443585,0
0,0,-0.157655193070522,0
0,0,-0.153853138282983,0
0,0,-0.150149565261028,0
0,0,-0.146546355821833,0
0,0,-0.143046175873065,0
0,0,-0.139647927688039,0
0,0,-0.136353336265832,0
0,0,-0.133159735698778,0
0,0,-0.130066341896386,0
0,0,-0.127069704860499,0
0,0,-0.124166531411057,0
0,0,-0.121350078369844,0
0,0,-0.118616582102507,0
0,0,-0.115958672158436,0
0,0,-0.113368193996533,0
0,0,-0.110838874892874,0
0,0,-0.108359110308203,0
0,0,-0.105920118429028,0
0,0,-0.103511078806583,0
0,0,-0.101121014174004,0
0,0,-0.0987356540843666,0
0,0,-0.096346373542278,0
0,0,-0.0939376475560293,0
0,0,-0.0914963034053833,0
0,0,-0.0890107365510843,0
0,0,-0.0864649515471284,0
0,0,-0.0838457756732788,0
0,0,-0.0811390953007103,0
0,0,-0.0783314240729895,0
0,0,-0.0754058256355251,0
0,0,-0.0723519499938452,0
0,0,-0.069153644883849,0
0,0,-0.0657978944033972,0
0,0,-0.0622702712874688,0
0,0,-0.0585583869063162,0
0,0,-0.0546501662663885,0
0,0,-0.0505311821026643,0
0,0,-0.0461912412387687,0
0,0,-0.0416177982268578,0
0,0,-0.0368009735267526,0
0,0,-0.03173057396208,0
0,0,-0.0263957790840726,0
0,0,-0.0207914138954952,0
0,0,-0.0149055602208937,0
0,0,-0.00873523851640656,0
0,0,-0.0022718237866397,0
0,0,0.00448593851319168,0
0,0,0.0115430665622256,0
0,0,0.0189008149052465,0
0,0,0.026558556269862,0
0,0,0.0345158202017779,0
0,0,0.0427691567028368,0
0,0,0.051314645320587,0
0,0,0.0601435042415375,0
0,0,0.0692505584684515,0
0,0,0.0786245170982693,0
0,0,0.0882529915012431,0
0,0,0.0981245339562147,0
0,0,0.108221267200005,0
0,0,0.118530175330474,0
0,0,0.129030244722483,0
0,0,0.139704695839537,0
0,0,0.150531417329811,0
0,0,0.16148970920436,0
0,0,0.172553539658905,0
0,0,0.183702522340698,0
0,0,0.194908429992088,0
0,0,0.206146328535483,0
0,0,0.217389088439919,0
0,0,0.22860785517535,0
0,0,0.239775342392715,0
0,0,0.250861127380989,0
0,0,0.26183619879203,0
0,0,0.272669036188128,0
0,0,0.283330314584946,0
0,0,0.293786631727594,0
0,0,0.304008192177443,0
0,0,0.313961593679603,0
0,0,0.323615315796365,0
0,0,0.332937838090018,0
0,0,0.341894660578988,0
0,0,0.350455831006545,0
0,0,0.358585281210134,0
0,0,0.366255568022594,0
0,0,0.37343156418996,0
0,0,0.380082062910716,0
0,0,0.386178366472918,0
0,0,0.391686445349285,0
0,0,0.396581835916519,0
0,0,0.400830195011146,0
0,0,0.404408940827043,0
0,0,0.407291100651344,0
0,0,0.409449544953084,0
0,0,0.410865612378593,0
0,0,0.411514055214084,0
0,0,0.411381387103123,0
0,0,0.410442360331921,0
0,0,0.408691643085145,0
0,0,0.406109789918635,0
0,0,0.402687862200801,0
0,0,0.398421312206799,0
0,0,0.39329963312406,0
0,0,0.387325177224053,0
0,0,0.380492299055249,0
0,0,0.372807898613963,0
0,0,0.36427479862596,0
0,0,0.354899742269456,0
0,0,0.344695588628493,0
0,0,0.333670805880365,0
0,0,0.321844682651135,0
0,0,0.309230391661041,0
0,0,0.295851298806693,0
0,0,0.281728260895133,0
0,0,0.266885584731563,0
0,0,0.251350556665044,0
0,0,0.235149678954149,0
0,0,0.218318078852844,0
0,0,0.200882729073997,0
0,0,0.182881893233534,0
0,0,0.164350698585422,0
0,0,0.145324272383627,0
0,0,0.125846210059411,0
0,0,0.10595069795815,0
0,0,0.0856839974187742,0
0,0,0.0650859402381911,0
0,0,0.044202003664839,0
0,0,0.023074685403293,0
0,0,0.00175056042867761,0
0,0,-0.0197256781010584,0
0,0,-0.0413082393012814,0
0,0,-0.0629516459235528,0
0,0,-0.0846090093565518,0
0,0,-0.106235322806135,0
0,0,-0.127785109023862,0
0,0,-0.149211636216512,0
0,0,-0.17047240667951,0
0,0,-0.191521472710123,0
0,0,-0.212317747966658,0
0,0,-0.232815284746382,0
0,0,-0.252977701250546,0
0,0,-0.272760931593593,0
0,0,-0.292127809886284,0
0,0,-0.311040699785081,0
0,0,-0.329462592218843,0
0,0,-0.347360555386976,0
0,0,-0.364698991581221,0
0,0,-0.38144920308963,0
0,0,-0.397580296746887,0
0,0,-0.413062633932457,0
0,0,-0.427873946476415,0
0,0,-0.441984909394423,0
0,0,-0.455377331787107,0
0,0,-0.468025652304481,0
0,0,-0.479916070953917,0
0,0,-0.491028201382665,0
0,0,-0.501348243598097,0
0,0,-0.51086427942476,0
0,0,-0.519562665688122,0
0,0,-0.527438384209045,0
0,0,-0.534479673630175,0
0,0,-0.540687161223902,0
0,0,-0.54605190835864,0
0,0,-0.550577365032544,0
0,0,-0.554262590337026,0
0,0,-0.55710962290736,0
0,0,-0.55912646046655,0
0,0,-0.560315298467966,0
0,0,-0.560688368723258,0
0,0,-0.560251316683956,0
0,0,-0.559021705977044,0
0,0,-0.557006593416933,0
0,0,-0.554223699448706,0
0,0,-0.550691058153639,0
0,0,-0.546421842251971,0
0,0,-0.541438476731723,0
0,0,-0.535757270675094,0
0,0,-0.529403942250167,0
0,0,-0.522396368720122,0
0,0,-0.514759013708254,0
0,0,-0.50651743856455,0
0,0,-0.497692656914149,0
0,0,-0.488314150559488,0
0,0,-0.478404344488589,0
0,0,-0.467992406867692,0
0,0,-0.457105310409664,0
0,0,-0.445767361919704,0
0,0,-0.434011806834603,0
0,0,-0.421861540596677,0
0,0,-0.409348083643637,0
0,0,-0.396496370053075,0
0,0,-0.383337763444604,0
0,0,-0.369896884259619,0
0,0,-0.356203057482458,0
0,0,-0.342283569462185,0
0,0,-0.328163354276391,0
0,0,-0.313871109637021,0
0,0,-0.299429887804492,0
0,0,-0.284867288764062,0
0,0,-0.270205110231362,0
0,0,-0.255468129465885,0
0,0,-0.240679712364245,0
0,0,-0.225858990734403,0
0,0,-0.211030741835854,0
0,0,-0.196212372477483,0
0,0,-0.181424582648234,0
0,0,-0.166686347337974,0
0,0,-0.15201554380988,0
0,0,-0.137427697055662,0
0,0,-0.122941154792793,0
0,0,-0.108571128376784,0
0,0,-0.0943309473459712,0
0,0,-0.080237077600652,0
0,0,-0.0663019077705719,0
0,0,-0.0525387673940677,0
0,0,-0.0389600451008852,0
0,0,-0.0255773454302815,0
0,0,-0.0124035274662979,0
0,0,0.000552626977574411,0
0,0,0.0132776315449012,0
0,0,0.0257642726031726,0
0,0,0.0379990637959544,0
0,0,0.0499744778545403,0
0,0,0.0616796943301632,0
0,0,0.073105774591234,0
0,0,0.0842425254613783,0
0,0,0.0950824196718896,0
0,0,0.105615420864491,0
0,0,0.11583290404379,0
0,0,0.125727185122981,0
0,0,0.135289011834278,0
0,0,0.144512738726151,0
0,0,0.153388329440324,0
0,0,0.161909197616679,0
0,0,0.17007001143988,0
0,0,0.177860420915457,0
0,0,0.185276819227153,0
0,0,0.192310581379576,0
0,0,0.198957002829782,0
0,0,0.20520667449189,0
0,0,0.211057244094426,0
0,0,0.216502125277274,0
0,0,0.221534418044117,0
0,0,0.226151142851094,0
0,0,0.23034696788287,0
0,0,0.234118599959384,0
0,0,0.237461491355794,0
0,0,0.240374701163512,0
0,0,0.242854779384379,0
0,0,0.244898589656435,0
0,0,0.246509895614033,0
0,0,0.247682110897054,0
0,0,0.248421821865618,0
0,0,0.248725108067272,0
0,0,0.248597144499252,0
0,0,0.248039969796834,0
0,0,0.247054054414312,0
0,0,0.245647239256588,0
0,0,0.243822033413232,0
0,0,0.241584082335774,0
0,0,0.238938404203352,0
0,0,0.235893310375164,0
0,0,0.232455700847523,0
0,0,0.228630593799569,0
0,0,0.224430691497244,0
0,0,0.219861168937785,0
0,0,0.214933944296643,0
0,0,0.209656701660625,0
0,0,0.204043084204262,0
0,0,0.198101560104849,0
0,0,0.191846242991211,0
0,0,0.185287953312116,0
0,0,0.178441118332584,0
0,0,0.171319538045247,0
0,0,0.163937796533222,0
0,0,0.156310791515827,0
0,0,0.148453891166672,0
0,0,0.140384815930837,0
0,0,0.132118620345737,0
0,0,0.123673495310747,0
0,0,0.115067631725242,0
0,0,0.106319534124794,0
0,0,0.0974472365906802,0
0,0,0.0884692436584722,0
0,0,0.079406882589506,0
0,0,0.0702799124641376,0
0,0,0.0611082491808215,0
0,0,0.0519130631827958,0
0,0,0.0427163090037896,0
0,0,0.0335380593603545,0
0,0,0.0244021506033967,0
0,0,0.0153278713589777,0
0,0,0.00633858752370875,0
0,0,-0.00254374636868093,0
0,0,-0.0112989007835417,0
0,0,-0.0199036666423602,0
0,0,-0.0283378144104858,0
0,0,-0.0365793895541896,0
0,0,-0.0446095739017051,0
0,0,-0.0524065697374005,0
0,0,-0.0599518725257047,0
0,0,-0.0672279186396345,0
0,0,-0.0742133808178534,0
0,0,-0.0808950863401247,0
0,0,-0.0872523352175029,0
0,0,-0.0932724251840455,0
0,0,-0.0989407721566333,0
0,0,-0.104242164779753,0
0,0,-0.109166096240835,0
0,0,-0.11369876654725,0
0,0,-0.117833275702682,0
0,0,-0.121556450986896,0
0,0,-0.124864371947438,0
0,0,-0.127750138587994,0
0,0,-0.130206380457956,0
0,0,-0.132234352102108,0
0,0,-0.133827153524134,0
0,0,-0.134990273357468,0
0,0,-0.135718693422971,0
0,0,-0.13602072507984,0
0,0,-0.135900131962429,0
0,0,-0.135361461795583,0
0,0,-0.134415064573772,0
0,0,-0.133069094838097,0
0,0,-0.131336725308794,0
0,0,-0.129229874161317,0
0,0,-0.126763909569275,0
0,0,-0.123955140614868,0
0,0,-0.120820660470784,0
0,0,-0.117381012307869,0
0,0,-0.113653759753106,0
0,0,-0.109662582339303,0
0,0,-0.105428023237306,0
0,0,-0.100974075616119,0
0,0,-0.0963239485542549,0
0,0,-0.091502889765502,0
0,0,-0.086533794692178,0
0,0,-0.081444263319541,0
0,0,-0.0762576615442035,0
0,0,-0.0710009620790316,0
0,0,-0.0656986285473238,0
0,0,-0.0603766927533573,0
0,0,-0.0550599319566274,0
0,0,-0.0497729665985294,0
0,0,-0.0445413580290477,0
0,0,-0.0393873744181068,0
0,0,-0.0343348521166134,0
0,0,-0.0294068433849813,0
0,0,-0.0246229504854697,0
0,0,-0.020006225678493,0
0,0,-0.0155740757729369,0
0,0,-0.0113461030310587,0
0,0,-0.00733987107984169,0
0,0,-0.00357121854718989,0
0,0,-5.39454257336702e-05,0
0,0,0.00319736420140782,0
0,0,0.00617141943117394,0
0,0,0.00885818390528792,0
0,0,0.0112471508111807,0
0,0,0.0133323610611253,0
0,0,0.0151058169321203,0
0,0,0.0165637547898125,0
0,0,0.0177024109998487,0
0,0,0.0185200605631493,0
0,0,0.0190149784806364,0
0,0,0.0191898306599769,0
0,0,0.019043519374484,0
0,0,0.0185832582566687,0
0,0,0.0178113995780023,0
0,0,0.0167339024262112,0
0,0,0.0153586077061982,0
0,0,0.0136925722323762,0
0,0,0.0117458323630211,0
0,0,0.00952732672972334,0
0,0,0.00704834623554262,0
0,0,0.00431986814734309,0
0,0,0.00135506518536266,0
0,0,-0.00183336038445536,0
0,0,-0.00523270629616845,0
0,0,-0.00882791801236182,0
0,0,-0.0126062932670935,0
0,0,-0.0165524638867525,0
0,0,-0.0206510616977282,0
0,0,-0.0248881298892945,0
0,0,-0.0292509661955068,0
0,0,-0.0337216933531866,0
0,0,-0.0382869818239987,0
0,0,-0.0429327179791168,0
0,0,-0.0476444745535193,0
0,0,-0.0524090788269693,0
0,0,-0.0572105353534642,0
0,0,-0.0620384941385317,0
0,0,-0.0668780574628556,0
0,0,-0.0717151116976111,0
0,0,-0.076540404575011,0
0,0,-0.0813385679214466,0
0,0,-0.0861006631053278,0
0,0,-0.0908125764978286,0
0,0,-0.0954669376483401,0
0,0,-0.100051044290919,0
0,0,-0.104555330521585,0
0,0,-0.108972269071629,0
0,0,-0.113291039492286,0
0,0,-0.117505682695829,0
0,0,-0.121607730504962,0
0,0,-0.125591851104352,0
0,0,-0.129451771770076,0
0,0,-0.133180749323918,0
0,0,-0.136777842857289,0
0,0,-0.140234897829089,0
0,0,-0.143551914239319,0
0,0,-0.146724344363135,0
0,0,-0.149752972291026,0
0,0,-0.152634661661033,0
0,0,-0.155369412473155,0
0,0,-0.157958792908372,0
0,0,-0.160402175694293,0
0,0,-0.162701599466191,0
0,0,-0.164860043767931,0
0,0,-0.16688017450718,0
0,0,-0.168766068954486,0
0,0,-0.170520549835615,0
0,0,-0.172152555782158,0
0,0,-0.173662400430309,0
0,0,-0.175061374683129,0
0,0,-0.176352928538777,0
0,0,-0.177544275629762,0
0,0,-0.178645765950557,0
0,0,-0.179662731316496,0
0,0,-0.180603483086776,0
0,0,-0.18147837125587,0
0,0,-0.182293198093406,0
0,0,-0.183057059049071,0
0,0,-0.183779049572553,0
0,0,-0.184466383296364,0
0,0,-0.185125646580621,0
0,0,-0.185765778056914,0
0,0,-0.186392109540578,0
0,0,-0.187010129665045,0
0,0,-0.187627679335217,0
0,0,-0.188247424458762,0
0,0,-0.188875010487211,0
0,0,-0.189512632873935,0
0,0,-0.190164368889485,0
0,0,-0.190830845806253,0
0,0,-0.191511906806141,0
0,0,-0.192210374614914,0
0,0,-0.192921544689629,0
0,0,-0.193644789757897,0
0,0,-0.194377914366341,0
0,0,-0.195114018518649,0
0,0,-0.195850436307153,0
0,0,-0.196578856372656,0
0,0,-0.197294574172216,0
0,0,-0.197987866983753,0
0,0,-0.198651364356658,0
0,0,-0.199274873114557,0
0,0,-0.199850081898252,0
0,0,-0.200365542986585,0
0,0,-0.200810279112692,0
0,0,-0.201173626645904,0
0,0,-0.201444294683161,0
0,0,-0.201609737776618,0
0,0,-0.2016597627499,0
0,0,-0.201581667337064,0
0,0,-0.201363062908364,0
0,0,-0.200992972196935,0
0,0,-0.200459163391129,0
0,0,-0.199749875133589,0
0,0,-0.198855071066041,0
0,0,-0.19776142165015,0
0,0,-0.196459988254325,0
0,0,-0.194941204974584,0
0,0,-0.193193153635475,0
0,0,-0.191207993332095,0
0,0,-0.188977569523343,0
0,0,-0.186492943577633,0
0,0,-0.183746745044352,0
0,0,-0.180734269380561,0
0,0,-0.177447675681355,0
0,0,-0.173883827584774,0
0,0,-0.170037863729777,0
0,0,-0.165906020482012,0
0,0,-0.161487043296693,0
0,0,-0.156779677629036,0
0,0,-0.151780630298981,0
0,0,-0.146492724032295,0
0,0,-0.14091564519278,0
0,0,-0.135049864234732,0
0,0,-0.128898987974404,0
0,0,-0.122464898228975,0
0,0,-0.115752613177582,0
0,0,-0.108766053272676,0
0,0,-0.101511020783887,0
0,0,-0.093994415707528,0
0,0,-0.0862221971313268,0
0,0,-0.0782036173230682,0
0,0,-0.0699462035514593,0
0,0,-0.0614599921747768,0
0,0,-0.0527559604598848,0
0,0,-0.0438438311288631,0
0,0,-0.0347363064476547,0
0,0,-0.0254438932288297,0
0,0,-0.015979921010724,0
0,0,-0.00635740569547683,0
0,0,0.00341000954238146,0
0,0,0.0133091519826118,0
0,0,0.0233252807239976,0
0,0,0.0334441253196149,0
0,0,0.0436517289587357,0
0,0,0.0539324098315537,0
0,0,0.0642700156739686,0
0,0,0.074650119220959,0
0,0,0.0850548432093452,0
0,0,0.0954692899198109,0
0,0,0.105875738907276,0
0,0,0.116256940180952,0
0,0,0.126596114204348,0
0,0,0.136874285987597,0
0,0,0.147075460084698,0
0,0,0.157179720597195,0
0,0,0.167169817534302,0
0,0,0.17702865772333,0
0,0,0.186734913902944,0
0,0,0.19627415880812,0
0,0,0.205625378813718,0
0,0,0.214772892109933,0
0,0,0.223698194161192,0
0,0,0.232382937250022,0
0,0,0.24081206683901,0
0,0,0.248966294302093,0
0,0,0.256830094647563,0
0,0,0.264386061066536,0
0,0,0.271620393566381,0
0,0,0.278513960339135,0
0,0,0.285053588664561,0
0,0,0.291225792186224,0
0,0,0.29701253682285,0
0,0,0.302403786216159,0
0,0,0.30738291764776,0
0,0,0.311939267486982,0
0,0,0.316059506195491,0
0,0,0.319731872415932,0
0,0,0.322946643426224,0
0,0,0.32569158741472,0
0,0,0.327958863476516,0
0,0,0.329737494344747,0
0,0,0.331020893659295,0
0,0,0.331799495516178,0
0,0,0.332068281736259,0
0,0,0.33181800005175,0
0,0,0.331043945919711,0
0,0,0.329741257979101,0
0,0,0.327901624870723,0
0,0,0.325524889776479,0
0,0,0.322603682245761,0
0,0,0.3191353363709,0
0,0,0.315117813516622,0
0,0,0.310547977320967,0
0,0,0.305424102784854,0
0,0,0.299745092181599,0
0,0,0.293511259147396,0
0,0,0.28672307413654,0
0,0,0.279380850785227,0
0,0,0.271487725455419,0
0,0,0.263047461781469,0
0,0,0.254062568852946,0
0,0,0.24453869212138,0
0,0,0.234484456582165,0
0,0,0.223904253142047,0
0,0,0.212808745431693,0
0,0,0.201208597081772,0
0,0,0.189113217178168,0
0,0,0.176537817076393,0
0,0,0.163493217225213,0
0,0,0.149999333523083,0
0,0,0.136070279598828,0
0,0,0.121725971350902,0
0,0,0.106985697405366,0
0,0,0.0918703145692636,0
0,0,0.0764044432839903,0
0,0,0.0606092539927847,0
0,0,0.0445134444075921,0
0,0,0.0281406940612201,0
0,0,0.011521112028497,0
0,0,-0.00531801534151444,0
0,0,-0.0223454812472997,0
0,0,-0.0395297652511485,0
0,0,-0.0568406014601331,0
0,0,-0.0742434898926814,0
0,0,-0.0917050282939053,0
0,0,-0.109191814408918,0
0,0,-0.126668564165653,0
0,0,-0.144099679855853,0
0,0,-0.16145081831604,0
0,0,-0.178685597747465,0
0,0,-0.195768263623768,0
0,0,-0.212662904600494,0
0,0,-0.229334550241774,0
0,0,-0.245747132385054,0
0,0,-0.26186536695827,0
0,0,-0.277654910797945,0
0,0,-0.293082832103487,0
0,0,-0.308114160439028,0
0,0,-0.322716591276366,0
0,0,-0.336859231450183,0
0,0,-0.350511971885651,0
0,0,-0.363644233053648,0
0,0,-0.376229199059405,0
0,0,-0.388238329009075,0
0,0,-0.399649197914633,0
0,0,-0.410434205790822,0
0,0,-0.420574220829678,0
0,0,-0.430048072587961,0
0,0,-0.438835217894827,0
0,0,-0.446922170393841,0
0,0,-0.454290425549432,0
0,0,-0.460928222004245,0
0,0,-0.466824112037122,0
0,0,-0.471968216107885,0
0,0,-0.47635347740212,0
0,0,-0.479973466377808,0
0,0,-0.482826144399673,0
0,0,-0.484907591015264,0
0,0,-0.486219688041758,0
0,0,-0.486763846842037,0
0,0,-0.486543987868552,0
0,0,-0.485565913390933,0
0,0,-0.48383762113218,0
0,0,-0.481369461086765,0
0,0,-0.478170842340573,0
0,0,-0.474256976249115,0
0,0,-0.469641192350727,0
0,0,-0.46434277927147,0
0,0,-0.458376791548759,0
0,0,-0.451764399625832,0
0,0,-0.444528812581203,0
0,0,-0.436690416767618,0
0,0,-0.428274459898868,0
0,0,-0.41930618968874,0
0,0,-0.409813833394885,0
0,0,-0.399823579639679,0
0,0,-0.389365067043658,0
0,0,-0.378468247863549,0
0,0,-0.367164799355164,0
0,0,-0.355484673775231,0
0,0,-0.343460802924344,0
0,0,-0.331127843602175,0
0,0,-0.318515904883551,0
0,0,-0.30566089811293,0
0,0,-0.292596225545198,0
0,0,-0.279355446253341,0
0,0,-0.265971805674149,0
0,0,-0.252480117425392,0
0,0,-0.238912529217172,0
0,0,-0.225303227394867,0
0,0,-0.211683418759992,0
0,0,-0.198086348749337,0
0,0,-0.184540715074846,0
0,0,-0.171078665446622,0
0,0,-0.157729681667102,0
0,0,-0.14452010917676,0
0,0,-0.131479743414228,0
0,0,-0.118634302547588,0
0,0,-0.106006525201061,0
0,0,-0.093624168178001,0
0,0,-0.0815055791958837,0
0,0,-0.0696749082418104,0
0,0,-0.0581492484884697,0
0,0,-0.0469488294705118,0
0,0,-0.036088235271056,0
0,0,-0.0255833045180078,0
0,0,-0.0154484644763885,0
0,0,-0.00569422195876779,0
0,0,0.00366813213179285,0
0,0,0.0126312273446854,0
0,0,0.0211862818664175,0
0,0,0.0293276502454594,0
0,0,0.037052823392242,0
0,0,0.0443558422190387,0
0,0,0.0512381180887325,0
0,0,0.0576974555479497,0
0,0,0.0637360500500641,0
0,0,0.0693559402303499,0
0,0,0.074560732905063,0
0,0,0.079354818980949,0
0,0,0.083744628000028,0
0,0,0.087735648595733,0
0,0,0.0913371330358494,0
0,0,0.094556451770986,0
0,0,0.0974047388861052,0
0,0,0.0998909330127973,0
0,0,0.102028520507494,0
0,0,0.103827537728474,0
0,0,0.105302725576953,0
0,0,0.106466472682679,0
0,0,0.107333990401164,0
0,0,0.107920803724116,0
0,0,0.108241339916557,0
0,0,0.108312692151176,0
0,0,0.108150855873975,0
0,0,0.107772767439545,0
0,0,0.107194735930084,0
0,0,0.106434952244969,0
0,0,0.105510823193083,0
0,0,0.104437403311841,0
0,0,0.103234608499698,0
0,0,0.101917650112164,0
0,0,0.100504248594322,0
0,0,0.0990108698464671,0
0,0,0.0974549206774855,0
0,0,0.0958509851704965,0
0,0,0.0942155292257969,0
0,0,0.0925639210169968,0
0,0,0.0909112150815099,0
0,0,0.0892712114119665,0
0,0,0.087658650909584,0
0,0,0.0860856085679136,0
0,0,0.0845661980157806,0
0,0,0.0831088874304804,0
0,0,0.0817285745313294,0
0,0,0.0804312184060538,0
0,0,0.0792288940482042,0
0,0,0.0781288150902919,0
0,0,0.0771391360734159,0
0,0,0.0762644047224201,0
0,0,0.0755116778517175,0
0,0,0.0748825236422883,0
0,0,0.0743816466370752,0
0,0,0.0740095172903714,0
0,0,0.0737656651478835,0
0,0,0.0736505606639049,0
0,0,0.0736602833859852,0
0,0,0.0737935787693387,0
0,0,0.0740437036357493,0
0,0,0.0744065807146672,0
0,0,0.074876094100268,0
0,0,0.0754440892514523,0
0,0,0.0761028820814151,0
0,0,0.0768421225956846,0
0,0,0.0776552244341415,0
0,0,0.0785287012403526,0
0,0,0.0794528302922384,0
0,0,0.0804161638686396,0
0,0,0.0814066269760059,0
0,0,0.0824127718931784,0
0,0,0.0834226804447049,0
0,0,0.0844236503646414,0
0,0,0.0854047043861237,0
0,0,0.0863539243336995,0
0,0,0.0872615874852884,0
0,0,0.0881137370301632,0
0,0,0.0889033161539106,0
0,0,0.0896195044077646,0
0,0,0.0902538336144296,0
0,0,0.0907981492328067,0
0,0,0.091244610357992,0
0,0,0.0915874147203579,0
0,0,0.0918177805064126,0
0,0,0.0919330418084892,0
0,0,0.0919264554483703,0
0,0,0.0917947282459974,0
0,0,0.0915340965670166,0
0,0,0.0911406399589765,0
0,0,0.0906127902408962,0
0,0,0.0899477246870106,0
0,0,0.0891448160249277,0
0,0,0.0882015551650785,0
0,0,0.0871201375608355,0
0,0,0.0858988382131205,0
0,0,0.0845373434857368,0
0,0,0.0830389465587444,0
0,0,0.0814025497054562,0
0,0,0.0796305051973436,0
0,0,0.0777243812153872,0
0,0,0.075687000485352,0
0,0,0.0735210289149049,0
0,0,0.0712280346850269,0
0,0,0.0688128791567575,0
0,0,0.0662776009653721,0
0,0,0.0636265910176161,0
0,0,0.0608622015849605,0
0,0,0.0579910190275239,0
0,0,0.0550155524348752,0
0,0,0.0519398790775645,0
0,0,0.0487702716795138,0
0,0,0.0455106506931751,0
0,0,0.0421666615700784,0
0,0,0.0387423815807735,0
0,0,0.035244867539673,0
0,0,0.031678823989719,0
0,0,0.02805083729103,0
0,0,0.0243657688046464,0
0,0,0.0206309889811764,0
0,0,0.0168504182730722,0
0,0,0.0130317407671383,0
0,0,0.009179504188219,0
0,0,0.00530186307741398,0
0,0,0.00140148334238988,0
0,0,-0.00251379411195074,0
0,0,-0.00644161701413626,0
0,0,-0.0103749285497542,0
0,0,-0.0143102787206467,0
0,0,-0.0182439038924606,0
0,0,-0.0221714131584497,0
0,0,-0.0260912383376343,0
0,0,-0.0299999294318559,0
0,0,-0.0338957614420367,0
0,0,-0.0377779502776858,0
0,0,-0.0416444573035287,0
0,0,-0.0454963802462518,0
0,0,-0.0493332486515603,0
0,0,-0.0531574147909262,0
0,0,-0.0569682513919568,0
0,0,-0.0607703061794957,0
0,0,-0.0645635791535432,0
0,0,-0.0683532453113352,0
0,0,-0.0721425978329309,0
0,0,-0.0759346162621936,0
0,0,-0.079735102868752,0
0,0,-0.0835481349231556,0
0,0,-0.0873790442407377,0
0,0,-0.0912328490006378,0
0,0,-0.0951151946543847,0
0,0,-0.0990317266535098,0
0,0,-0.102987619995249,0
0,0,-0.106987892858739,0
0,0,-0.111039602058394,0
0,0,-0.115145413501882,0
0,0,-0.119311756731221,0
0,0,-0.123541140835982,0
0,0,-0.127840779448674,0
0,0,-0.132210358933104,0
0,0,-0.13665630883129,0
0,0,-0.141179413233722,0
0,0,-0.14578233804807,0
0,0,-0.150466965091507,0
0,0,-0.155233608000232,0
0,0,-0.160081482683753,0
0,0,-0.165012627777347,0
0,0,-0.170023122828559,0
0,0,-0.175112497383098,0
0,0,-0.180279026441884,0
0,0,-0.185517848643876,0
0,0,-0.190825827627115,0
0,0,-0.196198572484853,0
0,0,-0.201632162764641,0
0,0,-0.207119071197769,0
0,0,-0.212653338696512,0
0,0,-0.218229947081733,0
0,0,-0.223839016813253,0
0,0,-0.229474275167148,0
0,0,-0.235126783511832,0
0,0,-0.240786819125222,0
0,0,-0.246446227466219,0
0,0,-0.252094815358451,0
0,0,-0.257720350990267,0
0,0,-0.263314366184373,0
0,0,-0.268865413219609,0
0,0,-0.274359692103346,0
0,0,-0.27978544147823,0
0,0,-0.285132938622181,0
0,0,-0.290386188089195,0
0,0,-0.295532330795233,0
0,0,-0.30056023265533,0
0,0,-0.305452173224408,0
0,0,-0.310199213870874,0
0,0,-0.314780968241983,0
0,0,-0.319188340888045,0
0,0,-0.323403297727784,0
0,0,-0.327413450131453,0
0,0,-0.331202489016852,0
0,0,-0.334756300755158,0
0,0,-0.338061712626131,0
0,0,-0.341100847366593,0
0,0,-0.343862570891581,0
0,0,-0.3463304173008,0
0,0,-0.348491213874011,0
0,0,-0.350331317436683,0
0,0,-0.3518358302695,0
0,0,-0.352992206924617,0
0,0,-0.353785079228424,0
0,0,-0.354205351731233,0
0,0,-0.354237656259434,0
0,0,-0.353869761001378,0
0,0,-0.353093354597867,0
0,0,-0.351892912057195,0
0,0,-0.350262317473535,0
0,0,-0.348187614036161,0
0,0,-0.345662842657345,0
0,0,-0.342679221523598,0
0,0,-0.339227341549034,0
0,0,-0.335302655008809,0
0,0,-0.330896850543728,0
0,0,-0.326006164519435,0
0,0,-0.320623383303421,0
0,0,-0.314746938714703,0
0,0,-0.30837385120942,0
0,0,-0.301499102608434,0
0,0,-0.294125358819411,0
0,0,-0.286248385753703,0
0,0,-0.277872417499959,0
0,0,-0.268994317696217,0
0,0,-0.259621299974988,0
0,0,-0.249753364336271,0
0,0,-0.239395999413501,0
0,0,-0.228556262021087,0
0,0,-0.21723838624768,0
0,0,-0.205452722087751,0
0,0,-0.193205542265222,0
0,0,-0.18050923540984,0
0,0,-0.167372583335098,0
0,0,-0.15381048376031,0
0,0,-0.139835011679028,0
0,0,-0.125460123901979,0
0,0,-0.110702913601853,0
0,0,-0.0955793762246515,0
0,0,-0.0801083299421419,0
0,0,-0.0643078088356024,0
0,0,-0.0482002378930551,0
0,0,-0.0318050625586597,0
0,0,-0.0151483146366959,0
0,0,0.00174820815720711,0
0,0,0.0188561217472984,0
0,0,0.0361509625102814,0
0,0,0.0536015236446408,0
0,0,0.0711808324375098,0
0,0,0.0888562707244918,0
0,0,0.106597415794562,0
0,0,0.124371492665226,0
0,0,0.142144314991105,0
0,0,0.159882950971606,0
0,0,0.177552586988959,0
0,0,0.195118409425395,0
0,0,0.212547172844123,0
0,0,0.229800299993022,0
0,0,0.246846270434378,0
0,0,0.26364729100656,0
0,0,0.280171057181367,0
0,0,0.296378678070479,0
0,0,0.312240985507655,0
0,0,0.327719559058872,0
0,0,0.342781780559731,0
0,0,0.357396600026816,0
0,0,0.371527008388984,0
0,0,0.385144935206682,0
0,0,0.398214312317356,0
0,0,0.41070801019004,0
0,0,0.422593567478436,0
0,0,0.433839463744832,0
0,0,0.444421078547833,0
0,0,0.454305323268748,0
0,0,0.463470557010043,0
0,0,0.471883847971126,0
0,0,0.479527946161211,0
0,0,0.486373997050252,0
0,0,0.492400830195011,0
0,0,0.497588686515133,0
0,0,0.50191717965787,0
0,0,0.505368432360042,0
0,0,0.507922999177489,0
0,0,0.50957209829672,0
0,0,0.510297695636458,0
0,0,0.510087088930759,0
0,0,0.508937141817663,0
0,0,0.506831858851166,0
0,0,0.503770769576976,0
0,0,0.499745562635893,0
0,0,0.494758119845095,0
0,0,0.488805304842621,0
0,0,0.481887744900863,0
0,0,0.474014221833313,0
0,0,0.465183794731382,0
0,0,0.455411204496289,0
0,0,0.444699273853797,0
0,0,0.433067605066166,0
0,0,0.420526391309768,0
0,0,0.407091314394412,0
0,0,0.39278464249002,0
0,0,0.377622057406401,0
0,0,0.361631159128813,0
0,0,0.344830609010925,0
0,0,0.327253025217134,0
0,0,0.308923969097426,0
0,0,0.289873863362823,0
0,0,0.270136894358704,0
0,0,0.249744425704682,0
0,0,0.228735661925272,0
0,0,0.207144318911557,0
0,0,0.185012423913819,0
0,0,0.162379808728966,0
0,0,0.139286148335807,0
0,0,0.115777704073271,0
0,0,0.0918952486468558,0
0,0,0.0676855138497825,0
0,0,0.0431946042028819,0
0,0,0.0184681537726905,0
0,0,-0.00644679201137266,0
0,0,-0.0315017763570059,0
0,0,-0.0566497538347909,0
0,0,-0.0818417971981312,0
0,0,-0.107030390563314,0
0,0,-0.132166449865646,0
0,0,-0.157204654674787,0
0,0,-0.182093098200277,0
0,0,-0.20678787137466,0
0,0,-0.231240831041829,0
0,0,-0.255405088590464,0
0,0,-0.279236421316911,0
0,0,-0.302688411064144,0
0,0,-0.325717776037097,0
0,0,-0.348283429894077,0
0,0,-0.370339738568549,0
0,0,-0.391850006625565,0
0,0,-0.41277173636055,0
0,0,-0.433070584610029,0
0,0,-0.452704837759916,0
0,0,-0.471645170825875,0
0,0,-0.489852379283388,0
0,0,-0.507300744964375,0
0,0,-0.52395498379677,0
0,0,-0.53978953443059,0
0,0,-0.554777424152967,0
0,0,-0.568891052978643,0
0,0,-0.582112230008241,0
0,0,-0.594412571166013,0
0,0,-0.605778433277428,0
0,0,-0.616188802717344,0
0,0,-0.625625959040681,0
0,0,-0.634079552252967,0
0,0,-0.641530921000531,0
0,0,-0.647974263013746,0
0,0,-0.653393739664707,0
0,0,-0.657789507771513,0
0,0,-0.661146355978651,0
0,0,-0.663466166103298,0
0,0,-0.664745488147296,0
0,0,-0.664978519841018,0
0,0,-0.66417278845317,0
0,0,-0.662323275804614,0
0,0,-0.659440331889823,0
0,0,-0.655524897617384,0
0,0,-0.650586068436987,0
0,0,-0.644633880706905,0
0,0,-0.637676018513945,0
0,0,-0.629728790940305,0
0,0,-0.620800509345183,0
0,0,-0.610913128262307,0
0,0,-0.600079820411914,0
0,0,-0.588320972146754,0
0,0,-0.575657440273867,0
0,0,-0.562108827055513,0
0,0,-0.547702889295048,0
0,0,-0.532459542890926,0
0,0,-0.516410621917054,0
0,0,-0.499582314995809,0
0,0,-0.482003790293431,0
0,0,-0.463709547791492,0
0,0,-0.444730323837214,0
0,0,-0.425102343411248,0
0,0,-0.40485853831419,0
0,0,-0.384041249432515,0
0,0,-0.362685290383993,0
0,0,-0.340830806601728,0
0,0,-0.318521079880787,0
0,0,-0.295794530655194,0
0,0,-0.272695852082897,0
0,0,-0.249267071414178,0
0,0,-0.225552724988886,0
0,0,-0.20159578096589,0
0,0,-0.177441716593629,0
0,0,-0.15313444093956,0
0,0,-0.128720372160711,0
0,0,-0.104242164779753,0
0,0,-0.079745296045126,0
0,0,-0.0552754000233657,0
0,0,-0.0308748176009499,0
0,0,-0.00658730102723681,0
0,0,0.0175430838122164,0
0,0,0.0414736823947377,0
0,0,0.0651641924691244,0
0,0,0.0885721163308013,0
0,0,0.11165683809237,0
0,0,0.134380878228394,0
0,0,0.156702836760985,0
0,0,0.178588684162862,0
0,0,0.199998118182823,0
0,0,0.220896952475491,0
0,0,0.241251000695488,0
0,0,0.261026860587927,0
0,0,0.280192227624606,0
0,0,0.298714483641128,0
0,0,0.316566812742725,0
0,0,0.333717067219294,0
0,0,0.35014125390183,0
0,0,0.365809106897409,0
0,0,0.380699142126595,0
0,0,0.394785170967011,0
0,0,0.408045552521126,0
0,0,0.420458645891405,0
0,0,0.432003280634611,0
0,0,0.442662363578056,0
0,0,0.452413312915617,0
0,0,0.461245465016627,0
0,0,0.469139217618827,0
0,0,0.476079829821,0
0,0,0.48205883344585,0
0,0,0.487059605774983,0
0,0,0.49107556044828,0
0,0,0.494096190653171,0
0,0,0.496117262301008,0
0,0,0.497131091304985,0
0,0,0.497135639029829,0
0,0,0.496131375929833,0
0,0,0.494117204278311,0
0,0,0.49109986725348,0
0,0,0.487078423946751,0
0,0,0.482068399349832,0
0,0,0.476073243460881,0
0,0,0.469106913090626,0
0,0,0.461187599138442,0
0,0,0.45232643568929,0
0,0,0.442548356820764,0
0,0,0.431869985251258,0
0,0,0.420320018692717,0
0,0,0.40791884349789,0
0,0,0.394700018739763,0
0,0,0.380691301221691,0
0,0,0.365924368199485,0
0,0,0.350435287835698,0
0,0,0.334256991930925,0
0,0,0.317428528191581,0
0,0,0.29998706250691,0
0,0,0.281975406217681,0
0,0,0.263431666121724,0
0,0,0.244400692195085,0
0,0,0.224926393505221,0
0,0,0.205051895029101,0
0,0,0.184825653559026,0
0,0,0.164291578162453,0
0,0,0.143498909722173,0
0,0,0.122494066395215,0
0,0,0.101324720883388,0
0,0,0.0800401140694846,0
0,0,0.0586874482010218,0
0,0,0.037316277796988,0
0,0,0.0159739619229975,0
0,0,-0.00529308126392236,0
0,0,-0.0264348267904904,0
0,0,-0.0474043860453848,0
0,0,-0.0681578499611484,0
0,0,-0.0886434685654202,0
0,0,-0.108821096425097,0
0,0,-0.128640865384992,0
0,0,-0.148064825465377,0
0,0,-0.167046244873029,0
0,0,-0.185544194084351,0
0,0,-0.203522291300595,0
0,0,-0.220938979725772,0
0,0,-0.237760073014507,0
0,0,-0.25394809164136,0
0,0,-0.269474337894388,0
0,0,-0.284304154973917,0
0,0,-0.298410256530886,0
0,0,-0.311768649396289,0
0,0,-0.324348597222908,0
0,0,-0.336135202291426,0
0,0,-0.347099139617505,0
0,0,-0.357231784205752,0
0,0,-0.366511181522437,0
0,0,-0.374926040664501,0
0,0,-0.382468050272746,0
0,0,-0.389122469445954,0
0,0,-0.394890239092713,0
0,0,-0.399759911491865,0
0,0,-0.403736818458745,0
0,0,-0.406817666813292,0
0,0,-0.409005279281272,0
0,0,-0.410308280858078,0
0,0,-0.410727926088494,0
0,0,-0.410281621781407,0
0,0,-0.408973288389267,0
0,0,-0.40682425317341,0
0,0,-0.403845963854997,0
0,0,-0.400058179514381,0
0,0,-0.395482384231,0
0,0,-0.390138807539501,0
0,0,-0.38405536306134,0
0,0,-0.377254475784542,0
0,0,-0.369767666146815,0
0,0,-0.361623161405812,0
0,0,-0.352854050180223,0
0,0,-0.343493107452545,0
0,0,-0.333576558203429,0
0,0,-0.32313890241445,0
0,0,-0.312220285518711,0
0,0,-0.30085818704165,0
0,0,-0.289092752416371,0
0,0,-0.276966479347449,0
0,0,-0.264519983722282,0
0,0,-0.251795763245445,0
0,0,-0.238838667892984,0
0,0,-0.225689940824691,0
0,0,-0.212394588834708,0
0,0,-0.198996520990495,0
0,0,-0.185540587268096,0
0,0,-0.172067246736812,0
0,0,-0.15862448573465,0
0,0,-0.145250881513734,0
0,0,-0.131992695412992,0
0,0,-0.118887877412156,0
0,0,-0.105978454761507,0
0,0,-0.0933050433484428,0
0,0,-0.0809019863364392,0
0,0,-0.0688098996128946,0
0,0,-0.0570604604336179,0
0,0,-0.0456908346878498,0
0,0,-0.0347279950884571,0
0,0,-0.024203775709347,0
0,0,-0.0141478151710536,0
0,0,-0.00458159755301035,0
0,0,0.00446790443191469,0
0,0,0.0129818726119544,0
0,0,0.0209386660895761,0
0,0,0.0283240144178558,0
0,0,0.0351225494231837,0
0,0,0.0413190597500477,0
0,0,0.0469086840374073,0
0,0,0.0518785632012218,0
0,0,0.0562255608795299,0
0,0,0.0599448157112914,0
0,0,0.0630361708784088,0
0,0,0.0654980581999007,0
0,0,0.0673372208539842,0
0,0,0.0685566383845226,0
0,0,0.0691636812421248,0
0,0,0.0691696403298512,0
0,0,0.0685842383697817,0
0,0,0.0674230003536247,0
0,0,0.0656994126378136,0
0,0,0.0634349593017831,0
0,0,0.0606459494277316,0
0,0,0.0573555920941724,0
0,0,0.0535883509244035,0
0,0,0.0493661804521535,0
0,0,0.0447187192979566,0
0,0,0.0396730969927779,0
0,0,0.0342572271580717,0
0,0,0.0285027870496477,0
0,0,0.0224397289242357,0
0,0,0.0161011414005268,0
0,0,0.00951979946101589,0
0,0,0.0027267530891204,0
0,0,-0.00424051818972304,0
0,0,-0.0113512780282945,0
0,0,-0.0185696150821375,0
0,0,-0.0258618134601678,0
0,0,-0.0331949413617928,0
0,0,-0.0405321465339672,0
0,0,-0.0478441039923537,0
0,0,-0.0550934910296128,0
0,0,-0.0622505122071131,0
0,0,-0.0692809811794762,0
0,0,-0.0761551025080701,0
0,0,-0.0828416693913812,0
0,0,-0.0893107295726786,0
0,0,-0.0955351535209974,0
0,0,-0.10148404807102,0
0,0,-0.107134831416624,0
0,0,-0.112460060390649,0
0,0,-0.117436055460289,0
0,0,-0.122042587090891,0
0,0,-0.126253623478178,0
0,0,-0.130056619174306,0
0,0,-0.133423346921622,0
0,0,-0.136346436269517,0
0,0,-0.138805187229048,0
0,0,-0.140786740716173,0
0,0,-0.142281060372616,0
0,0,-0.143272307570472,0
0,0,-0.143758600492566,0
0,0,-0.143725355055776,0
0,0,-0.143172414442006,0
0,0,-0.14209287865494,0
0,0,-0.140485493149794,0
0,0,-0.138349944290371,0
0,0,-0.135686859349064,0
0,0,-0.132501099686913,0
0,0,-0.1287940766668,0
0,0,-0.1245759834651,0
0,0,-0.119853406441931,0
0,0,-0.114634970592686,0
0,0,-0.108935416818585,0
0,0,-0.102766036022686,0
0,0,-0.0961423531966978,0
0,0,-0.0890816183314086,0
0,0,-0.0816015518718984,0
0,0,-0.0737225401709163,0
0,0,-0.0654652832174056,0
0,0,-0.056854401452763,0
0,0,-0.0479123198650111,0
0,0,-0.0386656975308208,0
0,0,-0.0291418207992548,0
0,0,-0.019369073746063,0
0,0,-0.00937646771938649,0
0,0,0.00080479047925941,0
0,0,0.0111442781388513,0
0,0,0.02160953391309,0
0,0,0.032166371456597,0
0,0,0.0427831135135643,0
0,0,0.0534240055576334,0
0,0,0.0640548612434262,0
0,0,0.0746410237712711,0
0,0,0.0851473658872022,0
0,0,0.0955373489743703,0
0,0,0.105778511686477,0
0,0,0.115832590407594,0
0,0,0.125667437427619,0
0,0,0.135248709583076,0
0,0,0.144541906892391,0
0,0,0.153515665735951,0
0,0,0.162136113404576,0
0,0,0.170374238550123,0
0,0,0.178198050280587,0
0,0,0.185579948610709,0
0,0,0.192492960827623,0
0,0,0.198909643764168,0
0,0,0.204808513340908,0
0,0,0.210164165025957,0
0,0,0.214956526102764,0
0,0,0.219166307945267,0
0,0,0.222778142379856,0
0,0,0.225773524870958,0
0,0,0.228142419060299,0
0,0,0.229871965863836,0
0,0,0.230952599377589,0
0,0,0.231380085512909,0
0,0,0.231145799274403,0
0,0,0.230250054298266,0
0,0,0.228691282403519,0
0,0,0.226470894953045,0
0,0,0.223594066944078,0
0,0,0.220063464284286,0
0,0,0.215891632421514,0
0,0,0.211082805444411,0
0,0,0.205652194708487,0
0,0,0.199612659297784,0
0,0,0.192978469659226,0
0,0,0.1857668757836,0
0,0,0.177995441297889,0
0,0,0.169685023009135,0
0,0,0.160855066361499,0
0,0,0.151527996343002,0
0,0,0.141725767487374,0
0,0,0.1314739411446,0
0,0,0.120795099120799,0
0,0,0.109715116402154,0
0,0,0.0982601816110391,0
0,0,0.0864550720069499,0
0,0,0.074327073938949,0
0,0,0.0619030033018049,0
0,0,0.0492085782636003,0
0,0,0.0362726533543782,0
0,0,0.0231215740146138,0
0,0,0.0097818425028795,0
0,0,-0.00371737301458508,0
0,0,-0.0173506680058932,0
0,0,-0.0310898152133943,0
0,0,-0.0449092532871035,0
0,0,-0.0587805981512716,0
0,0,-0.0726770339111299,0
0,0,-0.086574567397674,0
0,0,-0.100444344080862,0
0,0,-0.114263468518375,0
0,0,-0.128002615725876,0
0,0,-0.141640928896322,0
0,0,-0.155151592134945,0
0,0,-0.168509671364153,0
0,0,-0.181694309776903,0
0,0,-0.194678534660328,0
0,0,-0.207442586934073,0
0,0,-0.219961689338643,0
0,0,-0.232216239611781,0
0,0,-0.244184283219758,0
0,0,-0.255843865628845,0
0,0,-0.267178520938744,0
0,0,-0.278165510525239,0
0,0,-0.288788682124227,0
0,0,-0.299028590291548,0
0,0,-0.3088693963993,0
0,0,-0.318293693638595,0
0,0,-0.32728658429012,0
0,0,-0.335833954725047,0
0,0,-0.343919966315473,0
0,0,-0.351532857704042,0
0,0,-0.358659612988616,0
0,0,-0.36529003899282,0
0,0,-0.371411747086908,0
0,0,-0.377016112275486,0
0,0,-0.382093725472669,0
0,0,-0.386635961683066,0
0,0,-0.390635607274165,0
0,0,-0.394084350886767,0
0,0,-0.396979212977011,0
0,0,-0.399312509458092,0
0,0,-0.40107922215087,0
0,0,-0.402278723782955,0
0,0,-0.402905055266618,0
0,0,-0.402956177966587,0
0,0,-0.402432719155253,0
0,0,-0.40133264019734,0
0,0,-0.399657038819536,0
0,0,-0.397408580929508,0
0,0,-0.394589932434922,0
0,0,-0.391203916061545,0
0,0,-0.387258999986671,0
0,0,-0.382757222845574,0
0,0,-0.377712541448984,0
0,0,-0.372129660339841,0
0,0,-0.366019556785009,0
0,0,-0.359397285321905,0
0,0,-0.352270530037331,0
0,0,-0.344658736375448,0
0,0,-0.33657209751263,0
0,0,-0.328030842983527,0
0,0,-0.31905190914273,0
0,0,-0.30965223234483,0
0,0,-0.299854394395948,0
0,0,-0.289676743013558,0
0,0,-0.279142800912368,0
0,0,-0.268273424899421,0
0,0,-0.257092921779917,0
0,0,-0.245624814268565,0
0,0,-0.233893565988664,0
0,0,-0.221925992834981,0
0,0,-0.209744049341246,0
0,0,-0.197376746855601,0
0,0,-0.184848078547049,0
0,0,-0.17218391940177,0
0,0,-0.159411712586926,0
0,0,-0.146554980817226,0
0,0,-0.133640383169341,0
0,0,-0.120694735538039,0
0,0,-0.107739835638952,0
0,0,-0.0948032834573375,0
0,0,-0.081906563072631,0
0,0,-0.0690738244719348,0
0,0,-0.056327963097565,0
0,0,-0.0436906198470551,0
0,0,-0.0311823378912512,0
0,0,-0.0188228763105095,0
0,0,-0.00663199418518501,0
0,0,0.00537415622062132,0
0,0,0.0171753453722587,0
0,0,0.0287604391847653,0
0,0,0.0401121876673542,0
0,0,0.051217574917886,0
0,0,0.0620670350323791,0
0,0,0.0726464543820073,0
0,0,0.0829498738790444,0
0,0,0.0929661594385283,0
0,0,0.102690920153713,0
0,0,0.112116942392087,0
0,0,0.121240148883102,0
0,0,0.13005630553811,0
0,0,0.138562432813246,0
0,0,0.146757119345629,0
0,0,0.154639267408573,0
0,0,0.162206054276312,0
0,0,0.169459204947925,0
0,0,0.17639715124243,0
0,0,0.183020049977928,0
0,0,0.189330567062084,0
0,0,0.195325409314838,0
0,0,0.201009124461036,0
0,0,0.206379987501597,0
0,0,0.211440664344191,0
0,0,0.216192252715501,0
0,0,0.220633968525039,0
0,0,0.224769104952864,0
0,0,0.228597034726584,0
0,0,0.232119326027178,0
0,0,0.235338174308021,0
0,0,0.238252638660522,0
0,0,0.240864287265665,0
0,0,0.243175001940624,0
0,0,0.245183371322518,0
0,0,0.246889709047542,0
0,0,0.248295269660481,0
0,0,0.249399739525139,0
0,0,0.250200609551947,0
0,0,0.250699604739984,0
0,0,0.250897195543543,0
0,0,0.250789147873978,0
0,0,0.250377814002758,0
0,0,0.249660057567924,0
0,0,0.248636819478062,0
0,0,0.247304963371213,0
0,0,0.245664646065473,0
0,0,0.243716651651334,0
0,0,0.24145564831346,0
0,0,0.238886497412893,0
0,0,0.2360037103162,0
0,0,0.232811521112029,0
0,0,0.229307891165104,0
0,0,0.22549407502021,0
0,0,0.221371954494524,0
0,0,0.216940745497556,0
0,0,0.21220499575415,0
0,0,0.207163921173815,0
0,0,0.201823167208081,0
0,0,0.196183988401733,0
0,0,0.19025061884342,0
0,0,0.184027763076081,0
0,0,0.177516832462601,0
0,0,0.170727549725059,0
0,0,0.163659758045356,0
0,0,0.156322866509378,0
0,0,0.148720795569575,0
0,0,0.140859504313674,0
0,0,0.132748088191362,0
0,0,0.124389213110306,0
0,0,0.115794954064059,0
0,0,0.106970486049854,0
0,0,0.0979249045173807,0
0,0,0.0886651094629529,0
0,0,0.0792014508810432,0
0,0,0.069542396948947,0
0,0,0.0596964158439597,0
0,0,0.0496746416510436,0
0,0,0.0394867970922788,0
0,0,0.0291441730707256,0
0,0,0.018658374125641,0
0,0,0.0080402207057908,0
0,0,-0.00269664401429248,0
0,0,-0.0135406154953532,0
0,0,-0.024476325563781,0
0,0,-0.0354902878631419,0
0,0,-0.0465668205836303,0
0,0,-0.0576918100964198,0
0,0,-0.0688473791383318,0
0,0,-0.0800178458995595,0
0,0,-0.0911870581160031,0
0,0,-0.102336197615895,0
0,0,-0.113447387136055,0
0,0,-0.124504160776187,0
0,0,-0.135487073092131,0
0,0,-0.146377305912121,0
0,0,-0.157156511518681,0
0,0,-0.167805244467653,0
0,0,-0.178304529769172,0
0,0,-0.188634765160978,0
0,0,-0.198776975653207,0
0,0,-0.208711402165501,0
0,0,-0.218419226526095,0
0,0,-0.227883355562299,0
0,0,-0.237080580195599,0
0,0,-0.245997257251465,0
0,0,-0.254611745832363,0
0,0,-0.262909618673272,0
0,0,-0.270868607604267,0
0,0,-0.278478989903267,0
0,0,-0.285719438308937,0
0,0,-0.292576152828646,0
0,0,-0.299037528923138,0
0,0,-0.305085532511136,0
0,0,-0.310711381779148,0
0,0,-0.315899394917369,0
0,0,-0.320643769656169,0
0,0,-0.324931490093409,0
0,0,-0.328754715324187,0
0,0,-0.332107643078873,0
0,0,-0.334982432452565,0
0,0,-0.337377044809988,0
0,0,-0.339283796064336,0
0,0,-0.34070519530518,0
0,0,-0.341638106170557,0
0,0,-0.342082215024272,0
0,0,-0.342041285500677,0
0,0,-0.341517199416951,0
0,0,-0.340514661316033,0
0,0,-0.339037905286573,0
0,0,-0.33709586996016,0
0,0,-0.334694984878815,0
0,0,-0.331844815946519,0
0,0,-0.328554929067254,0
0,0,-0.324836928780277,0
0,0,-0.320703360533433,0
0,0,-0.316165828865978,0
0,0,-0.311239545133425,0
0,0,-0.305937682056011,0
0,0,-0.300275450989248,0
0,0,-0.294268533742942,0
0,0,-0.287932925763097,0
0,0,-0.281283681587125,0
0,0,-0.274337580751519,0
0,0,-0.267111402792774,0
0,0,-0.259621770429282,0
0,0,-0.251884522288948,0
0,0,-0.243916281090168,0
0,0,-0.235733983187532,0
0,0,-0.227353310390846,0
0,0,-0.218789317237524,0
0,0,-0.210058312809765,0
0,0,-0.201176606189767,0
0,0,-0.19215799737016,0
0,0,-0.183017540888359,0
0,0,-0.173770134463679,0
0,0,-0.164430205361141,0
0,0,-0.155010455846688,0
0,0,-0.145525156367246,0
0,0,-0.135987793279247,0
0,0,-0.126411068848634,0
0,0,-0.116808155795644,0
0,0,-0.107190658659535,0
0,0,-0.0975723774329351,0
0,0,-0.087963505292219,0
0,0,-0.0783783126843102,0
0,0,-0.0688266791493873,0
0,0,-0.0593208364990987,0
0,0,-0.0498722324546034,0
0,0,-0.0404916874646671,0
0,0,-0.0311906492504488,0
0,0,-0.0219805655331069,0
0,0,-0.0128710022166236,0
0,0,-0.00387293656786369,0
0,0,0.00500218369201555,0
0,0,0.0137458903857177,0
0,0,0.0223476767006727,0
0,0,0.0307971926424082,0
0,0,0.0390858132155316,0
0,0,0.0472041293341583,0
0,0,0.0551438296390909,0
0,0,0.0628966027711326,0
0,0,0.0704531964624973,0
0,0,0.0778085925340473,0
0,0,0.0849518137189178,0
0,0,0.0918798804732457,0
0,0,0.0985846382559317,0
0,0,0.105060755251642,0
0,0,0.111301645100258,0
0,0,0.117303700985523,0
0,0,0.123058611548242,0
0,0,0.128566063152216,0
0,0,0.133818058074446,0
0,0,0.138811146316774,0
0,0,0.143542034699141,0
0,0,0.148006175496701,0
0,0,0.152197609621731,0
0,0,0.156115239347542,0
0,0,0.159753105586409,0
0,0,0.163107601522076,0
0,0,0.166175120338288,0
0,0,0.168951427946396,0
0,0,0.171432917530146,0
0,0,0.173615511818988,0
0,0,0.175495133542372,0
0,0,0.177069116792631,0
0,0,0.178332757026823,0
0,0,0.179283858791575,0
0,0,0.179919285724927,0
0,0,0.180235431010622,0
0,0,0.180231824194367,0
0,0,0.179904074369415,0
0,0,0.179252808808159,0
0,0,0.178277713874403,0
0,0,0.176977378205264,0
0,0,0.175352899527429,0
0,0,0.173406630112368,0
0,0,0.171139354050572,0
0,0,0.168554050885905,0
0,0,0.165656993342288,0
0,0,0.162449592782604,0
0,0,0.158939533293658,0
0,0,0.155132146690785,0
0,0,0.151035744333182,0
0,0,0.146657069399065,0
0,0,0.142005687792417,0
0,0,0.137091635871513,0
0,0,0.131923852267942,0
0,0,0.126514255157159,0
0,0,0.120872096806948,0
0,0,0.115013686299508,0
0,0,0.108947334994037,0
0,0,0.102686215610771,0
0,0,0.0962474213224001,0
0,0,0.0896398907605129,0
0,0,0.0828793057349162,0
0,0,0.0759796230563377,0
0,0,0.0689547995355049,0
0,0,0.0618173806202624,0
0,0,0.0545822640299272,0
0,0,0.0472635633933238,0
0,0,0.0398731968859061,0
0,0,0.0324270031355778,0
0,0,0.0249361162273016,0
0,0,0.0174155906984912,0
0,0,0.00987671745220764,0
0,0,0.0023326692086878,0
0,0,-0.00520369494802642,0
0,0,-0.0127210841148756,0
0,0,-0.020206952844014,0
0,0,-0.0276498534142828,0
0,0,-0.0350386517407202,0
0,0,-0.0423598614668924,0
0,0,-0.0496051712336015,0
0,0,-0.056760467412023,0
0,0,-0.0638150863714881,0
0,0,-0.0707597758442106,0
0,0,-0.0775808926556599,0
0,0,-0.0842701254466374,0
0,0,-0.0908146151331033,0
0,0,-0.0972055799015652,0
0,0,-0.103431258394669,0
0,0,-0.109483339253217,0
0,0,-0.115350061119854,0
0,0,-0.121023269453481,0
0,0,-0.126494182440607,0
0,0,-0.131753704631544,0
0,0,-0.136793054212801,0
0,0,-0.141606899369043,0
0,0,-0.146186458286778,0
0,0,-0.150526555968771,0
0,0,-0.154619194692021,0
0,0,-0.158461865366958,0
0,0,-0.162049079360151,0
0,0,-0.165374407129578,0
0,0,-0.168439416856221,0
0,0,-0.171235169908489,0
0,0,-0.17376590037503,0
0,0,-0.176024394623335,0
0,0,-0.178015670832539,0
0,0,-0.179734867641605,0
0,0,-0.181186219139178,0
0,0,-0.182370979870045,0
0,0,-0.183289777106596,0
0,0,-0.183949981299442,0
0,0,-0.184349553813307,0
0,0,-0.184498687824564,0
0,0,-0.184400362877079,0
0,0,-0.18405944033189,0
0,0,-0.183485642911077,0
0,0,-0.1826822637947,0
0,0,-0.181662005248702,0
0,0,-0.180427846816945,0
0,0,-0.178993431673963,0
0,0,-0.177365973452264,0
0,0,-0.175554253965342,0
0,0,-0.173573014114413,0
0,0,-0.171428683441499,0
0,0,-0.169137257392601,0
0,0,-0.166707831417408,0
0,0,-0.164156871416217,0
0,0,-0.16149378647491,0
0,0,-0.158734258403294,0
0,0,-0.155894282647372,0
0,0,-0.152984522837812,0
0,0,-0.150023169873989,0
0,0,-0.147023710112337,0
0,0,-0.144002138998857,0
0,0,-0.140973354252868,0
0,0,-0.137953194502271,0
0,0,-0.134957184738776,0
0,0,-0.132001947680778,0
0,0,-0.1291017537752,0
0,0,-0.126273068922338,0
0,0,-0.123531888568196,0
0,0,-0.120892483159697,0
0,0,-0.118370220870451,0
0,0,-0.115978744874989,0
0,0,-0.113734521073608,0
0,0,-0.111648683551271,0
0,0,-0.109734405028215,0
0,0,-0.10800548549707,0
0,0,-0.106473529497092,0
0,0,-0.105148416568459,0
0,0,-0.104039869433251,0
0,0,-0.103158708540235,0
0,0,-0.102511206613333,0
0,0,-0.102105361375546,0
0,0,-0.1019471319146,0
0,0,-0.10204106595534,0
0,0,-0.102391240768315,0
0,0,-0.102998754080211,0
0,0,-0.103866114980598,0
0,0,-0.104991441652298,0
0,0,-0.106374734095312,0
0,0,-0.10801034685811,0
0,0,-0.109897339032103,0
0,0,-0.1120269288038,0
0,0,-0.114392843449277,0
0,0,-0.116986457973142,0
0,0,-0.11979836328951,0
0,0,-0.122815229860048,0
0,0,-0.126024825873104,0
0,0,-0.129412880881757,0
0,0,-0.132962928985709,0
0,0,-0.136657249739878,0
0,0,-0.140478593153479,0
0,0,-0.144406729691861,0
0,0,-0.148419548003196,0
0,0,-0.152496975370934,0
0,0,-0.156612979990795,0
0,0,-0.160746077783345,0
0,0,-0.164869609671913,0
0,0,-0.168958327942711,0
0,0,-0.172985887155265,0
0,0,-0.176923903233825,0
0,0,-0.180747442100798,0
0,0,-0.184424826500377,0
0,0,-0.187931592809263,0
0,0,-0.191237945588825,0
0,0,-0.194313618946136,0
0,0,-0.197136344711271,0
0,0,-0.199673034265539,0
0,0,-0.201899067167544,0
0,0,-0.203787784340615,0
0,0,-0.205313624434769,0
0,0,-0.206452280644805,0
0,0,-0.207177564348347,0
0,0,-0.207470186919332,0
0,0,-0.207305057462071,0
0,0,-0.206662573714307,0
0,0,-0.205524701594762,0
0,0,-0.203873407022158,0
0,0,-0.201691753641905,0
0,0,-0.198966882369961,0
0,0,-0.195685306849893,0
0,0,-0.191836520269131,0
0,0,-0.187410799905596,0
0,0,-0.182401716217265,0
0,0,-0.176804878297395,0
0,0,-0.170617149784022,0
0,0,-0.163837432950462,0
0,0,-0.156468550522479,0
0,0,-0.14851473658872,0
0,0,-0.13997975478354,0
0,0,-0.130875523282391,0
0,0,-0.121211294353059,0
0,0,-0.111000711170075,0
0,0,-0.100258985088951,0
0,0,-0.0890061888262402,0
0,0,-0.0772606700994146,0
0,0,-0.0650462652593811,0
0,0,-0.0523874379294367,0
0,0,-0.0393095926414678,0
0,0,-0.0258433089245963,0
0,0,-0.0120188526717494,0
0,0,0.00213100113457854,0
0,0,0.0165726934214021,0
0,0,0.0312684310270879,0
0,0,0.0461813616985909,0
0,0,0.0612738490923761,0
0,0,0.0765035523219662,0
0,0,0.0918292282275712,0
0,0,0.107207908650321,0
0,0,0.12259646861325,0
0,0,0.137949117231722,0
0,0,0.153219906803004,0
0,0,0.168364928259641,0
0,0,0.183335411173133,0
0,0,0.198083839659767,0
0,0,0.212565677379695,0
0,0,0.226730899359633,0
0,0,0.240534028351144,0
0,0,0.253926607561925,0
0,0,0.266866609741697,0
0,0,0.279304637189569,0
0,0,0.291198819473358,0
0,0,0.302507129342783,0
0,0,0.313186598638976,0
0,0,0.323199747836498,0
0,0,0.332506117866051,0
0,0,0.341074501926118,0
0,0,0.348869929580833,0
0,0,0.355861664482975,0
0,0,0.362026183917834,0
0,0,0.367334006082974,0
0,0,0.371768665078099,0
0,0,0.375308049551383,0
0,0,0.377942123144548,0
0,0,0.379652067685827,0
0,0,0.380438196811418,0
0,0,0.38028984689065,0
0,0,0.379206390651132,0
0,0,0.377191905363414,0
0,0,0.374248900117065,0
0,0,0.370386940816066,0
0,0,0.365614025183418,0
0,0,0.359948500936596,0
0,0,0.35340401125013,0
0,0,0.345999844750083,0
0,0,0.337761249150242,0
0,0,0.328708140349061,0
0,0,0.318870000148977,0
0,0,0.308273173990464,0
0,0,0.296949495947428,0
0,0,0.284931270548071,0
0,0,0.272249390957712,0
0,0,0.258942904882767,0
0,0,0.245045841850516,0
0,0,0.230596622294986,0
0,0,0.215634137104495,0
0,0,0.200198845348344,0
0,0,0.184331519732029,0
0,0,0.168072462506753,0
0,0,0.151464955467581,0
0,0,0.134551339500989,0
0,0,0.117372700948671,0
0,0,0.0999731056961821,0
0,0,0.0823939537214111,0
0,0,0.0646775859108346,0
0,0,0.0468647749699496,0
0,0,0.0289977049671348,0
0,0,0.01111526679071,0
0,0,-0.00674176685382888,0
0,0,-0.0245356028048485,0
0,0,-0.0422289183550094,0
0,0,-0.0597837635245809,0
0,0,-0.0771667360586753,0
0,0,-0.0943431791576205,0
0,0,-0.111278279203647,0
0,0,-0.127943024848612,0
0,0,-0.144304484291923,0
0,0,-0.160333332549243,0
0,0,-0.176004165088685,0
0,0,-0.191286716017322,0
0,0,-0.206158873983329,0
0,0,-0.220594607182426,0
0,0,-0.234573058807571,0
0,0,-0.248073058415526,0
0,0,-0.261076101470719,0
0,0,-0.273562899347088,0
0,0,-0.285519024779612,0
0,0,-0.296930834593759,0
0,0,-0.307782803797821,0
0,0,-0.318066464214502,0
0,0,-0.32777068175884,0
0,0,-0.336888556434521,0
0,0,-0.345413658699523,0
0,0,-0.353341597647101,0
0,0,-0.360670021005784,0
0,0,-0.36739422423263,0
0,0,-0.37351985277917,0
0,0,-0.379042358920558,0
0,0,-0.383969113107406,0
0,0,-0.388304192610261,0
0,0,-0.392051361063478,0
0,0,-0.395219557098646,0
0,0,-0.397817876165453,0
0,0,-0.399855727349782,0
0,0,-0.401342519737518,0
0,0,-0.402295189683251,0
0,0,-0.402723773545258,0
0,0,-0.402643325860951,0
0,0,-0.4020726648021,0
0,0,-0.401025119907038,0
0,0,-0.399520920710417,0
0,0,-0.397575278567749,0
0,0,-0.395210461648958,0
0,0,-0.392445288125812,0
0,0,-0.389298732988177,0
0,0,-0.385791966679291,0
0,0,-0.38194631646049,0
0,0,-0.37778248232072,0
0,0,-0.373319439249845,0
0,0,-0.368581337234968,0
0,0,-0.363586210357365,0
0,0,-0.358356954059354,0
0,0,-0.352914111511781,0
0,0,-0.347277128158807,0
0,0,-0.341467644897963,0
0,0,-0.335504009446722,0
0,0,-0.329407392248325,0
0,0,-0.323194886475458,0
0,0,-0.31688703529897,0
0,0,-0.310499050074371,0
0,0,-0.30405053306392,0
0,0,-0.297556695623129,0
0,0,-0.291032749107509,0
0,0,-0.284495473053554,0
0,0,-0.277957412909109,0
0,0,-0.271430800485823,0
0,0,-0.264928651685834,0
0,0,-0.258461630139811,0
0,0,-0.252041026750815,0
0,0,-0.245673584697063,0
0,0,-0.23936934033683,0
0,0,-0.233133782303548,0
0,0,-0.226975221956416,0
0,0,-0.220895854748805,0
0,0,-0.214901796586541,0
0,0,-0.208996183831584,0
0,0,-0.203180114210621,0
0,0,-0.197455469540829,0
0,0,-0.191823033912698,0
0,0,-0.186281082327149,0
0,0,-0.180829928420379,0
0,0,-0.175465181285642,0
0,0,-0.170185586378153,0
0,0,-0.164985341428283,0
0,0,-0.159860996437877,0
0,0,-0.154806435501108,0
0,0,-0.149814915439761,0
0,0,-0.144880947620403,0
0,0,-0.13999433886666,0
0,0,-0.135149130090806,0
0,0,-0.130335912206956,0
0,0,-0.125544492038737,0
0,0,-0.120765617318364,0
0,0,-0.115990506232343,0
0,0,-0.111207397423322,0
0,0,-0.106406097714925,0
0,0,-0.101576570748877,0
0,0,-0.0967067415316269,0
0,0,-0.0917861032506042,0
0,0,-0.0868036786389446,0
0,0,-0.0817481767935877,0
0,0,-0.0766086204476689,0
0,0,-0.0713751300610103,0
0,0,-0.0660361010943552,0
0,0,-0.0605818108256241,0
0,0,-0.0550037910775211,0
0,0,-0.0492896532202991,0
0,0,-0.0434343790748203,0
0,0,-0.0374269913742205,0
0,0,-0.0312594923954985,0
0,0,-0.0249282753223987,0
0,0,-0.0184215787975659,0
0,0,-0.011740030093393,0
0,0,-0.00487469057829015,0
0,0,0.00217616474682103,0
0,0,0.0094159858800984,0
0,0,0.0168452432758359,0
0,0,0.0244664460236026,0
0,0,0.0322781827605159,0
0,0,0.0402777875789089,0
0,0,0.0484657309330754,0
0,0,0.0568355832809952,0
0,0,0.0653837378064128,0
0,0,0.0741043922396996,0
0,0,0.082990176130247,0
0,0,0.0920313667559745,0
0,0,0.101221220938666,0
0,0,0.110547193230476,0
0,0,0.119998463182639,0
0,0,0.129563269437799,0
0,0,0.139225930186151,0
0,0,0.148974527252241,0
0,0,0.1587903992824,0
0,0,0.168660844010686,0
0,0,0.178562652358583,0
0,0,0.188484533423033,0
0,0,0.198400612217855,0
0,0,0.20829457966085,0
0,0,0.218145892581171,0
0,0,0.227928832810737,0
0,0,0.237623484451094,0
0,0,0.24720475660655,0
0,0,0.256648656108104,0
0,0,0.265928367060986,0
0,0,0.275018798569505,0
0,0,0.283892977920796,0
0,0,0.292522207402912,0
0,0,0.300880612029673,0
0,0,0.30893494636429,0
0,0,0.316663883145426,0
0,0,0.324031824664821,0
0,0,0.331013523208686,0
0,0,0.337579496974587,0
0,0,0.343700891432478,0
0,0,0.349352929322867,0
0,0,0.354502522027062,0
0,0,0.359130380919001,0
0,0,0.363205769651464,0
0,0,0.366705792782133,0
0,0,0.36960771168679,0
0,0,0.371887062742137,0
0,0,0.373524870958307,0
0,0,0.374497613620593,0
0,0,0.374790236191578,0
0,0,0.374384390953791,0
0,0,0.373262984734542,0
0,0,0.371415667539359,0
0,0,0.368825973467946,0
0,0,0.365488570704968,0
0,0,0.361388091076815,0
0,0,0.356525161855879,0
0,0,0.350889903501983,0
0,0,0.344481531924636,0
0,0,0.337299263033348,0
0,0,0.329343410464315,0
0,0,0.320619149214773,0
0,0,0.311129145192388,0
0,0,0.300884532482125,0
0,0,0.289890172445022,0
0,0,0.278164255980454,0
0,0,0.265716192174306,0
0,0,0.252563074199267,0
0,0,0.238725288408085,0
0,0,0.22422212342682,0
0,0,0.209074906516811,0
0,0,0.193308885391845,0
0,0,0.17695181685528,0
0,0,0.160029105439001,0
0,0,0.142572271580719,0
0,0,0.124612051627654,0
0,0,0.106181063744205,0
0,0,0.0873153760929242,0
0,0,0.068047920474406,0
0,0,0.0484179014131663,0
0,0,0.0284632688889359,0
0,0,0.0082216592452502,0
0,0,-0.0122641161771198,0
0,0,-0.0329554801260507,0
0,0,-0.0538085235340842,0
0,0,-0.0747824736957243,0
0,0,-0.0958335783616118,0
0,0,-0.116917614828092,0
0,0,-0.137993653571571,0
0,0,-0.159014492344533,0
0,0,-0.179938887987185,0
0,0,-0.20072136325109,0
0,0,-0.221319734067869,0
0,0,-0.241689464097673,0
0,0,-0.261788839726415,0
0,0,-0.281573795068542,0
0,0,-0.301005282417633,0
0,0,-0.320039863160528,0
0,0,-0.338639900953689,0
0,0,-0.356764309455426,0
0,0,-0.374376863685084,0
0,0,-0.391440868207718,0
0,0,-0.407920098042675,0
0,0,-0.423780837298871,0
0,0,-0.43899203599289,0
0,0,-0.453520448687942,0
0,0,-0.467336279945396,0
0,0,-0.48041616386864,0
0,0,-0.492729520928552,0
0,0,-0.504253142046618,0
0,0,-0.514967268142482,0
0,0,-0.524848219683338,0
0,0,-0.533879373950789,0
0,0,-0.542042383227364,0
0,0,-0.549324702065216,0
0,0,-0.5557139418346,0
0,0,-0.561196302542884,0
0,0,-0.565768647828109,0
0,0,-0.569421098150096,0
0,0,-0.572151928509766,0
0,0,-0.573954866183196,0
0,0,-0.574835870258115,0
0,0,-0.574792118008756,0
0,0,-0.573827529887569,0
0,0,-0.571951828616637,0
0,0,-0.569167209649331,0
0,0,-0.565487159342085,0
0,0,-0.560919048145509,0
0,0,-0.555477930597014,0
0,0,-0.549176352144448,0
0,0,-0.542030151415715,0
0,0,-0.534057676128286,0
0,0,-0.525274137637677,0
0,0,-0.515704470021477,0
0,0,-0.505364668725689,0
0,0,-0.494282804189866,0
0,0,-0.48248067412964,0
0,0,-0.469983996713093,0
0,0,-0.45682146965217,0
0,0,-0.443019438387345,0
0,0,-0.428609736992527,0
0,0,-0.413618083635797,0
0,0,-0.398082271478787,0
0,0,-0.382030370961052,0
0,0,-0.365496882064166,0
0,0,-0.348516618405897,0
0,0,-0.331122982241135,0
0,0,-0.313354550822001,0
0,0,-0.295243315040502,0
0,0,-0.27683036123833,0
0,0,-0.258149091670372,0
0,0,-0.23923980858783,0
0,0,-0.220138893789455,0
0,0,-0.200885081345468,0
0,0,-0.181515850781307,0
0,0,-0.162071190711978,0
0,0,-0.142586385209544,0
0,0,-0.123102677433798,0
0,0,-0.103656449183488,0
0,0,-0.0842865913469343,0
0,0,-0.0650294857228882,0
0,0,-0.0459232391091792,0
0,0,-0.0270043901226553,0
0,0,-0.00830806601728273,0
0,0,0.0101293514081873,0
0,0,0.0282725780816913,0
0,0,0.0460897799293221,0
0,0,0.0635469274238001,0
0,0,0.0806118728550225,0
0,0,0.0972543503300629,0
0,0,0.113446446227466,0
0,0,0.129155228746639,0
0,0,0.144361252443422,0
0,0,0.159033780970594,0
0,0,0.173150546158231,0
0,0,0.186692886652663,0
0,0,0.199635554740101,0
0,0,0.21196537770031,0
0,0,0.223659930545264,0
0,0,0.234709804189082,0
0,0,0.245098689549563,0
0,0,0.254816550268433,0
0,0,0.263856015895082,0
0,0,0.272206265980744,0
0,0,0.279866516434929,0
0,0,0.28682751498985,0
0,0,0.293094907097038,0
0,0,0.298663831395454,0
0,0,0.303536953792763,0
0,0,0.30772211519387,0
0,0,0.311218374690186,0
0,0,0.314039061820047,0
0,0,0.316187469763511,0
0,0,0.317677712149404,0
0,0,0.318518884427414,0
0,0,0.318723688863484,0
0,0,0.318307807267421,0
0,0,0.317283941905167,0
0,0,0.315670283676099,0
0,0,0.313478593937569,0
0,0,0.310733022676681,0
0,0,0.307447056249868,0
0,0,0.303639669646995,0
0,0,0.299334071946575,0
0,0,0.294544533595533,0
0,0,0.289295518217166,0
0,0,0.283603491711771,0
0,0,0.277494015429333,0
0,0,0.270983712088245,0
0,0,0.264096731675609,0
0,0,0.25685377418037,0
0,0,0.24927663731816,0
0,0,0.241386491532215,0
0,0,0.233205448174363,0
0,0,0.224755148142137,0
0,0,0.216057389151167,0
0,0,0.207132087099908,0
0,0,0.198002921521167,0
0,0,0.188688083314319,0
0,0,0.179210311103584,0
0,0,0.169588109424532,0
0,0,0.159843119174698,0
0,0,0.149993374435357,0
0,0,0.140058007014474,0
0,0,0.130056775992404,0
0,0,0.120006147269444,0
0,0,0.109923684472577,0
0,0,0.0998269512287875,0
0,0,0.0897314725297818,0
0,0,0.0796530870034649,0
0,0,0.0696060650967605,0
0,0,0.0596059318013773,0
0,0,0.0496639780203751,0
0,0,0.0397968264721493,0
0,0,0.0300120044254066,0
0,0,0.0203234686908744,0
0,0,0.0107423533535158,0
0,0,0.00127649931823326,0
0,0,-0.00806405705669699,0
0,0,-0.0172721021387637,0
0,0,-0.0263388541144757,0
0,0,-0.0352600788951849,0
0,0,-0.0440277787578908,0
0,0,-0.0526378764320434,0
0,0,-0.0610848832842099,0
0,0,-0.0693653493162339,0
0,0,-0.0774759813480553,0
0,0,-0.0854133293815174,0
0,0,-0.0931733161460698,0
0,0,-0.100757509822694,0
0,0,-0.108161049050349,0
0,0,-0.115382992920447,0
0,0,-0.122423655069185,0
0,0,-0.129280996861286,0
0,0,-0.135954077388163,0
0,0,-0.142442269377424,0
0,0,-0.148748081918638,0
0,0,-0.154867124105059,0
0,0,-0.160801748208157,0
0,0,-0.166551797409836,0
0,0,-0.172115389892917,0
0,0,-0.17749425065648,0
0,0,-0.182687438791936,0
0,0,-0.187693856572599,0
0,0,-0.192513660816568,0
0,0,-0.197145910615252,0
0,0,-0.201591546877242,0
0,0,-0.205846962786281,0
0,0,-0.209913883341449,0
0,0,-0.213787603999803,0
0,0,-0.21747079066901,0
0,0,-0.220959052442325,0
0,0,-0.224250037048276,0
0,0,-0.227344371759256,0
0,0,-0.230236097487539,0
0,0,-0.232924430142634,0
0,0,-0.235404037909207,0
0,0,-0.237672725333885,0
0,0,-0.239725003783237,0
0,0,-0.241557893713398,0
0,0,-0.243167004217623,0
0,0,-0.244545278481499,0
0,0,-0.245689736961163,0
0,0,-0.246592381933614,0
0,0,-0.247251017945479,0
0,0,-0.2476541972756,0
0,0,-0.247801763105876,0
0,0,-0.247682110897054,0
0,0,-0.247291163378583,0
0,0,-0.246622961462736,0
0,0,-0.245668566517925,0
0,0,-0.244423274001206,0
0,0,-0.242877204372403,0
0,0,-0.241027848541945,0
0,0,-0.238865326969655,0
0,0,-0.236383994204003,0
0,0,-0.233579459338244,0
0,0,-0.230443881467472,0
0,0,-0.226974594684023,0
0,0,-0.223163130810601,0
0,0,-0.219010901210087,0
0,0,-0.214511476340462,0
0,0,-0.209662347112156,0
0,0,-0.204463827161365,0
0,0,-0.198914505125208,0
0,0,-0.193015165094173,0
0,0,-0.186767532067341,0
0,0,-0.180175526497162,0
0,0,-0.173242441563696,0
0,0,-0.165974706808964,0
0,0,-0.158379535865475,0
0,0,-0.150465240092429,0
0,0,-0.142243110392884,0
0,0,-0.133722399034628,0
0,0,-0.124918474191269,0
0,0,-0.115845606309733,0
0,0,-0.106520104472217,0
0,0,-0.0969603163961948,0
0,0,-0.0871858443439243,0
0,0,-0.0772178587586434,0
0,0,-0.0670808232636512,0
0,0,-0.056797476483166,0
0,0,-0.0463946343119567,0
0,0,-0.0359009944619689,0
0,0,-0.025342588737481,0
0,0,-0.0147547012105574,0
0,0,-0.00416461823026104,0
0,0,0.00638971022367762,0
0,0,0.0168775478040368,0
0,0,0.0272618854396747,0
0,0,0.0375060276956443,0
0,0,0.0475762586808617,0
0,0,0.0574321193260272,0
0,0,0.0670392664676644,0
0,0,0.0763580251269638,0
0,0,0.0853549930490378,0
0,0,0.0939920634360571,0
0,0,0.102234422670252,0
0,0,0.110049923041518,0
0,0,0.117402653205401,0
0,0,0.124266110903327,0
0,0,0.130604855245134,0
0,0,0.136397088515191,0
0,0,0.141614426637749,0
0,0,0.14623240598951,0
0,0,0.150233933397786,0
0,0,0.153595956602159,0
0,0,0.156307184699572,0
0,0,0.158347858609666,0
0,0,0.159712489699011,0
0,0,0.160389943882643,0
0,0,0.16037159616517,0
0,0,0.159658701091375,0
0,0,0.158244829119239,0
0,0,0.156135468882193,0
0,0,0.153328581744962,0
0,0,0.149835929064901,0
0,0,0.145662058566855,0
0,0,0.140818417971981,0
0,0,0.135319120909106,0
0,0,0.12917702646227,0
0,0,0.122411893711829,0
0,0,0.115040815830473,0
0,0,0.107087001896715,0
0,0,0.0985736609890675,0
0,0,0.0895244726403386,0
0,0,0.079969075471062,0
0,0,0.0699331876493201,0
0,0,0.0594495841576086,0
0,0,0.0485477467983626,0
0,0,0.0372631164617445,0
0,0,0.0256279976759559,0
0,0,0.0136793995121387,0
0,0,0.00145417422333849,0
0,0,-0.0110098850288113,0
0,0,-0.023673887355992,0
0,0,-0.0364969032346083,0
0,0,-0.0494397281401454,0
0,0,-0.0624614325490075,0
0,0,-0.0755176369394442,0
0,0,-0.0885707049679187,0
0,0,-0.1015746889317,0
0,0,-0.11448975703388,0
0,0,-0.12727278429749,0
0,0,-0.139881586654153,0
0,0,-0.152274764125979,0
0,0,-0.164412171279863,0
0,0,-0.176251153593134,0
0,0,-0.187752976995569,0
0,0,-0.198879221053143,0
0,0,-0.209588485787968,0
0,0,-0.21984783939945,0
0,0,-0.229614470546817,0
0,0,-0.238859367881929,0
0,0,-0.247545051879347,0
0,0,-0.255639531647069,0
0,0,-0.26311301174646,0
0,0,-0.269933814921713,0
0,0,-0.276076850277137,0
0,0,-0.281510440556924,0
0,0,-0.286217178952188,0
0,0,-0.290170249568162,0
0,0,-0.293349422870195,0
0,0,-0.295740428411362,0
0,0,-0.297322095748426,0
0,0,-0.298088152157464,0
0,0,-0.298019622648611,0
0,0,-0.297115095858983,0
0,0,-0.295365319520795,0
0,0,-0.292766686817792,0
0,0,-0.289321079567151,0
0,0,-0.285025518225007,0
0,0,-0.279888627786756,0
0,0,-0.273912917341965,0
0,0,-0.26711171642897,0
0,0,-0.259495375042243,0
0,0,-0.251075811357237,0
0,0,-0.241875293543877,0
0,0,-0.231906523868106,0
0,0,-0.221197729587576,0
0,0,-0.20976725841976,0
0,0,-0.19764725807476,0
0,0,-0.184863603538757,0
0,0,-0.171449069794247,0
0,0,-0.157438940913293,0
0,0,-0.142869128240352,0
0,0,-0.12777883629994,0
0,0,-0.112207583252768,0
0,0,-0.0962013168015694,0
0,0,-0.0798023778328211,0
0,0,-0.0630587526845297,0
0,0,-0.0460185845128015,0
0,0,-0.0287311142004277,0
0,0,-0.0112488758102594,0
0,0,0.00637779204822486,0
0,0,0.0240938462226048,0
0,0,0.0418458117414415,0
0,0,0.0595792727247064,0
0,0,0.0772385587475879,0
0,0,0.0947661175680963,0
0,0,0.112109885577675,0
0,0,0.129208546899981,0
0,0,0.146010822016947,0
0,0,0.162459158686586,0
0,0,0.178497886484083,0
0,0,0.194076980436158,0
0,0,0.209137006483644,0
0,0,0.223632957832397,0
0,0,0.237508066330919,0
0,0,0.250719207002242,0
0,0,0.263215413964495,0
0,0,0.274952464514025,0
0,0,0.285890997308217,0
0,0,0.295985378280537,0
0,0,0.30520424381137,0
0,0,0.313505096196142,0
0,0,0.320864099083947,0
0,0,0.327247066129408,0
0,0,0.33263000416352,0
0,0,0.336992056379243,0
0,0,0.340309543243767,0
0,0,0.342573369307405,0
0,0,0.343761109582135,0
0,0,0.343875116339426,0
0,0,0.342902373677141,0
0,0,0.340840999778102,0
0,0,0.337699149183409,0
0,0,0.333472274168217,0
0,0,0.328176997450922,0
0,0,0.321817709938268,0
0,0,0.314415425255398,0
0,0,0.305984257031136,0
0,0,0.29654615979921,0
0,0,0.286127322181998,0
0,0,0.274750012349425,0
0,0,0.262449357555457,0
0,0,0.249250605513881,0
0,0,0.235194372112097,0
0,0,0.22031249142401,0
0,0,0.204644638428432,0
0,0,0.188231272194661,0
0,0,0.171113949518686,0
0,0,0.153336893104159,0
0,0,0.134942600655656,0
0,0,0.115979685783577,0
0,0,0.0964955075535356,0
0,0,0.0765364841225595,0
0,0,0.0561556200077937,0
0,0,0.0354009015472458,0
0,0,0.0143254900761587,0
0,0,-0.00701933488740059,0
0,0,-0.0285813529167773,0
0,0,-0.0503050504052572,0
0,0,-0.0721408728338521,0
0,0,-0.0940323656872593,0
0,0,-0.115925897175942,0
0,0,-0.137769560509439,0
0,0,-0.159508626171529,0
0,0,-0.181090403281262,0
0,0,-0.202460789594806,0
0,0,-0.223571014683663,0
0,0,-0.244366505849707,0
0,0,-0.264797238119657,0
0,0,-0.28481804788127,0
0,0,-0.304372166983047,0
0,0,-0.323420077264277,0
0,0,-0.341908146935421,0
0,0,-0.35979842601675,0
0,0,-0.377043712260745,0
0,0,-0.393601664780929,0
0,0,-0.409436999505239,0
0,0,-0.424506905092903,0
0,0,-0.438778449743328,0
0,0,-0.452211958477704,0
0,0,-0.464781869946047,0
0,0,-0.476453840984881,0
0,0,-0.487199330700357,0
0,0,-0.496996541376848,0
0,0,-0.505815677575718,0
0,0,-0.513643409758634,0
0,0,-0.520451981122237,0
0,0,-0.52623245303494,0
0,0,-0.530968202778346,0
0,0,-0.534645116723631,0
0,0,-0.537261156235519,0
0,0,-0.538803932684263,0
0,0,-0.539274700614649,0
0,0,-0.538666873666556,0
0,0,-0.536988292744889,0
0,0,-0.53424036921253,0
0,0,-0.530428591702911,0
0,0,-0.525566289754368,0
0,0,-0.519661147453705,0
0,0,-0.51273292388128,0
0,0,-0.504792753122053,0
0,0,-0.495865882889813,0
0,0,-0.485971444992524,0
0,0,-0.47513421668968,0
0,0,-0.463382111602736,0
0,0,-0.450743043353148,0
0,0,-0.437249159651017,0
0,0,-0.422931196843565,0
0,0,-0.407828673091504,0
0,0,-0.391974833831623,0
0,0,-0.37541029495132,0
0,0,-0.358174888247503,0
0,0,-0.340309543243767,0
0,0,-0.321859423552353,0
0,0,-0.302866713241642,0
0,0,-0.283378144104855,0
0,0,-0.263439350208529,0
0,0,-0.243097376982083,0
0,0,-0.222401622126407,0
0,0,-0.201397719708036,0
0,0,-0.180135381064058,0
0,0,-0.158664631167754,0
0,0,-0.137031731358052,0
0,0,-0.115286079335844,0
0,0,-0.0934764455296259,0
0,0,-0.0716500321869149,0
0,0,-0.0498552961000124,0
0,0,-0.0281364599725724,0
0,0,-0.00654433286836786,0
0,0,0.0148818806880864,0
0,0,0.0360932534501941,0
0,0,0.0570491695305573,0
0,0,0.0777069744065024,0
0,0,0.0980254249182391,0
0,0,0.117965786995545,0
0,0,0.13748854247771,0
0,0,0.156558407292669,0
0,0,0.17513821555118,0
0,0,0.193194094544063,0
0,0,0.210695464742195,0
0,0,0.227608453436394,0
0,0,0.2439056174595,0
0,0,0.25955794546337,0
0,0,0.27454238518759,0
0,0,0.288831963919292,0
0,0,0.302404099852356,0
0,0,0.315242013450288,0
0,0,0.327320143363105,0
0,0,0.338629237323021,0
0,0,0.349146870342012,0
0,0,0.358866299241863,0
0,0,0.367773567211845,0
0,0,0.375859265166074,0
0,0,0.383117120380629,0
0,0,0.38954054649539,0
0,0,0.395129073056063,0
0,0,0.399875643248236,0
0,0,0.403787157068223,0
0,0,0.406860948608357,0
0,0,0.40910250650207,0
0,0,0.410519671654266,0
0,0,0.411115109972612,0
0,0,0.410903405540227,0
0,0,0.40989192880772,0
0,0,0.408095577494408,0
0,0,0.405524387958565,0
0,0,0.402200471552021,0
0,0,0.398136060086423,0
0,0,0.393350442187832,0
0,0,0.387866513298567,0
0,0,0.381700582500825,0
0,0,0.374879465689376,0
0,0,0.367423235580772,0
0,0,0.359359335342173,0
0,0,0.350709249053015,0
0,0,0.341500419880458,0
0,0,0.331761231900251,0
0,0,0.321512228283242,0
0,0,0.310787752192905,0
0,0,0.299608346800087,0
0,0,0.288006002996794,0
0,0,0.276005498042518,0
0,0,0.263633804650127,0
0,0,0.250919777349664,0
0,0,0.237888193400624,0
0,0,0.224567123242559,0
0,0,0.210980403226376,0
0,0,0.197157985608803,0
0,0,0.183121824923571,0
0,0,0.168898423429251,0
0,0,0.154514753838711,0
0,0,0.139990888868502,0
0,0,0.125354742140081,0
0,0,0.110627640914783,0
0,0,0.0958337351797094,0
0,0,0.0809941953781002,0
0,0,0.0661319169522716,0
0,0,0.0512685407997564,0
0,0,0.0364228850923227,0
0,0,0.021615336182718,0
0,0,0.00686675087798538,0
0,0,-0.0078073458301674,0
0,0,-0.0223876653156787,0
0,0,-0.0368578984963496,0
0,0,-0.0512026771985703,0
0,0,-0.0654066332487299,0
0,0,-0.0794565939265921,0
0,0,-0.0933393865119188,0
0,0,-0.107041211012081,0
0,0,-0.120552658341194,0
0,0,-0.133861810323806,0
0,0,-0.146958160147346,0
0,0,-0.159834180543108,0
0,0,-0.172480305607109,0
0,0,-0.184888223980153,0
0,0,-0.197052290210709,0
0,0,-0.208962938394795,0
0,0,-0.220617345806645,0
0,0,-0.232007985177553,0
0,0,-0.243130308782676,0
0,0,-0.253978827988581,0
0,0,-0.264550249615208,0
0,0,-0.274839555483419,0
0,0,-0.284843766049352,0
0,0,-0.294559901769143,0
0,0,-0.303984669462734,0
0,0,-0.313115560040553,0
0,0,-0.321950534867328,0
0,0,-0.330485046218214,0
0,0,-0.338720975910388,0
0,0,-0.346653148946614,0
0,0,-0.354280781236401,0
0,0,-0.361602618234965,0
0,0,-0.368615680398443,0
0,0,-0.375320281363032,0
0,0,-0.381711873403886,0
0,0,-0.387790613339104,0
0,0,-0.393555246623903,0
0,0,-0.399000441442946,0
0,0,-0.404127138704824,0
0,0,-0.408930006594201,0
0,0,-0.41340967238347,0
0,0,-0.417558922440121,0
0,0,-0.421378227218447,0
0,0,-0.424861627630722,0
0,0,-0.428006614587377,0
0,0,-0.430807542636881,0
0,0,-0.433262059507764,0
0,0,-0.435363735658005,0
0,0,-0.437106141545584,0
0,0,-0.438485827172342,0
0,0,-0.439496833450555,0
0,0,-0.440129124021945,0
0,0,-0.440380973887435,0
0,0,-0.440241405780158,0
0,0,-0.439707126520058,0
0,0,-0.438765904295483,0
0,0,-0.43741570047116,0
0,0,-0.435645537780224,0
0,0,-0.433448673044459,0
0,0,-0.430820401720922,0
0,0,-0.427749746542749,0
0,0,-0.424232316603194,0
0,0,-0.420260741451649,0
0,0,-0.415829218818486,0
0,0,-0.410933044160761,0
0,0,-0.405564062937376,0
0,0,-0.399721961512134,0
0,0,-0.393397644435349,0
0,0,-0.386593777614687,0
0,0,-0.379302206509049,0
0,0,-0.371525440208004,0
0,0,-0.363258146896217,0
0,0,-0.354504247026141,0
0,0,-0.345263583779677,0
0,0,-0.335536000338727,0
0,0,-0.325329023971999,0
0,0,-0.314641556952805,0
0,0,-0.303483165185128,0
0,0,-0.291857769121419,0
0,0,-0.27977415057517,0
0,0,-0.267240620905578,0
0,0,-0.254268157379507,0
0,0,-0.240867266809528,0
0,0,-0.227049083280603,0
0,0,-0.212830386329226,0
0,0,-0.198221525949867,0
0,0,-0.183242888495275,0
0,0,-0.167908273958081,0
0,0,-0.152236814146247,0
0,0,-0.136248895412522,0
0,0,-0.119964747291555,0
0,0,-0.103406167498979,0
0,0,-0.0865944832961285,0
0,0,-0.0695574514863614,0
0,0,-0.0523148311500335,0
0,0,-0.034896574543875,0
0,0,-0.0173285566540665,0
0,0,0.000363033897016196,0
0,0,0.0181487153069362,0
0,0,0.0359969671379834,0
0,0,0.0538822280401736,0
0,0,0.0717695275776387,0
0,0,0.0896273453126677,0
0,0,0.107425885806629,0
0,0,0.125129551351262,0
0,0,0.142706507872661,0
0,0,0.160119903117779,0
0,0,0.177339784829888,0
0,0,0.194327732574961,0
0,0,0.211050657734308,0
0,0,0.227475471689237,0
0,0,0.243564538096213,0
0,0,0.259287120608015,0
0,0,0.274604328336325,0
0,0,0.289488247659686,0
0,0,0.303903124051741,0
0,0,0.317814143894718,0
0,0,0.331195745838636,0
0,0,0.344009509449467,0
0,0,0.356231912012502,0
0,0,0.367826414910892,0
0,0,0.378771377247105,0
0,0,0.389035278583431,0
0,0,0.398590675752707,0
0,0,0.407415457403108,0
0,0,0.415482494003668,0
0,0,0.422771085565443,0
0,0,0.429254416193664,0
0,0,0.434918999531898,0
0,0,0.439740999229239,0
0,0,0.443703008476802,0
0,0,0.446792795462939,0
0,0,0.448992953378764,0
0,0,0.450295170865079,0
0,0,0.450682668385393,0
0,0,0.450156543666391,0
0,0,0.448706446713602,0
0,0,0.446328143438378,0
0,0,0.443026024747464,0
0,0,0.438798052005586,0
0,0,0.433651595663352,0
0,0,0.427589948900823,0
0,0,0.420628009437313,0
0,0,0.412776284085394,0
0,0,0.404049513746283,0
0,0,0.394468398408924,0
0,0,0.384050815336497,0
0,0,0.372822953151377,0
0,0,0.360807864113982,0
0,0,0.348037225480118,0
0,0,0.334538794053144,0
0,0,0.320346756178437,0
0,0,0.305496552746159,0
0,0,0.290022526919787,0
0,0,0.273966549131502,0
0,0,0.257365785270546,0
0,0,0.24026477167677,0
0,0,0.222703496965178,0
0,0,0.204729163383288,0
0,0,0.186385679998557,0
0,0,0.167719308149915,0
0,0,0.148776465994388,0
0,0,0.129607962595747,0
0,0,0.110258020657648,0
0,0,0.0907785469705487,0
0,0,0.0712159596914761,0
0,0,0.0516221656108886,0
0,0,0.0320435828858137,0
0,0,0.0125288251266502,0
0,0,-0.00687114178473136,0
0,0,-0.026113349689461,0
0,0,-0.0451482440685516,0
0,0,-0.063929720401172,0
0,0,-0.082416535527532,0
0,0,-0.100560389473428,0
0,0,-0.118323802713424,0
0,0,-0.135663650270551,0
0,0,-0.152542138983176,0
0,0,-0.168920691599176,0
0,0,-0.184768258135135,0
0,0,-0.200047202247517,0
0,0,-0.214728355770083,0
0,0,-0.228786314170946,0
0,0,-0.242188929740003,0
0,0,-0.254918325214077,0
0,0,-0.266948782425082,0
0,0,-0.278264619563214,0
0,0,-0.288847488911,0
0,0,-0.298684845020594,0
0,0,-0.307765396988936,0
0,0,-0.31608067663873,0
0,0,-0.323624097609857,0
0,0,-0.33038985763269,0
0,0,-0.336381877159679,0
0,0,-0.341595294829786,0
0,0,-0.346037637911716,0
0,0,-0.349713610948412,0
0,0,-0.352629016209503,0
0,0,-0.354798280960009,0
0,0,-0.35622799156005,0
0,0,-0.35693806390808,0
0,0,-0.356939475270962,0
0,0,-0.356252455183348,0
0,0,-0.354897233179887,0
0,0,-0.352891686523759,0
0,0,-0.350260435656358,0
0,0,-0.347026846474298,0
0,0,-0.343215539418973,0
0,0,-0.338851919022271,0
0,0,-0.33396515345043,0
0,0,-0.328582685870611,0
0,0,-0.322734311721447,0
0,0,-0.316450296895864,0
0,0,-0.309761064104887,0
0,0,-0.302699545149107,0
0,0,-0.295296633193844,0
0,0,-0.287586514584475,0
0,0,-0.279602121121595,0
0,0,-0.271377952786775,0
0,0,-0.26294615729012,0
0,0,-0.254342645976087,0
0,0,-0.24560176200815,0
0,0,-0.236755339460217,0
0,0,-0.227840544221528,0
0,0,-0.21888921036599,0
0,0,-0.209935053784687,0
0,0,-0.201011476732507,0
0,0,-0.192151411010042,0
0,0,-0.183387004327396,0
0,0,-0.174748208941298,0
0,0,-0.166268270288537,0
0,0,-0.1579727497191,0
0,0,-0.149896304032656,0
0,0,-0.142061515035327,0
0,0,-0.134498334983844,0
0,0,-0.127231227501504,0
0,0,-0.120283558484918,0
0,0,-0.113679477921188,0
0,0,-0.10743717670969,0
0,0,-0.101579707110839,0
0,0,-0.096121025935361,0
0,0,-0.0910796377188299,0
0,0,-0.0864671470005013,0
0,0,-0.0822945310472394,0
0,0,-0.0785746489430853,0
0,0,-0.0753092256871182,0
0,0,-0.0725087680919079,0
0,0,-0.0701720216126706,0
0,0,-0.0683029067018565,0
0,0,-0.0668981301794076,0
0,0,-0.0659553397738528,0
0,0,-0.065468262761269,0
0,0,-0.0654296855091454,0
0,0,-0.0658308262039908,0
0,0,-0.0666599234884501,0
0,0,-0.0679030205517958,0
0,0,-0.0695472583099869,0
0,0,-0.0715758572265311,0
0,0,-0.0739692150391695,0
0,0,-0.0767099249390176,0
0,0,-0.0797766596647386,0
0,0,-0.0831466805921137,0
0,0,-0.0867967786426294,0
0,0,-0.0907034311015764,0
0,0,-0.0948396652560882,0
0,0,-0.0991788220294926,0
0,0,-0.103695340071807,0
0,0,-0.108358169399614,0
0,0,-0.113140023663851,0
0,0,-0.118010636971592,0
0,0,-0.122942252519479,0
0,0,-0.127901781688821,0
0,0,-0.13286162449436,0
0,0,-0.137790887770776,0
0,0,-0.142657266989869,0
0,0,-0.147434573529262,0
0,0,-0.152089091497872,0
0,0,-0.156595730000008,0
0,0,-0.160922027689371,0
0,0,-0.1650406982169,0
0,0,-0.168925709778314,0
0,0,-0.172546796480688,0
0,0,-0.175880278791215,0
0,0,-0.178898870360831,0
0,0,-0.181580616655807,0
0,0,-0.183896976782297,0
0,0,-0.185832739384787,0
0,0,-0.187362186295196,0
0,0,-0.188466342523658,0
0,0,-0.189130467168955,0
0,0,-0.189334801150731,0
0,0,-0.189066799021142,0
0,0,-0.188310935788477,0
0,0,-0.187058743275444,0
0,0,-0.18529971466947,0
0,0,-0.183023343157988,0
0,0,-0.180227590105719,0
0,0,-0.176905398698253,0
0,0,-0.173057396207982,0
0,0,-0.168679034910061,0
0,0,-0.163776117074119,0
0,0,-0.158352092698314,0
0,0,-0.152409314054116,0
0,0,-0.1459579743179,0
0,0,-0.139007012121255,0
0,0,-0.131566463822457,0
0,0,-0.123649031687449,0
0,0,-0.115270554344136,0
0,0,-0.106448281783304,0
0,0,-0.09719789581476,0
0,0,-0.0875418214265273,0
0,0,-0.077499033608471,0
0,0,-0.0670950937105751,0
0,0,-0.0563511721760783,0
0,0,-0.0452939280816521,0
0,0,-0.0339508045944565,0
0,0,-0.0223473630644768,0
0,0,-0.010511046658873,0
0,0,0.00152615373034948,0
0,0,0.0137377358446182,0
0,0,0.0260917087919281,0
0,0,0.0385590612241378,0
0,0,0.0511090567940264,0
0,0,0.0637097046095896,0
0,0,0.0763312092321948,0
0,0,0.0889428343146226,0
0,0,0.101512118510573,0
0,0,0.11400879592712,0
0,0,0.126401502944652,0
0,0,0.138660600942633,0
0,0,0.150754569483355,0
0,0,0.162654083582478,0
0,0,0.174329034165175,0
0,0,0.185751037155696,0
0,0,0.196888728934429,0
0,0,0.207717489059978,0
0,0,0.218207835729906,0
0,0,0.228332168958955,0
0,0,0.238066495578122,0
0,0,0.24738290196595,0
0,0,0.256258963134417,0
0,0,0.264668804097343,0
0,0,0.272590313502901,0
0,0,0.280002007271655,0
0,0,0.286880519506995,0
0,0,0.293206718400957,0
0,0,0.298961158509381,0
0,0,0.304126119387186,0
0,0,0.308680430591133,0
0,0,0.312613742126751,0
0,0,0.315906765367978,0
0,0,0.318547268503163,0
0,0,0.320524744719739,0
0,0,0.321826021297466,0
0,0,0.322446707329599,0
0,0,0.322373630095902,0
0,0,0.321608200959256,0
0,0,0.320142735832857,0
0,0,0.317977077898606,0
0,0,0.315114206700367,0
0,0,0.311553181329551,0
0,0,0.307301999509159,0
0,0,0.302364424873546,0
0,0,0.296750650599084,0
0,0,0.290470869862149,0
0,0,0.283536216747702,0
0,0,0.275962686701747,0
0,0,0.267763766080716,0
0,0,0.258958743510671,0
0,0,0.249566123527184,0
0,0,0.239606449301101,0
0,0,0.229102929910935,0
0,0,0.218079244889494,0
0,0,0.206560641950566,0
0,0,0.19457315289843,0
0,0,0.182147043626011,0
0,0,0.169309286846176,0
0,0,0.156091559814735,0
0,0,0.142525382969398,0
0,0,0.128644158565052,0
0,0,0.1144800343118,0
0,0,0.100068294281706,0
0,0,0.0854442225468357,0
0,0,0.0706432599973497,0
0,0,0.0556995929786264,0
0,0,0.0406535237418679,0
0,0,0.0255378272695694,0
0,0,0.0103906103595603,0
0,0,-0.00475049064462463,0
0,0,-0.0198533280328814,0
0,0,-0.0348768154635193,0
0,0,-0.0497888052264338,0
0,0,-0.0645557382486397,0
0,0,-0.0791398213685044,0
0,0,-0.0935107886931018,0
0,0,-0.107634610695151,0
0,0,-0.121482276026512,0
0,0,-0.135021480158982,0
0,0,-0.148226975378775,0
0,0,-0.161067398066276,0
0,0,-0.173520950505856,0
0,0,-0.185561757711334,0
0,0,-0.197167081058491,0
0,0,-0.208319043284148,0
0,0,-0.218996003490771,0
0,0,-0.229182907140948,0
0,0,-0.238864386061067,0
0,0,-0.248028522075676,0
0,0,-0.25666276973693,0
0,0,-0.264759288139926,0
0,0,-0.272310863652153,0
0,0,-0.279310596277295,0
0,0,-0.28575801556106,0
0,0,-0.291649044232897,0
0,0,-0.296985877746179,0
0,0,-0.301771338826671,0
0,0,-0.306007309291551,0
0,0,-0.309702100500014,0
0,0,-0.312862612448378,0
0,0,-0.315499195131112,0
0,0,-0.317620473543611,0
0,0,-0.319241815859485,0
0,0,-0.320377022071363,0
0,0,-0.321040989898562,0
0,0,-0.321250342059477,0
0,0,-0.321024837634462,0
0,0,-0.320382040250501,0
0,0,-0.31934264989654,0
0,0,-0.317928150652011,0
0,0,-0.316159556142055,0
0,0,-0.314060389081383,0
0,0,-0.311651819913233,0
0,0,-0.308959723623784,0
0,0,-0.306005270656276,0
0,0,-0.302813395088301,0
0,0,-0.299407776452665,0
0,0,-0.295813192008864,0
0,0,-0.292050655382036,0
0,0,-0.288145884740266,0
0,0,-0.284120520981086,0
0,0,-0.279996989092517,0
0,0,-0.275798184516879,0
0,0,-0.271544179970722,0
0,0,-0.267256773169678,0
0,0,-0.262954468649318,0
0,0,-0.258656241399508,0
0,0,-0.254381223228211,0
0,0,-0.250143998218547,0
0,0,-0.245963384542283,0
0,0,-0.241851927647266,0
0,0,-0.237825622979497,0
0,0,-0.233895290987742,0
0,0,-0.23007332030175,0
0,0,-0.226370374552186,0
0,0,-0.222794608280153,0
0,0,-0.219353078300061,0
0,0,-0.216054880061598,0
0,0,-0.212902209018138,0
0,0,-0.209900710621211,0
0,0,-0.207051168961308,0
0,0,-0.204357034036584,0
0,0,-0.201816110393668,0
0,0,-0.199427457123972,0
0,0,-0.197189506046514,0
0,0,-0.195097082164058,0
0,0,-0.193145951387958,0
0,0,-0.191328272813309,0
0,0,-0.189638087352385,0
0,0,-0.188066142737401,0
0,0,-0.1866008344291,0
0,0,-0.185234321522578,0
0,0,-0.183953117661403,0
0,0,-0.182743893307239,0
0,0,-0.181595043920829,0
0,0,-0.180490103601877,0
0,0,-0.179416370084439,0
0,0,-0.178355338832944,0
0,0,-0.177295405308136,0
0,0,-0.176216810429658,0
0,0,-0.175103872387705,0
0,0,-0.173941223008665,0
0,0,-0.172710357756968,0
0,0,-0.171395438004709,0
0,0,-0.16998015466969,0
0,0,-0.16844757139732,0
0,0,-0.166781222287302,0
0,0,-0.16496620962032,0
0,0,-0.162987322040862,0
0,0,-0.160828407284828,0
0,0,-0.158476135813882,0
0,0,-0.155915296272512,0
0,0,-0.15313444093956,0
0,0,-0.150118515277611,0
0,0,-0.146856698837899,0
0,0,-0.143339268898345,0
0,0,-0.139553209556809,0
0,0,-0.13549130718078,0
0,0,-0.131144152684373,0
0,0,-0.126506414252256,0
0,0,-0.121571819160506,0
0,0,-0.116333467412807,0
0,0,-0.110792299917749,0
0,0,-0.104942984859997,0
0,0,-0.0987855222395506,0
0,0,-0.0923206961469009,0
0,0,-0.0855514861259108,0
0,0,-0.0784767944498942,0
0,0,-0.0711079120219108,0
0,0,-0.0634457797505494,0
0,0,-0.0554988658131058,0
0,0,-0.0472787747488363,0
0,0,-0.038790367918781,0
0,0,-0.0300504248594323,0
0,0,-0.0210680410204781,0
0,0,-0.0118582709393327,0
0,0,-0.0024353850629194,0
0,0,0.00718320979987674,0
0,0,0.0169823022935431,0
0,0,0.0269413492472339,0
0,0,0.0370431006701621,0
0,0,0.0472654452105006,0
0,0,0.0575864283345211,0
0,0,0.0679859773256712,0
0,0,0.0784394717425547,0
0,0,0.0889226047799725,0
0,0,0.0994112264508222,0
0,0,0.109882441312787,0
0,0,0.120306610745333,0
0,0,0.130661309760437,0
0,0,0.140920192917624,0
0,0,0.151055032959244,0
0,0,0.161041052625801,0
0,0,0.170851436022528,0
0,0,0.180461092253735,0
0,0,0.189841323607475,0
0,0,0.198969548277627,0
0,0,0.207820048096111,0
0,0,0.216366320804351,0
0,0,0.224587352777209,0
0,0,0.232456955392308,0
0,0,0.239954742296899,0
0,0,0.247056093049587,0
0,0,0.253742032660505,0
0,0,0.25999107705022,0
0,0,0.265783780774572,0
0,0,0.271102109752282,0
0,0,0.275926618539192,0
0,0,0.280243193506476,0
0,0,0.284032389209974,0
0,0,0.287282444292331,0
0,0,0.289980342851408,0
0,0,0.292110559895496,0
0,0,0.293667449973066,0
0,0,0.29463548809241,0
0,0,0.295012321982055,0
0,0,0.294786503920845,0
0,0,0.293956779363993,0
0,0,0.292518443768558,0
0,0,0.29046836077258,0
0,0,0.287809666738019,0
0,0,0.284539852575306,0
0,0,0.280668013734129,0
0,0,0.276193052487802,0
0,0,0.271126102921286,0
0,0,0.265474065030897,0
0,0,0.259245563812028,0
0,0,0.252454869711604,0
0,0,0.245113587268879,0
0,0,0.237236300566976,0
0,0,0.228837907325208,0
0,0,0.21993848026013,0
0,0,0.210554485272036,0
0,0,0.200705838259382,0
0,0,0.19041574830068,0
0,0,0.179701151750521,0
0,0,0.168589648594165,0
0,0,0.157102566092948,0
0,0,0.145263897415873,0
0,0,0.133099674367219,0
0,0,0.120634203752187,0
0,0,0.107895242374132,0
0,0,0.0949070970382551,0
0,0,0.0816987790926975,0
0,0,0.0682969476141302,0
0,0,0.054728418497322,0
0,0,0.041021889454218,0
0,0,0.0272037059252934,0
0,0,0.013301938350101,0
0,0,-0.000653931468923008,0
0,0,-0.014641478543756,0
0,0,-0.0286282415280984,0
0,0,-0.0425911681615353,0
0,0,-0.0565031289131016,0
0,0,-0.0703377783423231,0
0,0,-0.0840712800982936,0
0,0,-0.0976761910138526,0
0,0,-0.111132124736252,0
0,0,-0.12441242218882,0
0,0,-0.137497167473104,0
0,0,-0.150362367420099,0
0,0,-0.162987008404666,0
0,0,-0.175352899527429,0
0,0,-0.18743636125558,0
0,0,-0.199222652687901,0
0,0,-0.210689505654469,0
0,0,-0.221823433798848,0
0,0,-0.232604364404487,0
0,0,-0.243020222477836,0
0,0,-0.253053758028107,0
0,0,-0.262691327880768,0
0,0,-0.27192164113276,0
0,0,-0.280730740973354,0
0,0,-0.289108904680472,0
0,0,-0.297044841351051,0
0,0,-0.304530082807797,0
0,0,-0.311557885872493,0
0,0,-0.318118214186863,0
0,0,-0.324207304116554,0
0,0,-0.329818882937642,0
0,0,-0.334949500651972,0
0,0,-0.339594609534697,0
0,0,-0.343752798222938,0
0,0,-0.347422498535711,0
0,0,-0.350602612746332,0
0,0,-0.353295179490075,0
0,0,-0.355499257858351,0
0,0,-0.357218611485514,0
0,0,-0.358451515372486,0
0,0,-0.359206124060366,0
0,0,-0.359481967094859,0
0,0,-0.359285160381789,0
0,0,-0.358619310737414,0
0,0,-0.357490690885654,0
0,0,-0.355906357640923,0
0,0,-0.35386882009279,0
0,0,-0.351389839598609,0
0,0,-0.348474120701322,0
0,0,-0.345128720215343,0
0,0,-0.341365242679927,0
0,0,-0.337185883548449,0
0,0,-0.332608049629792,0
0,0,-0.327633309104937,0
0,0,-0.322275775602711,0
0,0,-0.316543917300408,0
0,0,-0.310446045557226,0
0,0,-0.303995803547696,0
0,0,-0.297200404904329,0
0,0,-0.290073022347363,0
0,0,-0.282623064962682,0
0,0,-0.274862450925737,0
0,0,-0.266803725684374,0
0,0,-0.258455357415889,0
0,0,-0.249834125656774,0
0,0,-0.240948341766226,0
0,0,-0.231813844372151,0
0,0,-0.222442551650001,0
0,0,-0.212848106774307,0
0,0,-0.203045721100581,0
0,0,-0.19304778325857,0
0,0,-0.182873111420043,0
0,0,-0.172533310124255,0
0,0,-0.162047824815366,0
0,0,-0.15143186684889,0
0,0,-0.140702372579415,0
0,0,-0.12987972835969,0
0,0,-0.118980243271916,0
0,0,-0.108024617305034,0
0,0,-0.0970318254489115,0
0,0,-0.0860244495096694,0
0,0,-0.0750194258418978,0
0,0,-0.0640404339784046,0
0,0,-0.0531092716348208,0
0,0,-0.0422447569829139,0
0,0,-0.0314708831916876,0
0,0,-0.0208083502500855,0
0,0,-0.0102786422375437,0
0,0,9.58158579167367e-05,0
0,0,0.01029510813784,0
0,0,0.0202997891580672,0
0,0,0.0300861793857905,0
0,0,0.0396385970112039,0
0,0,0.0489350875005781,0
0,0,0.0579591849536172,0
0,0,0.0666908166537683,0
0,0,0.0751158689722062,0
0,0,0.0832174055543402,0
0,0,0.0909791173179715,0
0,0,0.0983878315428626,0
0,0,0.105428336873502,0
0,0,0.112089969679221,0
0,0,0.118358145876899,0
0,0,0.124223926834948,0
0,0,0.129676335286503,0
0,0,0.134704550782797,0
0,0,0.139302457418006,0
0,0,0.143460018833854,0
0,0,0.1471723736693,0
0,0,0.150430583292757,0
0,0,0.153233079523241,0
0,0,0.155574216909225,0
0,0,0.157449761362059,0
0,0,0.158863006061804,0
0,0,0.159806580557849,0
0,0,0.16028581666553,0
0,0,0.16029710756859,0
0,0,0.159848137353836,0
0,0,0.158939219657462,0
0,0,0.157574274931921,0
0,0,0.15576161453641,0
0,0,0.153506727104362,0
0,0,0.150816983086384,0
0,0,0.147701634750263,0
0,0,0.144172443453354,0
0,0,0.14023803419105,0
0,0,0.135911893319784,0
0,0,0.131207820832187,0
0,0,0.126137107631317,0
0,0,0.120716062799376,0
0,0,0.114958643147088,0
0,0,0.108882569119537,0
0,0,0.102500386164566,0
0,0,0.0958337351797094,0
0,0,0.0888951616128113,0
0,0,0.0817059927252082,0
0,0,0.0742814398724125,0
0,0,0.0666412621347803,0
0,0,0.0588034935935886,0
0,0,0.0507866387844089,0
0,0,0.0426090454247141,0
0,0,0.0342896885043706,0
0,0,0.0258481702856361,0
0,0,0.0173017407592975,0
0,0,0.00867000218761227,0
0,0,-2.88545300434206e-05,0
0,0,-0.00877648167619727,0
0,0,-0.0175556292600618,0
0,0,-0.0263473222917709,0
0,0,-0.0351341539624407,0
0,0,-0.043898874281283,0
0,0,-0.0526237628032178,0
0,0,-0.0612942354451244,0
0,0,-0.0698908467628435,0
0,0,-0.0784005808542352,0
0,0,-0.086806971819004,0
0,0,-0.0950937105749502,0
0,0,-0.103247624401837,0
0,0,-0.111253815580349,0
0,0,-0.119098170481659,0
0,0,-0.126768143657924,0
0,0,-0.134250562388904,0
0,0,-0.141533822135345,0
0,0,-0.148603495632224,0
0,0,-0.155453466973716,0
0,0,-0.162067583895722,0
0,0,-0.168439103220025,0
0,0,-0.174556420407367,0
0,0,-0.180412321825237,0
0,0,-0.185997555205851,0
0,0,-0.191302554645227,0
0,0,-0.196324026963304,0
0,0,-0.201049897166532,0
0,0,-0.205478126619637,0
0,0,-0.209599463054832,0
0,0,-0.213411083746353,0
0,0,-0.216906402334081,0
0,0,-0.220080557456975,0
0,0,-0.222929158208291,0
0,0,-0.225449695498458,0
0,0,-0.227637464784536,0
0,0,-0.229488545614072,0
0,0,-0.231002937987068,0
0,0,-0.232174525997697,0
0,0,-0.233003466464058,0
0,0,-0.233487407114681,0
0,0,-0.233623838859995,0
0,0,-0.233414957153375,0
0,0,-0.232857468814761,0
0,0,-0.23195153066225,0
0,0,-0.230698867694923,0
0,0,-0.229098852640386,0
0,0,-0.22715383777011,0
0,0,-0.22486413672029,0
0,0,-0.222233826761479,0
0,0,-0.219263064711772,0
0,0,-0.215956398296015,0
0,0,-0.212317434330461,0
0,0,-0.208346486451308,0
0,0,-0.204053434198734,0
0,0,-0.199437650300346,0
0,0,-0.194505093843871,0
0,0,-0.189265017097093,0
0,0,-0.183718047332407,0
0,0,-0.177874377726185,0
0,0,-0.171741849183331,0
0,0,-0.165326891245865,0
0,0,-0.15863985390826,0
0,0,-0.151688578075419,0
0,0,-0.144484825104696,0
0,0,-0.13704004271725,0
0,0,-0.129365835452338,0
0,0,-0.121475219212099,0
0,0,-0.113381053080574,0
0,0,-0.105099646139962,0
0,0,-0.0966427597476172,0
0,0,-0.088028427984817,0
0,0,-0.079272332661368,0
0,0,-0.0703889010422918,0
0,0,-0.06139742175365,0
0,0,-0.0523142038776412,0
0,0,-0.0431561837688562,0
0,0,-0.0339428068714555,0
0,0,-0.0246911663581271,0
0,0,-0.0154196099463447,0
0,0,-0.00614742626217013,0
0,0,0.00310844833980584,0
0,0,0.0123277843249334,0
0,0,0.0214941157929152,0
0,0,0.030587683663396,0
0,0,0.0395915515817851,0
0,0,0.0484881559210983,0
0,0,0.0572593057819615,0
0,0,0.0658886920821757,0
0,0,0.0743600057395422,0
0,0,0.0826564672175687,0
0,0,0.0907625515245463,0
0,0,0.0986635177592574,0
0,0,0.1063433704757,0
0,0,0.113788466499342,0
0,0,0.120984221747063,0
0,0,0.127917777134823,0
0,0,0.134574548579502,0
0,0,0.140942461087549,0
0,0,0.147009282847315,0
0,0,0.152762782047151,0
0,0,0.158192295056388,0
0,0,0.163286530971966,0
0,0,0.168035139799414,0
0,0,0.172428241998552,0
0,0,0.176457683028283,0
0,0,0.180114053802721,0
0,0,0.183391238416043,0
0,0,0.18627935732807,0
0,0,0.188776058267333,0
0,0,0.190873813965122,0
0,0,0.192566978969909,0
0,0,0.193854455555007,0
0,0,0.194731225541277,0
0,0,0.195195877565838,0
0,0,0.195245745721022,0
0,0,0.194881927733516,0
0,0,0.194103169058535,0
0,0,0.192909469696079,0
0,0,0.191304750098599,0
0,0,0.189288853447999,0
0,0,0.186866013832924,0
0,0,0.184037328980063,0
0,0,0.180811267066709,0
0,0,0.177188925819551,0
0,0,0.173177205234902,0
0,0,0.168783946217665,0
0,0,0.1640124419479,0
0,0,0.158873983328668,0
0,0,0.153371706721929,0
0,0,0.147518000757431,0
0,0,0.141319922249587,0
0,0,0.134785782557593,0
0,0,0.127927343038805,0
0,0,0.120750405962851,0
0,0,0.113270339503341,0
0,0,0.105492005021316,0
0,0,0.09743108432658,0
0,0,0.0890963592326264,0
0,0,0.0804981797339266,0
0,0,0.071650816277405,0
0,0,0.0625627370403563,0
0,0,0.0532483692878025,0
0,0,0.0437177493780201,0
0,0,0.0339840500312458,0
0,0,0.0240595030591291,0
0,0,0.0139569675457105,0
0,0,0.00368961621122788,0
0,0,-0.00673094640506255,0
0,0,-0.0172899794019429,0
0,0,-0.0279768191487445,0
0,0,-0.0387751565632688,0
0,0,-0.0496746416510436,0
0,0,-0.0606610039651455,0
0,0,-0.0717196594224546,0
0,0,-0.0828386898475183,0
0,0,-0.0940052361562943,0
0,0,-0.105203773357076,0
0,0,-0.116422696910605,0
0,0,-0.127647893188057,0
0,0,-0.138865562196802,0
0,0,-0.150062531216603,0
0,0,-0.161225000254829,0
0,0,-0.172337130683578,0
0,0,-0.183387945235984,0
0,0,-0.194361762102241,0
0,0,-0.20524305629064,0
0,0,-0.216018655080946,0
0,0,-0.226673974390037,0
0,0,-0.237190039228047,0
0,0,-0.24755618596431,0
0,0,-0.257754850971841,0
0,0,-0.267769725168443,0
0,0,-0.277584342653817,0
0,0,-0.28718537388963,0
0,0,-0.296553373431721,0
0,0,-0.305670777653108,0
0,0,-0.314524727469748,0
0,0,-0.323093738802208,0
0,0,-0.331362913931171,0
0,0,-0.339314375593459,0
0,0,-0.346930873798284,0
0,0,-0.354195158554859,0
0,0,-0.361089352600005,0
0,0,-0.367595735488641,0
0,0,-0.373696743593785,0
0,0,-0.379376067833236,0
0,0,-0.384617085488602,0
0,0,-0.38940129202431,0
0,0,-0.393715357902025,0
0,0,-0.397541719494764,0
0,0,-0.400867831354681,0
0,0,-0.403677070763383,0
0,0,-0.40595798999971,0
0,0,-0.40769788679772,0
0,0,-0.408885313436253,0
0,0,-0.409509606284642,0
0,0,-0.409561356257003,0
0,0,-0.409032251994138,0
0,0,-0.407915079863537,0
0,0,-0.406203880777473,0
0,0,-0.403893322920612,0
0,0,-0.400981210839581,0
0,0,-0.397464878626713,0
0,0,-0.393342914919125,0
0,0,-0.388618769714976,0
0,0,-0.383291972559969,0
0,0,-0.377368482541834,0
0,0,-0.370851592840627,0
0,0,-0.363750398906037,0
0,0,-0.356070859825791,0
0,0,-0.347824893775341,0
0,0,-0.339023948475846,0
0,0,-0.329677746649385,0
0,0,-0.319805733740119,0
0,0,-0.30941747565203,0
0,0,-0.298536495099827,0
0,0,-0.287175807985648,0
0,0,-0.275357525661321,0
0,0,-0.263100466298615,0
0,0,-0.250426427613158,0
0,0,-0.237358775501563,0
0,0,-0.223919307679461,0
0,0,-0.210132174133952,0
0,0,-0.196023406669317,0
0,0,-0.181617155272656,0
0,0,-0.166939765384443,0
0,0,-0.152017582445155,0
0,0,-0.136878206440049,0
0,0,-0.12154719871911,0
0,0,-0.106053570630479,0
0,0,-0.0904233539784359,0
0,0,-0.0746858737473174,0
0,0,-0.0588673185595004,0
0,0,-0.0429973270355188,0
0,0,-0.0271019309796505,0
0,0,-0.0112099849219398,0
0,0,0.00465153842474653,0
0,0,0.0204558231656398,0
0,0,0.0361760534059714,0
0,0,0.0517854132509725,0
0,0,0.0672575572601684,0
0,0,0.0825688059007512,0
0,0,0.0976912455512666,0
0,0,0.112602451223691,0
0,0,0.127277488840432,0
0,0,0.141692522050585,0
0,0,0.155824655411832,0
0,0,0.169651620754248,0
0,0,0.183150679453614,0
0,0,0.196301758793379,0
0,0,0.20908227696742,0
0,0,0.221473415803971,0
0,0,0.233454475314087,0
0,0,0.245006637326001,0
0,0,0.256110299577454,0
0,0,0.26674978025864,0
0,0,0.276903595290125,0
0,0,0.28655872876977,0
0,0,0.295697146616297,0
0,0,0.304302069293213,0
0,0,0.312360794534576,0
0,0,0.319856229167696,0
0,0,0.326777395925709,0
0,0,0.333108612998809,0
0,0,0.338839216756327,0
0,0,0.34395744584091,0
0,0,0.348451538895201,0
0,0,0.352314439104788,0
0,0,0.355532816931336,0
0,0,0.358104633739571,0
0,0,0.360016089536861,0
0,0,0.361267184323208,0
0,0,0.361850547648003,0
0,0,0.361762886331186,0
0,0,0.36100388673656,0
0,0,0.35957009886597,0
0,0,0.357464031808983,0
0,0,0.354684274202717,0
0,0,0.351237255589193,0
0,0,0.347124544149391,0
0,0,0.342351785334842,0
0,0,0.336926506414252,0
0,0,0.330854196021054,0
0,0,0.324146301876407,0
0,0,0.316808626249938,0
0,0,0.308857164587651,0
0,0,0.300300855521134,0
0,0,0.291153185406821,0
0,0,0.281431874689794,0
0,0,0.271147587000721,0
0,0,0.260323217781918,0
0,0,0.248972880662211,0
0,0,0.237118686993429,0
0,0,0.224780709492121,0
0,0,0.211980589055822,0
0,0,0.198742475671632,0
0,0,0.185089735236164,0
0,0,0.171050595007068,0
0,0,0.156646382245682,0
0,0,0.141910185570696,0
0,0,0.126867095877801,0
0,0,0.111547379059922,0
0,0,0.0959806737375946,0
0,0,0.0801992844390185,0
0,0,0.0642315952399433,0
0,0,0.048111792485747,0
0,0,0.0318707693417482,0
0,0,0.0155398894275591,0
0,0,-0.000848072274325151,0
0,0,-0.0172612816899974,0
0,0,-0.0336666502007668,0
0,0,-0.0500343823680006,0
0,0,-0.0663299782101255,0
0,0,-0.0825242695609018,0
0,0,-0.0985844814378338,0
0,0,-0.114481445674683,0
0,0,-0.130183641833737,0
0,0,-0.145660647203973,0
0,0,-0.160884548163935,0
0,0,-0.175823824275912,0
0,0,-0.190452757371823,0
0,0,-0.204739042923466,0
0,0,-0.218660569579014,0
0,0,-0.232187698717934,0
0,0,-0.245294868990241,0
0,0,-0.257958714499323,0
0,0,-0.270153360259001,0
0,0,-0.281857165371741,0
0,0,-0.293046763940933,0
0,0,-0.303702083250024,0
0,0,-0.313803834672952,0
0,0,-0.32333163185697,0
0,0,-0.332270106628466,0
0,0,-0.340601695360458,0
0,0,-0.348313852605102,0
0,0,-0.355388701099216,0
0,0,-0.361820909027469,0
0,0,-0.367596362761034,0
0,0,-0.372705182759732,0
0,0,-0.377144232661603,0
0,0,-0.380904260198861,0
0,0,-0.383985108553408,0
0,0,-0.386379720910831,0
0,0,-0.388093585904562,0
0,0,-0.389124821717425,0
0,0,-0.389476721529479,0
0,0,-0.389156342155136,0
0,0,-0.388168074501142,0
0,0,-0.386523523106755,0
0,0,-0.384229744786386,0
0,0,-0.381302107713647,0
0,0,-0.377752216427794,0
0,0,-0.373596223192927,0
0,0,-0.368852005272224,0
0,0,-0.363535714929789,0
0,0,-0.357669620335544,0
0,0,-0.351272382843159,0
0,0,-0.344368622894031,0
0,0,-0.336982176839065,0
0,0,-0.329137194665362,0
0,0,-0.320861903630575,0
0,0,-0.312181237812293,0
0,0,-0.303125776739642,0
0,0,-0.293722649943585,0
0,0,-0.284004475588519,0
0,0,-0.274000265022586,0
0,0,-0.263741068229202,0
0,0,-0.253260130645158,0
0,0,-0.24258912952626,0
0,0,-0.231758487583535,0
0,0,-0.220803488889046,0
0,0,-0.209753301609032,0
0,0,-0.198641955270774,0
0,0,-0.187500029403394,0
0,0,-0.176358573990307,0
0,0,-0.165248482196834,0
0,0,-0.154200490370193,0
0,0,-0.143242041677546,0
0,0,-0.132401833830839,0
0,0,-0.121708721360115,0
0,0,-0.111186854252476,0
0,0,-0.100861950676004,0
0,0,-0.0907592583444869,0
0,0,-0.0808994772468704,0
0,0,-0.0713069141883529,0
0,0,-0.0619986623416234,0
0,0,-0.0529958921499212,0
0,0,-0.0443130308782677,0
0,0,-0.0359679557898417,0
0,0,-0.0279741532410774,0
0,0,-0.0203435414074269,0
0,0,-0.0130885089186373,0
0,0,-0.00621642622531804,0
0,0,0.000261258951372856,0
0,0,0.00634062615898356,0
0,0,0.0120171276726704,0
0,0,0.0172840203142162,0
0,0,0.0221416177198177,0
0,0,0.0265880380722978,0
0,0,0.0306243790983429,0
0,0,0.0342517385246395,0
0,0,0.0374741936217375,0
0,0,0.0402962921144803,0
0,0,0.0427221112734177,0
0,0,0.0447604329120412,0
0,0,0.0464178433904698,0
0,0,0.0477045358850774,0
0,0,0.0486299194817474,0
0,0,0.0492055987197371,0
0,0,0.0494434917744986,0
0,0,0.0493572418205639,0
0,0,0.0489606488505625,0
0,0,0.048268140129516,0
0,0,0.0472949270129368,0
0,0,0.0460585731278074,0
0,0,0.0445741330115426,0
0,0,0.0428586998368308,0
0,0,0.0409325031383221,0
0,0,0.0388101269991366,0
0,0,0.0365135259530032,0
0,0,0.0340588522640219,0
0,0,0.0314661786487456,0
0,0,0.0287547937332351,0
0,0,0.0259435156892585,0
0,0,0.0230533581419565,0
0,0,0.0201018847183114,0
0,0,0.0171113635882489,0
0,0,0.0140995151968497,0
0,0,0.0110868827149602,0
0,0,0.00809369567723084,0
0,0,0.00513877225542836,0
0,0,0.0022423419842037,0
0,0,-0.000576776964675729,0
0,0,-0.00329960960134523,0
0,0,-0.00590624002734907,0
0,0,-0.00837988870619588,0
0,0,-0.0107025215566076,0
0,0,-0.012856888587798,0
0,0,-0.0148265238994701,0
0,0,-0.0165957456818178,0
0,0,-0.0181520084869953,0
0,0,-0.0194794736870992,0
0,0,-0.0205670071971669,0
0,0,-0.0214042590227255,0
0,0,-0.0219811928054993,0
0,0,-0.0222887130958012,0
0,0,-0.0223218017144924,0
0,0,-0.0220732450290622,0
0,0,-0.0215417884947267,0
0,0,-0.0207225707504455,0
0,0,-0.0196176304314928,0
0,0,-0.0182274379921638,0
0,0,-0.0165551297944194,0
0,0,-0.0146055671992994,0
0,0,-0.012384395658334,0
0,0,-0.00990086743930974,0
0,0,-0.00716407799191288,0
0,0,-0.00418610230969552,0
0,0,-0.000978858568109975,0
0,0,0.00244181460493986,0
0,0,0.00606305812541175,0
0,0,0.0098629174595779,0
0,0,0.013826181251926,0
0,0,0.0179312086049226,0
0,0,0.0221579268020164,0
0,0,0.0264831267646937,0
0,0,0.0308854812316179,0
0,0,0.0353398993070992,0
0,0,0.0398230150945258,0
0,0,0.0443105217886985,0
0,0,0.048775289858652,0
0,0,0.0531958352249515,0
0,0,0.0575439306299461,0
0,0,0.0617946419960433,0
0,0,0.0659253875171226,0
0,0,0.0699069990269436,0
0,0,0.0737203447175432,0
0,0,0.0773362564226814,0
0,0,0.0807359159705903,0
0,0,0.0838953301922667,0
0,0,0.0867923877358838,0
0,0,0.0894085840658696,0
0,0,0.0917221214665942,0
0,0,0.0937165340377601,0
0,0,0.0953723763352081,0
0,0,0.0966769460929946,0
0,0,0.0976122092298428,0
0,0,0.0981676589331821,0
0,0,0.0983310633913639,0
0,0,0.0980909748832293,0
0,0,0.0974400229581696,0
0,0,0.0963706803474775,0
0,0,0.0948776152358193,0
0,0,0.0929572208069387,0
0,0,0.0906068311531698,0
0,0,0.0878270735469038,0
0,0,0.0846176343519454,0
0,0,0.0809827476569414,0
0,0,0.0769271180048345,0
0,0,0.0724559203928608,0
0,0,0.0675787207250014,0
0,0,0.0623050849052387,0
0,0,0.0566459902004368,0
0,0,0.0506149229670296,0
0,0,0.0442278786510193,0
0,0,0.0374994413355256,0
0,0,0.0304490564647084,0
0,0,0.0230941308474528,0
0,0,0.0154563053812913,0
0,0,0.00755769141805129,0
0,0,-0.000580697417127518,0
0,0,-0.00893173159327998,0
0,0,-0.0174739270309711,0
0,0,-0.0261779587458632,0
0,0,-0.035020460841345,0
0,0,-0.0439703833339998,0
0,0,-0.0530034194186282,0
0,0,-0.0620878918394216,0
0,0,-0.0711980824282973,0
0,0,-0.0803016866570541,0
0,0,-0.0893734568119037,0
0,0,-0.09838077472845,0
0,0,-0.107299333601492,0
0,0,-0.116099965264791,0
0,0,-0.124753658370206,0
0,0,-0.13323641974873,0
0,0,-0.141519551688421,0
0,0,-0.149580472383157,0
0,0,-0.157392836392462,0
0,0,-0.164934532364511,0
0,0,-0.172183605765574,0
0,0,-0.179118415698119,0
0,0,-0.185718889445593,0
0,0,-0.191965895200033,0
0,0,-0.197844064787829,0
0,0,-0.203331757311448,0
0,0,-0.208420975047889,0
0,0,-0.213092115734893,0
0,0,-0.217336240740872,0
0,0,-0.22114237279896,0
0,0,-0.224500475550882,0
0,0,-0.22740317854603,0
0,0,-0.229845463605264,0
0,0,-0.231822312549447,0
0,0,-0.233331843561402,0
0,0,-0.234371861187756,0
0,0,-0.234944247245687,0
0,0,-0.235050569916173,0
0,0,-0.234695533742158,0
0,0,-0.23388337281229,0
0,0,-0.232623182576255,0
0,0,-0.230922176666565,0
0,0,-0.228791959622476,0
0,0,-0.226242097347971,0
0,0,-0.223287487562364,0
0,0,-0.219940832531601,0
0,0,-0.21621750042929,0
0,0,-0.212135054882414,0
0,0,-0.207711529972251,0
0,0,-0.202963548417196,0
0,0,-0.197914005659565,0
0,0,-0.192580935780637,0
0,0,-0.186987704677022,0
0,0,-0.18115532597386,0
0,0,-0.175105911022979,0
0,0,-0.1688620416305,0
0,0,-0.162448651874016,0
0,0,-0.155887382651057,0
0,0,-0.149201129403943,0
0,0,-0.142414669392165,0
0,0,-0.135551211694239,0
0,0,-0.128631299481011,0
0,0,-0.121679396375777,0
0,0,-0.114717770548464,0
0,0,-0.107766181079426,0
0,0,-0.100845798411903,0
0,0,-0.0939779498072317,0
0,0,-0.0871819238914726,0
0,0,-0.0804738729287271,0
0,0,-0.0738755946346256,0
0,0,-0.0674019867284846,0
0,0,-0.0610702992010902,0
0,0,-0.0548963706803477,0
0,0,-0.0488944716131802,0
0,0,-0.0430807542636884,0
0,0,-0.037465568626344,0
0,0,-0.0320634987842675,0
0,0,-0.0268850515500293,0
0,0,-0.0219407337361991,0
0,0,-0.0172371317028959,0
0,0,-0.0127866340798659,0
0,0,-0.00859316131956134,0
0,0,-0.00466282932780704,0
0,0,-0.0010026949190155,0
0,0,0.00238583054393127,0
0,0,0.00549741524569858,0
0,0,0.00833096145960011,0
0,0,0.0108855282770475,0
0,0,0.0131592338808637,0
0,0,0.0151545873606178,0
0,0,0.0168715887163104,0
0,0,0.0183102379479412,0
0,0,0.019476650961334,0
0,0,0.0203697300298034,0
0,0,0.020996061513467,0
0,0,0.0213584681380907,0
0,0,0.0214610271742242,0
0,0,0.0213104818000835,0
0,0,0.020910909286219,0
0,0,0.0202687391746506,0
0,0,0.0193902441893012,0
0,0,0.0182820106902897,0
0,0,0.0169506250377343,0
0,0,0.01540298722795,0
0,0,0.0136464677115458,0
0,0,0.0116881233029342,0
0,0,0.009534540362234,0
0,0,0.00719481433913294,0
0,0,0.00467317932227918,0
0,0,0.00197967166994828,0
0,0,-0.000879435893937686,0
0,0,-0.00389724337306341,0
0,0,-0.00706653713491767,0
0,0,-0.01038010354699,0
0,0,-0.0138305721586718,0
0,0,-0.0174108861555495,0
0,0,-0.0211141455413086,0
0,0,-0.0249331366834387,0
0,0,-0.0288597050408396,0
0,0,-0.0328872642533933,0
0,0,-0.0370098552333729,0
0,0,-0.0412168143501107,0
0,0,-0.0455035938787623,0
0,0,-0.0498603142791506,0
0,0,-0.054280232373058,0
0,0,-0.0587545663469931,0
0,0,-0.0632759457503475,0
0,0,-0.0678357455877266,0
0,0,-0.0724247135913461,0
0,0,-0.0770356361286946,0
0,0,-0.081657849569103,0
0,0,-0.0862839834619636,0
0,0,-0.0909029037223127,0
0,0,-0.0955048876280713,0
0,0,-0.100082094274336,0
0,0,-0.104621664577066,0
0,0,-0.109114032632278,0
0,0,-0.113548848445501,0
0,0,-0.117913723386989,0
0,0,-0.122196582463189,0
0,0,-0.126386762043434,0
0,0,-0.130472343952271,0
0,0,-0.134439685015168,0
0,0,-0.138276867056673,0
0,0,-0.14197228553753,0
0,0,-0.14551025864793,0
0,0,-0.148881690938188,0
0,0,-0.152070273326104,0
0,0,-0.155065498999108,0
0,0,-0.157851999783591,0
0,0,-0.160420366593668,0
0,0,-0.162753976710944,0
0,0,-0.164844832412419,0
0,0,-0.166675056434913,0
0,0,-0.168237591964014,0
0,0,-0.169519266279483,0
0,0,-0.170506906661084,0
0,0,-0.171194554021091,0
0,0,-0.171566840185892,0
0,0,-0.171618903794449,0
0,0,-0.171338669853211,0
0,0,-0.170720336092548,0
0,0,-0.169756061607558,0
0,0,-0.168440044128613,0
0,0,-0.166766481386084,0
0,0,-0.164730825655127,0
0,0,-0.162329940573782,0
0,0,-0.1595595920534,0
0,0,-0.156422132365452,0
0,0,-0.152913327421291,0
0,0,-0.149036940855271,0
0,0,-0.144795324938861,0
0,0,-0.140190518307337,0
0,0,-0.135228323230328,0
0,0,-0.129915326067951,0
0,0,-0.124258426816522,0
0,0,-0.118266877743827,0
0,0,-0.111950087935748,0
0,0,-0.105320759658231,0
0,0,-0.0983898701781375,0
0,0,-0.0911720035785892,0
0,0,-0.0836826848512933,0
0,0,-0.0759364980793706,0
0,0,-0.0679521046164898,0
0,0,-0.0597470680896344,0
0,0,-0.0513391089438849,0
0,0,-0.0427508089853632,0
0,0,-0.0339995750229541,0
0,0,-0.0251101843161516,0
0,0,-0.0161028663996053,0
0,0,-0.00700098716992725,0
0,0,0.00217146020387915,0
0,0,0.0113904825528104,0
0,0,0.0206319298897646,0
0,0,0.0298733772267188,0
0,0,0.0390861268517277,0
0,0,0.0482475969586698,0
0,0,0.0573333239242473,0
0,0,0.066316962307986,0
0,0,0.0751727939418032,0
0,0,0.0838772961109895,0
0,0,0.0924050642836589,0
0,0,0.100730380291729,0
0,0,0.108831446419568,0
0,0,0.116682858135292,0
0,0,0.12426422908615,0
0,0,0.131551252466945,0
0,0,0.138523698743024,0
0,0,0.145163377015014,0
0,0,0.151448332749186,0
0,0,0.157363825044321,0
0,0,0.16289197663724,0
0,0,0.168017419354333,0
0,0,0.172729332746834,0
0,0,0.177010780460151,0
0,0,0.180857685223736,0
0,0,0.184255776590665,0
0,0,0.187203329561858,0
0,0,0.189690778233334,0
0,0,0.191718749877486,0
0,0,0.193283794496155,0
0,0,0.194386852997931,0
0,0,0.195030277654284,0
0,0,0.195216263918586,0
0,0,0.194953436786232,0
0,0,0.194242737165811,0
0,0,0.193097494595656,0
0,0,0.191523511345397,0
0,0,0.189532235136192,0
0,0,0.187133075053926,0
0,0,0.184340771999815,0
0,0,0.181166460058823,0
0,0,0.177622057406401,0
0,0,0.173722304943769,0
0,0,0.169482100390242,0
0,0,0.164912421012684,0
0,0,0.160030046347589,0
0,0,0.154846580934212,0
0,0,0.149377549764263,0
0,0,0.143635498285586,0
0,0,0.137633128764124,0
0,0,0.13138565255539,0
0,0,0.124902635563365,0
0,0,0.118200073234052,0
0,0,0.111286747380942,0
0,0,0.104176301178566,0
0,0,0.0968801823480845,0
0,0,0.0894071727029873,0
0,0,0.0817707585997083,0
0,0,0.0739812900327201,0
0,0,0.0660461374526311,0
0,0,0.0579787872158748,0
0,0,0.0497862961368645,0
0,0,0.0414790142100718,0
0,0,0.0330661937032828,0
0,0,0.0245558323394985,0
0,0,0.0159559278417203,0
0,0,0.00727588929583201,0
0,0,-0.00147769693804822,0
0,0,-0.01029510813784,0
0,0,-0.0191702283977191,0
0,0,-0.0280939622679977,0
0,0,-0.0370576847532822,0
0,0,-0.0460568481287287,0
0,0,-0.0550800046731794,0
0,0,-0.0641208816627112,0
0,0,-0.0731694427390476,0
0,0,-0.0822200424506593,0
0,0,-0.0912602921677986,0
0,0,-0.100283448712249,0
0,0,-0.109279632543833,0
0,0,-0.118239120940469,0
0,0,-0.127154072997257,0
0,0,-0.136009904631074,0
0,0,-0.144802852207568,0
0,0,-0.153517547553128,0
0,0,-0.162145992944754,0
0,0,-0.170677367933679,0
0,0,-0.179100224798744,0
0,0,-0.187405468090261,0
0,0,-0.195581806905171,0
0,0,-0.203617950340413,0
0,0,-0.21150386203771,0
0,0,-0.219229505638787,0
0,0,-0.22678625614825,0
0,0,-0.234159686301077,0
0,0,-0.241344307463836,0
0,0,-0.248328828733467,0
0,0,-0.255103527387889,0
0,0,-0.261659307977415,0
0,0,-0.26798848641524,0
0,0,-0.274082437705971,0
0,0,-0.279931439127527,0
0,0,-0.285529217955986,0
0,0,-0.290870442376014,0
0,0,-0.295941469213079,0
0,0,-0.300743866648162,0
0,0,-0.305265873323909,0
0,0,-0.309503882424063,0
0,0,-0.313452718951389,0
0,0,-0.317106894272454,0
0,0,-0.320464056115789,0
0,0,-0.323517304485076,0
0,0,-0.326265228017435,0
0,0,-0.328706258531885,0
0,0,-0.330835221031189,0
0,0,-0.332652115515347,0
0,0,-0.334156001075772,0
0,0,-0.335345152713385,0
0,0,-0.336218943155792,0
0,0,-0.336779411038269,0
0,0,-0.33702467454364,0
0,0,-0.336958654124356,0
0,0,-0.336581663416612,0
0,0,-0.335895584237586,0
0,0,-0.334904337039729,0
0,0,-0.333610430912611,0
0,0,-0.332017943126781,0
0,0,-0.330130323680395,0
0,0,-0.327954002115476,0
0,0,-0.325494153429259,0
0,0,-0.322754854892294,0
0,0,-0.319742065592306,0
0,0,-0.316463469616102,0
0,0,-0.312923614688524,0
0,0,-0.309129087169692,0
0,0,-0.305086630237822,0
0,0,-0.300804398434014,0
0,0,-0.296285998574523,0
0,0,-0.291540682927135,0
0,0,-0.286573469670988,0
0,0,-0.28139016107571,0
0,0,-0.275998598046204,0
0,0,-0.270403798761607,0
0,0,-0.264611251855354,0
0,0,-0.258628798232346,0
0,0,-0.252459731072644,0
0,0,-0.246112048099247,0
0,0,-0.239590297037,0
0,0,-0.232898084702159,0
0,0,-0.226042938363431,0
0,0,-0.219027994382776,0
0,0,-0.211858114121235,0
0,0,-0.204538629394141,0
0,0,-0.197073147017751,0
0,0,-0.189466998807398,0
0,0,-0.181722223398358,0
0,0,-0.173844309424062,0
0,0,-0.165836236428374,0
0,0,-0.157701454409451,0
0,0,-0.149444040637842,0
0,0,-0.141066661021215,0
0,0,-0.132574490556806,0
0,0,-0.123966745154125,0
0,0,-0.115252833899054,0
0,0,-0.106432129519203,0
0,0,-0.0975104342842,0
0,0,-0.0884893163750246,0
0,0,-0.0793747348794032,0
0,0,-0.0701699829773953,0
0,0,-0.0608775697585708,0
0,0,-0.0515026702201646,0
0,0,-0.0420492048146294,0
0,0,-0.0325201530858275,0
0,0,-0.0229206900309953,0
0,0,-0.0132533247397016,0
0,0,-0.0035238594815753,0
0,0,0.0062661375624038,0
0,0,0.0161107073045084,0
0,0,0.0260060861103857,0
0,0,0.0359492944361721,0
0,0,0.0459324913769648,0
0,0,0.0559566178413518,0
0,0,0.066011480652959,0
0,0,0.0760953548127083,0
0,0,0.0862016539604804,0
0,0,0.0963252030990394,0
0,0,0.106460827231149,0
0,0,0.116601626360495,0
0,0,0.126741798217449,0
0,0,0.136874285987597,0
0,0,0.146991248766038,0
0,0,0.157086257010749,0
0,0,0.167148803909162,0
0,0,0.177171519010666,0
0,0,0.187144522775085,0
0,0,0.197054485664081,0
0,0,0.206892939500362,0
0,0,0.216644986564609,0
0,0,0.226297767772783,0
0,0,0.235835601315076,0
0,0,0.245243432654076,0
0,0,0.254504482253288,0
0,0,0.263599147850455,0
0,0,0.272510022636693,0
0,0,0.281214211169683,0
0,0,0.289695090731031,0
0,0,0.297926159062165,0
0,0,0.305887186628434,0
0,0,0.313555748441816,0
0,0,0.320904401335149,0
0,0,0.327912602137588,0
0,0,0.334550555410499,0
0,0,0.340797717983037,0
0,0,0.34662429441657,0
0,0,0.35200503699731,0
0,0,0.356916423010547,0
0,0,0.361328970653845,0
0,0,0.365219470848692,0
0,0,0.368561421336513,0
0,0,0.37133302440168,0
0,0,0.373507620967521,0
0,0,0.375062786046012,0
0,0,0.375980799192073,0
0,0,0.37623609905572,0
0,0,0.375813944735734,0
0,0,0.374693636243171,0
0,0,0.372865921310247,0
0,0,0.37031292267378,0
0,0,0.367022094885927,0
0,0,0.362990301584725,0
0,0,0.358203115505154,0
0,0,0.352660223011017,0
0,0,0.346352999106921,0
0,0,0.33928755969869,0
0,0,0.331460768424362,0
0,0,0.322875291191606,0
0,0,0.313542262085383,0
0,0,0.303464974285752,0
0,0,0.29265754142154,0
0,0,0.281127961215748,0
0,0,0.268900383655477,0
0,0,0.255985472371395,0
0,0,0.24240377053435,0
0,0,0.228181780402912,0
0,0,0.213338633785048,0
0,0,0.197903498846995,0
0,0,0.181902407393032,0
0,0,0.165367193497067,0
0,0,0.148326554871044,0
0,0,0.130816559677519,0
0,0,0.11286810108181,0
0,0,0.0945183449731566,0
0,0,0.0758038299684087,0
0,0,0.0567603105939252,0
0,0,0.0374271481923187,0
0,0,0.0178405677442421,0
0,0,-0.00195834440861142,0
0,0,-0.0219311678322175,0
0,0,-0.0420371298210783,0
0,0,-0.0622385940316603,0
0,0,-0.0824943173041716,0
0,0,-0.102764467841705,0
0,0,-0.123009841119744,0
0,0,-0.143193584885244,0
0,0,-0.163272574161239,0
0,0,-0.183211681693761,0
0,0,-0.202971859776393,0
0,0,-0.222515001611306,0
0,0,-0.241805195854043,0
0,0,-0.260803551616285,0
0,0,-0.279479489368909,0
0,0,-0.2977938045874,0
0,0,-0.315714820015948,0
0,0,-0.333211328853041,0
0,0,-0.350247262936121,0
0,0,-0.3667975313695,0
0,0,-0.382827163717311,0
0,0,-0.398311382720057,0
0,0,-0.413222431574383,0
0,0,-0.427532553476932,0
0,0,-0.441221518893053,0
0,0,-0.454261727837486,0
0,0,-0.466634518956564,0
0,0,-0.478317937716556,0
0,0,-0.48929520458097,0
0,0,-0.499547344559941,0
0,0,-0.509060714478937,0
0,0,-0.517821827981524,0
0,0,-0.525814062349308,0
0,0,-0.533033183493641,0
0,0,-0.539463509604716,0
0,0,-0.545100336139594,0
0,0,-0.549937547192447,0
0,0,-0.553968556403158,0
0,0,-0.557190854682158,0
0,0,-0.55959926703221,0
0,0,-0.561196772997178,0
0,0,-0.561979295306513,0
0,0,-0.561951538503156,0
0,0,-0.561115541222381,0
0,0,-0.559473655735662,0
0,0,-0.557033879765996,0
0,0,-0.553798408766759,0
0,0,-0.549778063186717,0
0,0,-0.544978958931693,0
0,0,-0.53941144599616,0
0,0,-0.533083835739315,0
0,0,-0.526009300881396,0
0,0,-0.518197250508287,0
0,0,-0.509661641430714,0
0,0,-0.500416900913701,0
0,0,-0.49047400622411,0
0,0,-0.479851461897515,0
0,0,-0.468563695198936,0
0,0,-0.456627328846768,0
0,0,-0.444061181012778,0
0,0,-0.430882658505853,0
0,0,-0.417111990860641,0
0,0,-0.402767525794617,0
0,0,-0.387872472386293,0
0,0,-0.372447530624614,0
0,0,-0.356515909588094,0
0,0,-0.34010285699052,0
0,0,-0.323231111456111,0
0,0,-0.305927802515833,0
0,0,-0.288219746064454,0
0,0,-0.270136267086312,0
0,0,-0.25170386783998,0
0,0,-0.232953755126972,0
0,0,-0.213914783477332,0
0,0,-0.194616591511593,0
0,0,-0.175091013303663,0
0,0,-0.155369726109351,0
0,0,-0.135481741276797,0
0,0,-0.115461088333282,0
0,0,-0.0953389740803205,0
0,0,-0.075145350774642,0
0,0,-0.0549148752159192,0
0,0,-0.034677342842783,0
0,0,-0.0144658422739253,0
0,0,0.00568983105202192,0
0,0,0.0257547066991906,0
0,0,0.0456986755927526,0
0,0,0.0654895900226053,0
0,0,0.0850937340976647,0
0,0,0.104480685106907,0
0,0,0.123617197613542,0
0,0,0.142472064816056,0
0,0,0.161013766276738,0
0,0,0.179209370194995,0
0,0,0.197029394768391,0
0,0,0.214441849104921,0
0,0,0.231415996857365,0
0,0,0.247921572132797,0
0,0,0.263929406764976,0
0,0,0.279406098499015,0
0,0,0.294326713257324,0
0,0,0.30866051469268,0
0,0,0.322376923275961,0
0,0,0.335452102656263,0
0,0,0.347856414213052,0
0,0,0.359564923868734,0
0,0,0.370550815728542,0
0,0,0.380794330712119,0
0,0,0.390270534741874,0
0,0,0.398956061921194,0
0,0,0.406838680438432,0
0,0,0.413893926670289,0
0,0,0.420110823349901,0
0,0,0.425471022759795,0
0,0,0.429969193084635,0
0,0,0.433592318422284,0
0,0,0.436331146504956,0
0,0,0.438185520514552,0
0,0,0.439148226818561,0
0,0,0.439222558597043,0
0,0,0.438404124943252,0
0,0,0.436703275851659,0
0,0,0.434124088592816,0
0,0,0.430670640437272,0
0,0,0.42635955410342,0
0,0,0.421197572769478,0
0,0,0.415204455515802,0
0,0,0.408389140973982,0
0,0,0.400775935949216,0
0,0,0.392382560886587,0
0,0,0.383226893049273,0
0,0,0.373337002876828,0
0,0,0.362731081268627,0
0,0,0.351438923663302,0
0,0,0.339482955048876,0
0,0,0.326893754954472,0
0,0,0.313698452911054,0
0,0,0.299924178449587,0
0,0,0.285605117915448,0
0,0,0.2707687144758,0
0,0,0.255448213567431,0
0,0,0.239673253810876,0
0,0,0.223478178369609,0
0,0,0.206895605408029,0
0,0,0.189956741727649,0
0,0,0.172698910035809,0
0,0,0.155151748953043,0
0,0,0.137354463003866,0
0,0,0.119338415807892,0
0,0,0.101138420982889,0
0,0,0.0827927421447854,0
0,0,0.0643347815484687,0
0,0,0.0458028028098667,0
0,0,0.0272308354562583,0
0,0,0.00865777037596338,0
0,0,-0.0098793833598747,0
0,0,-0.0283450280429962,0
0,0,-0.0467018409660621,0
0,0,-0.0649128130579292,0
0,0,-0.0829425034284358,0
0,0,-0.100752805279752,0
0,0,-0.118309689084598,0
0,0,-0.135576929862322,0
0,0,-0.152520968539937,0
0,0,-0.169106677863479,0
0,0,-0.185302694213334,0
0,0,-0.201075928970811,0
0,0,-0.216395488970591,0
0,0,-0.231232990136926,0
0,0,-0.245556598395908,0
0,0,-0.259342791032828,0
0,0,-0.272563811244328,0
0,0,-0.285194881770916,0
0,0,-0.297216243532234,0
0,0,-0.308602648814495,0
0,0,-0.319339043080284,0
0,0,-0.329404412704462,0
0,0,-0.338786996329672,0
0,0,-0.347470641691817,0
0,0,-0.355444841978323,0
0,0,-0.362703638101466,0
0,0,-0.369232759614322,0
0,0,-0.375034558788361,0
0,0,-0.380100253810092,0
0,0,-0.384432510587182,0
0,0,-0.388030388211043,0
0,0,-0.390897336679832,0
0,0,-0.393038060536491,0
0,0,-0.394458205232549,0
0,0,-0.395169218489168,0
0,0,-0.395176432121678,0
0,0,-0.394498037029458,0
0,0,-0.393141874117408,0
0,0,-0.391127075193494,0
0,0,-0.388469478885619,0
0,0,-0.385184453367394,0
0,0,-0.381295521353529,0
0,0,-0.37681820783573,0
0,0,-0.371777290073493,0
0,0,-0.366194722600546,0
0,0,-0.360094812222089,0
0,0,-0.353500611198537,0
0,0,-0.346439405878954,0
0,0,-0.33893534625044,0
0,0,-0.331017130024942,0
0,0,-0.322710945824836,0
0,0,-0.314043766362989,0
0,0,-0.305047112077111,0
0,0,-0.295748269316266,0
0,0,-0.28617421079332,0
0,0,-0.276357711490768,0
0,0,-0.26632637139387,0
0,0,-0.256109672305061,0
0,0,-0.245736625572484,0
0,0,-0.235236869816672,0
0,0,-0.224639259567668,0
0,0,-0.213974217536497,0
0,0,-0.203268245981733,0
0,0,-0.192551297160103,0
0,0,-0.181849246057789,0
0,0,-0.17119298584011,0
0,0,-0.16060556876748,0
0,0,-0.150115222097552,0
0,0,-0.139747663998407,0
0,0,-0.129527201275245,0
0,0,-0.119477199824677,0
0,0,-0.10962071190712,0
0,0,-0.0999811034191834,0
0,0,-0.0905768788964398,0
0,0,-0.0814288951459312,0
0,0,-0.0725556567032291,0
0,0,-0.0639751976496102,0
0,0,-0.0557000634329209,0
0,0,-0.0477492290430256,0
0,0,-0.0401336717467888,0
0,0,-0.0328635847205854,0
0,0,-0.0259511997760637,0
0,0,-0.0194052987267155,0
0,0,-0.0132319974783649,0
0,0,-0.00743835284542516,0
0,0,-0.00202844209844577,0
0,0,0.00299303021963149,0
0,0,0.00762794592598337,0
0,0,0.0118725413862564,0
0,0,0.0157293256900193,0
0,0,0.019200494290645,0
0,0,0.0222898108224874,0
0,0,0.025001509374194,0
0,0,0.0273420194877851,0
0,0,0.0293187116138698,0
0,0,0.0309386425668612,0
0,0,0.0322121623412315,0
0,0,0.0331483663866678,0
0,0,0.033757918333839,0
0,0,0.0340547749934723,0
0,0,0.0340488159057459,0
0,0,0.0337555660623678,0
0,0,0.0331894527283603,0
0,0,0.0323642758963527,0
0,0,0.0312965014666413,0
0,0,0.0300043203386016,0
0,0,0.0285002779600787,0
0,0,0.0268089947724688,0
0,0,0.0249401934978513,0
0,0,0.0229189650319161,0
0,0,0.0207608343663723,0
0,0,0.0184857173996735,0
0,0,0.0161136868483716,0
0,0,0.0136643449747249,0
0,0,0.0111590190400694,0
0,0,0.00861621357997699,0
0,0,0.00605851040056837,0
0,0,0.00350535494600379,0
0,0,0.000977604023325362,0
0,0,-0.00150310146993438,0
0,0,-0.00391700245341897,0
0,0,-0.00624245802959655,0
0,0,-0.00846033639050248,0
0,0,-0.0105505648195848,0
0,0,-0.0124919728736056,0
0,0,-0.0142671537436792,0
0,0,-0.0158560347132544,0
0,0,-0.0172415226096412,0
0,0,-0.0184035447162885,0
0,0,-0.019329085131057,0
0,0,-0.0199977575011978,0
0,0,-0.0203965459245721,0
0,0,-0.0205107094999618,0
0,0,-0.0203267618709342,0
0,0,-0.019832157589643,0
0,0,-0.0190140375720482,0
0,0,-0.0178658154580307,0
0,0,-0.0163758867083336,0
0,0,-0.0145384490533285,0
0,0,-0.0123472297690933,0
0,0,-0.00979909249366639,0
0,0,-0.00689090086508692,0
0,0,-0.00362108670237404,0
0,0,6.4295420207916e-06,0
0,0,0.00398960923282221,0
0,0,0.00832437509948125,0
0,0,0.0130027294189967,0
0,0,0.0180140085606999,0
0,0,0.0233484898025109,0
0,0,0.0289939413327813,0
0,0,0.0349334267969197,0
0,0,0.0411506371127277,0
0,0,0.0476286359256148,0
0,0,0.0543460959742443,0
0,0,0.0612798081801025,0
0,0,0.0684092293723433,0
0,0,0.0757080141104924,0
0,0,0.0831507578626633,0
0,0,0.0907086060988125,0
0,0,0.0983566247413479,0
0,0,0.106063136534461,0
0,0,0.11379834603952,0
0,0,0.121531987363598,0
0,0,0.129232540068984,0
0,0,0.136865660992204,0
0,0,0.144398888786957,0
0,0,0.151804309831789,0
0,0,0.159042719602184,0
0,0,0.166084165841411,0
0,0,0.172896187203173,0
0,0,0.179440833707737,0
0,0,0.18569081900604,0
0,0,0.191607409027861,0
0,0,0.197162376515549,0
0,0,0.202322319214216,0
0,0,0.20705258032419,0
0,0,0.211327284859291,0
0,0,0.215113187382729,0
0,0,0.21838237427305,0
0,0,0.221106618272602,0
0,0,0.223258633032321,0
0,0,0.224815052655597,0
0,0,0.225749218065759,0
0,0,0.226043251999627,0
0,0,0.225672847652002,0
0,0,0.224623577757862,0
0,0,0.222874585510165,0
0,0,0.220418030004007,0
0,0,0.217237445339092,0
0,0,0.213325774701007,0
0,0,0.208677999910614,0
0,0,0.203287534607794,0
0,0,0.19715500606494,0
0,0,0.190280414282052,0
0,0,0.182670502437345,0
0,0,0.174329034165175,0
0,0,0.165266359460013,0
0,0,0.155497532859272,0
0,0,0.145031806630739,0
0,0,0.133890037581457,0
0,0,0.122090887065095,0
0,0,0.109656936887772,0
0,0,0.0966115529461022,0
0,0,0.0829817079529513,0
0,0,0.0687984518917359,0
0,0,0.0540892279296168,0
0,0,0.0388902610472468,0
0,0,0.0232333853185327,0
0,0,0.00715874617657875,0
0,0,-0.00929962685133578,0
0,0,-0.0260995496968317,0
0,0,-0.0432000928363139,0
0,0,-0.0605606403823855,0
0,0,-0.0781369696313915,0
0,0,-0.0958853283339723,0
0,0,-0.113761180150279,0
0,0,-0.131720459194755,0
0,0,-0.149715022311295,0
0,0,-0.167701274068638,0
0,0,-0.185632012219266,0
0,0,-0.203463327695723,0
0,0,-0.221146293251412,0
0,0,-0.238639195272248,0
0,0,-0.255895929237402,0
0,0,-0.27287133153463,0
0,0,-0.289524472640339,0
0,0,-0.305811757123266,0
0,0,-0.321693353186504,0
0,0,-0.337126449489283,0
0,0,-0.352076075595732,0
0,0,-0.366503183799436,0
0,0,-0.380371549119741,0
0,0,-0.393649180664642,0
0,0,-0.406301107998272,0
0,0,-0.418300044771567,0
0,0,-0.429612902365836,0
0,0,-0.440218039883547,0
0,0,-0.450088484611832,0
0,0,-0.459200557017885,0
0,0,-0.467538732109995,0
0,0,-0.475078546264867,0
0,0,-0.481809649488028,0
0,0,-0.487714321334397,0
0,0,-0.492784877717168,0
0,0,-0.4970084595523,0
0,0,-0.500380362296852,0
0,0,-0.502894313226901,0
0,0,-0.504548116889074,0
0,0,-0.505341302829077,0
0,0,-0.505272773320223,0
0,0,-0.504350996539809,0
0,0,-0.502576442942127,0
0,0,-0.499957737522572,0
0,0,-0.496506014366106,0
0,0,-0.492227859832848,0
0,0,-0.487140680731682,0
0,0,-0.481253102058003,0
0,0,-0.47458770561793,0
0,0,-0.46715703685931,0
0,0,-0.458983363952067,0
0,0,-0.450088170975636,0
0,0,-0.440492628373256,0
0,0,-0.430222140676812,0
0,0,-0.419300230601014,0
0,0,-0.407754498131121,0
0,0,-0.395612543252392,0
0,0,-0.382901965950087,0
0,0,-0.369654286661915,0
0,0,-0.355897732645529,0
0,0,-0.341667431154895,0
0,0,-0.326990825357173,0
0,0,-0.311906022050193,0
0,0,-0.296441562127802,0
0,0,-0.280635866024026,0
0,0,-0.264520610994673,0
0,0,-0.248130767475613,0
0,0,-0.231501305902712,0
0,0,-0.214666412621348,0
0,0,-0.197661214885487,0
0,0,-0.180519742222411,0
0,0,-0.163275867341298,0
0,0,-0.14596361976943,0
0,0,-0.128616401761694,0
0,0,-0.111267301936782,0
0,0,-0.0939486248228938,0
0,0,-0.076691734039642,0
0,0,-0.0595298750238166,0
0,0,-0.0424915886692654,0
0,0,-0.0256076113232075,0
0,0,-0.00890789524237434,0
0,0,0.00757980276987813,0
0,0,0.0238269418197015,0
0,0,0.0398081173752098,0
0,0,0.0554941612701638,0
0,0,0.0708628053346381,0
0,0,0.085888174582452,0
0,0,0.100546903116995,0
0,0,0.114815311405459,0
0,0,0.128672072186507,0
0,0,0.142096171834999,0
0,0,0.155065185362912,0
0,0,0.167562176415656,0
0,0,0.179567542730972,0
0,0,0.191060897956111,0
0,0,0.20202969664323,0
0,0,0.21245355243958,0
0,0,0.222320703987806,0
0,0,0.231612646752336,0
0,0,0.240322167100661,0
0,0,0.248433896859169,0
0,0,0.255937956487682,0
0,0,0.262827132353691,0
0,0,0.269091388098918,0
0,0,0.274726332816618,0
0,0,0.279725380146672,0
0,0,0.284087275544296,0
0,0,0.287810921282804,0
0,0,0.290892083273546,0
0,0,0.293338916057624,0
0,0,0.295149067363566,0
0,0,0.296331789459158,0
0,0,0.29688786643489,0
0,0,0.296831255101489,0
0,0,0.296166660001898,0
0,0,0.294906156129667,0
0,0,0.293060877569759,0
0,0,0.290644937950999,0
0,0,0.287670725903135,0
0,0,0.284153452781679,0
0,0,0.280111466304103,0
0,0,0.275559821007823,0
0,0,0.270517805518899,0
0,0,0.265005178917688,0
0,0,0.259040445739762,0
0,0,0.252648226426516,0
0,0,0.245844359605853,0
0,0,0.238657699807819,0
0,0,0.231106594749887,0
0,0,0.223215194419157,0
0,0,0.215009687438008,0
0,0,0.206510773795382,0
0,0,0.197746680748932,0
0,0,0.188738421923797,0
0,0,0.179513126850944,0
0,0,0.170094945517472,0
0,0,0.160508341546681,0
0,0,0.150778876288555,0
0,0,0.140930699730194,0
0,0,0.130989373221585,0
0,0,0.120977792205043,0
0,0,0.110920577121964,0
0,0,0.100842348413746,0
0,0,0.0907653742503116,0
0,0,0.080712706892077,0
0,0,0.0707072417813595,0
0,0,0.0607706198156917,0
0,0,0.050924011438312,0
0,0,0.0411890575467531,0
0,0,0.0315859876756657,0
0,0,0.0221339336330126,0
0,0,0.01285187040866,0
0,0,0.00375877299247329,0
0,0,-0.00513014726003502,0
0,0,-0.0137943471780193,0
0,0,-0.0222214381317319,0
0,0,-0.0303947974027785,0
0,0,-0.0383001545442355,0
0,0,-0.0459246504720615,0
0,0,-0.0532560533746078,0
0,0,-0.0602808768954409,0
0,0,-0.0669908096753629,0
0,0,-0.0733740903570202,0
0,0,-0.0794228780355084,0
0,0,-0.0851285477154351,0
0,0,-0.0904856107633669,0
0,0,-0.0954866967286963,0
0,0,-0.10012788515897,0
0,0,-0.104404785147444,0
0,0,-0.108316298967431,0
0,0,-0.111859133438872,0
0,0,-0.115033288561766,0
0,0,-0.117841900698076,0
0,0,-0.120283558484918,0
0,0,-0.122363750555724,0
0,0,-0.124086083726751,0
0,0,-0.125455732995233,0
0,0,-0.126480382447978,0
0,0,-0.127166618445101,0
0,0,-0.127524320526783,0
0,0,-0.127563525051299,0
0,0,-0.127294895649317,0
0,0,-0.126731605041075,0
0,0,-0.125886355492515,0
0,0,-0.124774671995346,0
0,0,-0.123411922723178,0
0,0,-0.121814103122013,0
0,0,-0.120000031363619,0
0,0,-0.11798727107498,0
0,0,-0.115795110882157,0
0,0,-0.113444721228388,0
0,0,-0.110954763467342,0
0,0,-0.108347035314652,0
0,0,-0.105642550395456,0
0,0,-0.102864204152073,0
0,0,-0.100031285210564,0
0,0,-0.0971666890132458,0
0,0,-0.0942923700938476,0
0,0,-0.0914299693499029,0
0,0,-0.0885986185893743,0
0,0,-0.0858219973450697,0
0,0,-0.0831176692439723,0
0,0,-0.0805064910931244,0
0,0,-0.0780093196995679,0
0,0,-0.0756408959645215,0
0,0,-0.0734233312398119,0
0,0,-0.071369641427578,0
0,0,-0.0694972333367051,0
0,0,-0.067821631958901,0
0,0,-0.0663545986515212,0
0,0,-0.0651118152243714,0
0,0,-0.0641034748538262,0
0,0,-0.063340554806749,0
0,0,-0.0628326209871232,0
0,0,-0.0625882983903405,0
0,0,-0.0626151142851096,0
0,0,-0.0629190277591556,0
0,0,-0.0635058410821074,0
0,0,-0.0643790042521226,0
0,0,-0.0655430649940452,0
0,0,-0.066998023307874,0
0,0,-0.0687465451012772,0
0,0,-0.0707887871923525,0
0,0,-0.0731242791268059,0
0,0,-0.0757486299978907,0
0,0,-0.0786634079865888,0
0,0,-0.0818617130965851,0
0,0,-0.0853418203288006,0
0,0,-0.0890954183240379,0
0,0,-0.0931184298117476,0
0,0,-0.0974023866146344,0
0,0,-0.101939604645893,0
0,0,-0.106718793002463,0
0,0,-0.111732424415637,0
0,0,-0.116967012528982,0
0,0,-0.122410482348947,0
0,0,-0.128050445245785,0
0,0,-0.133871376227788,0
0,0,-0.139857750303247,0
0,0,-0.145994983389043,0
0,0,-0.152264257313408,0
0,0,-0.15864879253985,0
0,0,-0.165130711805188,0
0,0,-0.171689785574774,0
0,0,-0.178306882040643,0
0,0,-0.184961771668145,0
0,0,-0.191635165831218,0
0,0,-0.198302914542761,0
0,0,-0.204947140539596,0
0,0,-0.211544634743207,0
0,0,-0.218074383528454,0
0,0,-0.22451443236161,0
0,0,-0.230842669890847,0
0,0,-0.237038709763416,0
0,0,-0.243076676993139,0
0,0,-0.248941673860697,0
0,0,-0.254605786744637,0
0,0,-0.260052236108465,0
0,0,-0.265259381054649,0
0,0,-0.270204796595166,0
0,0,-0.27487186001162,0
0,0,-0.279237832679794,0
0,0,-0.283285935063194,0
0,0,-0.287000642170112,0
0,0,-0.290358901740132,0
0,0,-0.293348795597803,0
0,0,-0.295952289661845,0
0,0,-0.298155113485337,0
0,0,-0.299937194351726,0
0,0,-0.301292729991383,0
0,0,-0.302202431778247,0
0,0,-0.302654067900669,0
0,0,-0.302637602000372,0
0,0,-0.302139861357119,0
0,0,-0.301153161884107,0
0,0,-0.299663860406802,0
0,0,-0.297666154655577,0
0,0,-0.295148596909272,0
0,0,-0.292108050805927,0
0,0,-0.288536204986345,0
0,0,-0.284427413998995,0
0,0,-0.279779482390504,0
0,0,-0.274586764709341,0
0,0,-0.268851142772685,0
0,0,-0.262567127947102,0
0,0,-0.255740365684123,0
0,0,-0.248370385529453,0
0,0,-0.240460794299349,0
0,0,-0.232017237445339,0
0,0,-0.223045517237053,0
0,0,-0.213553631397492,0
0,0,-0.203549420831559,0
0,0,-0.193045744623295,0
0,0,-0.182052639130977,0
0,0,-0.170584845255822,0
0,0,-0.158657417535243,0
0,0,-0.146287919596225,0
0,0,-0.133493601429554,0
0,0,-0.120294849387978,0
0,0,-0.106713618005227,0
0,0,-0.0927740572684014,0
0,0,-0.0784985921655245,0
0,0,-0.0639171749533268,0
0,0,-0.0490542692551064,0
0,0,-0.0339431205076514,0
0,0,-0.0186114855143205,0
0,0,-0.00309292334809785,0
0,0,0.0125785364637363,0
0,0,0.0283707462110785,0
0,0,0.0442470104589829,0
0,0,0.0601712610448948,0
0,0,0.0761075866243572,0
0,0,0.0920172531271488,0
0,0,0.107864349208813,0
0,0,0.123608572618149,0
0,0,0.139212287011619,0
0,0,0.154637385591396,0
0,0,0.169843566106277,0
0,0,0.184793819485119,0
0,0,0.199446745750034,0
0,0,0.213766904010858,0
0,0,0.227713678380195,0
0,0,0.2412500597869,0
0,0,0.254339666432223,0
0,0,0.266944548336435,0
0,0,0.279032400971331,0
0,0,0.290563235721908,0
0,0,0.301509452602906,0
0,0,0.311836394814653,0
0,0,0.321510189647967,0
0,0,0.330507628024335,0
0,0,0.338793425871693,0
0,0,0.346346883201096,0
0,0,0.353136950029129,0
0,0,0.359145592274513,0
0,0,0.364347405405363,0
0,0,0.368722473523224,0
0,0,0.372255114818291,0
0,0,0.374924315665422,0
0,0,0.376721921523519,0
0,0,0.377629741493206,0
0,0,0.377643071031541,0
0,0,0.376753285143132,0
0,0,0.374953483831662,0
0,0,0.372247273913388,0
0,0,0.368627598573896,0
0,0,0.36410559189815,0
0,0,0.358681253886148,0
0,0,0.352368227712424,0
0,0,0.34517749064384,0
0,0,0.337121117673949,0
0,0,0.328222317881262,0
0,0,0.318496145803195,0
0,0,0.307968633244025,0
0,0,0.296663616554659,0
0,0,0.284611361628023,0
0,0,0.271840879812257,0
0,0,0.258383848363172,0
0,0,0.244276962715713,0
0,0,0.229555350123847,0
0,0,0.214257587839697,0
0,0,0.198423978114466,0
0,0,0.182096705016533,0
0,0,0.165317638978079,0
0,0,0.148131473157054,0
0,0,0.130583684801896,0
0,0,0.112720535251532,0
0,0,0.0945882858448925,0
0,0,0.0762352365561805,0
0,0,0.0577093737234025,0
0,0,0.0390580564121743,0
0,0,0.0203316232319739,0
0,0,0.00157586506743579,0
0,0,-0.0171584090176681,0
0,0,-0.0358244672301141,0
0,0,-0.0543741664137974,0
0,0,-0.0727596770488088,0
0,0,-0.0909366196133964,0
0,0,-0.108855910042866,0
0,0,-0.126475991541232,0
0,0,-0.143749975497172,0
0,0,-0.160638186931877,0
0,0,-0.17709671677789,0
0,0,-0.193088242327871,0
0,0,-0.208569638604852,0
0,0,-0.22350891471683,0
0,0,-0.237867807047876,0
0,0,-0.251613540615495,0
0,0,-0.264717731343939,0
0,0,-0.277145565615437,0
0,0,-0.288876029804848,0
0,0,-0.299878387564952,0
0,0,-0.310134918450669,0
0,0,-0.319622883837778,0
0,0,-0.328324563281199,0
0,0,-0.336227568151185,0
0,0,-0.343313393912165,0
0,0,-0.349578747384078,0
0,0,-0.355009044483806,0
0,0,-0.359605226119936,0
0,0,-0.363362587749527,0
0,0,-0.366278777101108,0
0,0,-0.368362105533875,0
0,0,-0.369613200320223,0
0,0,-0.370042411454621,0
0,0,-0.369658050296269,0
0,0,-0.368474544110187,0
0,0,-0.366507104251888,0
0,0,-0.363770785258785,0
0,0,-0.360288325755099,0
0,0,-0.35607979845738,0
0,0,-0.351170607897516,0
0,0,-0.345585060880706,0
0,0,-0.339354364208465,0
0,0,-0.332505490593659,0
0,0,-0.325074194562646,0
0,0,-0.317090742008354,0
0,0,-0.308593396546709,0
0,0,-0.299617442249776,0
0,0,-0.290201613187775,0
0,0,-0.280385741157616,0
0,0,-0.2702101284105,0
0,0,-0.259716959014806,0
0,0,-0.248946378403639,0
0,0,-0.237943707007338,0
0,0,-0.226750815258087,0
0,0,-0.215411769041442,0
0,0,-0.203968281971486,0
0,0,-0.192463949479482,0
0,0,-0.18094236699669,0
0,0,-0.169445091319099,0
0,0,-0.158012581516008,0
0,0,-0.146685610292913,0
0,0,-0.135506204900095,0
0,0,-0.124507767592442,0
0,0,-0.113730130166862,0
0,0,-0.10320936078591,0
0,0,-0.09297415716153,0
0,0,-0.0830609010924737,0
0,0,-0.0734960948373128,0
0,0,-0.0643092201984847,0
0,0,-0.0555236430725996,0
0,0,-0.047164140719152,0
0,0,-0.039251256308988,0
0,0,-0.0318008284700121,0
0,0,-0.0248329299187764,0
0,0,-0.0183560288325756,0
0,0,-0.0123854933850205,0
0,0,-0.0069271258457394,0
0,0,-0.00198766939294925,0
0,0,0.00242738733991832,0
0,0,0.00632023980623542,0
0,0,0.00968759482594361,0
0,0,0.012535725122965,0
0,0,0.0148672966049666,0
0,0,0.016691404721636,0
0,0,0.0180180858312498,0
0,0,0.0188539262939256,0
0,0,0.0192172738271377,0
0,0,0.0191192625158483,0
0,0,0.018576515078452,0
0,0,0.0176054974152455,0
0,0,0.0162283208780558,0
0,0,0.014462705911964,0
0,0,0.0123301365964041,0
0,0,0.00985397882798855,0
0,0,0.00705603032234725,0
0,0,0.00396091152087674,0
0,0,0.000593556501168546,0
0,0,-0.00302282565826351,0
0,0,-0.00686188951694555,0
0,0,-0.010896819180108,0
0,0,-0.01510503284163,0
0,0,-0.0194576759714684,0
0,0,-0.0239307554006193,0
0,0,-0.0284996506876866,0
0,0,-0.0331364482112153,0
0,0,-0.0378179388926918,0
0,0,-0.0425193454726221,0
0,0,-0.0472151066010225,0
0,0,-0.0518816995631832,0
0,0,-0.0564963857348852,0
0,0,-0.0610353287652223,0
0,0,-0.065476103666172,0
0,0,-0.0697964422678095,0
0,0,-0.073975174126896,0
0,0,-0.0779931674354675,0
0,0,-0.0818294085683843,0
0,0,-0.0854653929900743,0
0,0,-0.0888824593468682,0
0,0,-0.0920669644642347,0
0,0,-0.0949982083532297,0
0,0,-0.0976644296564981,0
0,0,-0.100053082926194,0
0,0,-0.102148329534415,0
0,0,-0.103941858121962,0
0,0,-0.105421280059089,0
0,0,-0.106579695349481,0
0,0,-0.10740722445296,0
0,0,-0.107900574189466,0
0,0,-0.108054569561764,0
0,0,-0.107864976481206,0
0,0,-0.107331638129693,0
0,0,-0.10645345678054,0
0,0,-0.105232471069021,0
0,0,-0.103670876448509,0
0,0,-0.101773377461946,0
0,0,-0.0995464036513526,0
0,0,-0.0969954436501609,0
0,0,-0.0941317883614314,0
0,0,-0.090962337781479,0
0,0,-0.0875002646305403,0
0,0,-0.0837565461754811,0
0,0,-0.0797462369537142,0
0,0,-0.0754818824130858,0
0,0,-0.0709786939091066,0
0,0,-0.0662556464316436,0
0,0,-0.0613271672457174,0
0,0,-0.0562100358878219,0
0,0,-0.0509244818926062,0
0,0,-0.0454882257051524,0
0,0,-0.0399200854972269,0
0,0,-0.0342385658044023,0
0,0,-0.0284654643423088,0
0,0,-0.0226180311017333,0
0,0,-0.0167177501621109,0
0,0,-0.0107843806037965,0
0,0,-0.00483705423475533,0
0,0,0.00110352895606947,0
0,0,0.00701870761500833,0
0,0,0.0128898203883914,0
0,0,0.0186963241053724,0
0,0,0.0244212824113605,0
0,0,0.0300463475888824,0
0,0,0.0355555241919359,0
0,0,0.0409304645030475,0
0,0,0.0461579958019793,0
0,0,0.0512214953703376,0
0,0,0.0561085745783749,0
0,0,0.0608062175239519,0
0,0,0.0653039173944985,0
0,0,0.0695902264688564,0
0,0,0.0736565197516312,0
0,0,0.0774947995198227,0
0,0,0.0810991066857043,0
0,0,0.0844623844348629,0
0,0,0.087581653223435,0
0,0,0.0904512675998912,0
0,0,0.0930723252909174,0
0,0,0.0954405922078654,0
0,0,0.0975566956231284,0
0,0,0.0994236150805692,0
0,0,0.101038998308717,0
0,0,0.102409588485788,0
0,0,0.103536640156567,0
0,0,0.104425955590683,0
0,0,0.105081768876782,0
0,0,0.105509882284495,0
0,0,0.105717823082526,0
0,0,0.105711236722408,0
0,0,0.10549733683665,0
0,0,0.105086159783528,0
0,0,0.10448366465077,0
0,0,0.103698633251866,0
0,0,0.102741572399387,0
0,0,0.101617500272471,0
0,0,0.100337864592277,0
0,0,0.098910506263707,0
0,0,0.0973420116468802,0
0,0,0.0956424171000725,0
0,0,0.093818152165305,0
0,0,0.0918765872931864,0
0,0,0.089824622480031,0
0,0,0.0876679031773699,0
0,0,0.0854120748367326,0
0,0,0.0830618420010616,0
0,0,0.0806225364856907,0
0,0,0.0780946287449142,0
0,0,0.0754847051388505,0
0,0,0.0727930793036964,0
0,0,0.0700225739652161,0
0,0,0.0671730323053124,0
0,0,0.0642461793230631,0
0,0,0.0612420150184692,0
0,0,0.058160853027726,0
0,0,0.0550003410793631,0
0,0,0.0517623609905571,0
0,0,0.0484431491269546,0
0,0,0.0450427054885549,0
0,0,0.0415578937133976,0
0,0,0.0379887138014823,0
0,0,0.0343310884822596,0
0,0,0.0305829791204544,0
0,0,0.0267437584436743,0
0,0,0.02280856509088,0
0,0,0.0187752036086981,0
0,0,0.014642419452344,0
0,0,0.0104048808064838,0
0,0,0.00606101949013715,0
0,0,0.00160848323183305,0
0,0,-0.00295649160278322,0
0,0,-0.00763813910235789,0
0,0,-0.0124352047221069,0
0,0,-0.0173531770954621,0
0,0,-0.0223929971310127,0
0,0,-0.0275579580088182,0
0,0,-0.0328458642755044,0
0,0,-0.0382603227473278,0
0,0,-0.0438027447871702,0
0,0,-0.049469680396875,0
0,0,-0.0552636386660112,0
0,0,-0.0611817968688134,0
0,0,-0.0672235277328888,0
0,0,-0.0733853812600807,0
0,0,-0.0796659460875064,0
0,0,-0.0860609881265177,0
0,0,-0.0925650187436835,0
0,0,-0.0991749015770415,0
0,0,-0.105884207084571,0
0,0,-0.112686819360449,0
0,0,-0.119574897499771,0
0,0,-0.126542325596712,0
0,0,-0.133578596838704,0
0,0,-0.140674772594156,0
0,0,-0.14782175741338,0
0,0,-0.155007476302825,0
0,0,-0.16222157926802,0
0,0,-0.169450109498237,0
0,0,-0.176680991999925,0
0,0,-0.18390152450714,0
0,0,-0.191096495664372,0
0,0,-0.198251321388499,0
0,0,-0.205351260778304,0
0,0,-0.212380945660177,0
0,0,-0.219322812407135,0
0,0,-0.22615961102839,0
0,0,-0.232877541531313,0
0,0,-0.239455433472666,0
0,0,-0.245876350497858,0
0,0,-0.2521231994342,0
0,0,-0.258176848473729,0
0,0,-0.264017538536088,0
0,0,-0.269629117357176,0
0,0,-0.274988689494677,0
0,0,-0.280081984501667,0
0,0,-0.284886106935829,0
0,0,-0.289386472714043,0
0,0,-0.29356112730258,0
0,0,-0.297395172982124,0
0,0,-0.300869791580907,0
0,0,-0.303968360380535,0
0,0,-0.306677236206476,0
0,0,-0.308975875887884,0
0,0,-0.310857379428445,0
0,0,-0.31230057638492,0
0,0,-0.313299194033385,0
0,0,-0.31383880510882,0
0,0,-0.313911725524419,0
0,0,-0.313509800739084,0
0,0,-0.312625033029812,0
0,0,-0.311253972398447,0
0,0,-0.309390502939163,0
0,0,-0.307036192832942,0
0,0,-0.304188689808313,0
0,0,-0.300848621137668,0
0,0,-0.297024454998303,0
0,0,-0.292713839118745,0
0,0,-0.287931357582116,0
0,0,-0.282679362659886,0
0,0,-0.276971811162783,0
0,0,-0.270821875811044,0
0,0,-0.26423677023718,0
0,0,-0.257239703519704,0
0,0,-0.249839771108304,0
0,0,-0.242058927536709,0
0,0,-0.233912697796627,0
0,0,-0.225422565967493,0
0,0,-0.216607507039173,0
0,0,-0.207488377818707,0
0,0,-0.198088387384611,0
0,0,-0.188426353908652,0
0,0,-0.178527681922715,0
0,0,-0.168411032780471,0
0,0,-0.158101967831904,0
0,0,-0.147621030247859,0
0,0,-0.136989547289674,0
0,0,-0.126231512126352,0
0,0,-0.115367781564935,0
0,0,-0.104418585140074,0
0,0,-0.0934060342035956,0
0,0,-0.0823511423806399,0
0,0,-0.0712733551153675,0
0,0,-0.0601932155786239,0
0,0,-0.0491287578516859,0
0,0,-0.0381013091958917,0
0,0,-0.0271260809667521,0
0,0,-0.0162236163351144,0
0,0,-0.00540975392888143,0
0,0,0.00529794262496219,0
0,0,0.015883164244219,0
0,0,0.0263311700276705,0
0,0,0.0366231418035494,0
0,0,0.0467468477602062,0
0,0,0.0566856651792469,0
0,0,0.066426421340434,0
0,0,0.0759520230710786,0
0,0,0.085253374921493,0
0,0,0.0943121291742035,0
0,0,0.103117935834739,0
0,0,0.111657622182861,0
0,0,0.119917545044038,0
0,0,0.127885943060917,0
0,0,0.135550270785651,0
0,0,0.142901275950455,0
0,0,0.149924531290307,0
0,0,0.156611411809814,0
0,0,0.162951253878308,0
0,0,0.168932609774629,0
0,0,0.174547481775777,0
0,0,0.179783324433906,0
0,0,0.184634649115585,0
0,0,0.189090321735851,0
0,0,0.193142658207898,0
0,0,0.196785385807805,0
0,0,0.200010036358276,0
0,0,0.202810337135388,0
0,0,0.205182210868592,0
0,0,0.207120325742553,0
0,0,0.208619506760036,0
0,0,0.20967896983055,0
0,0,0.210296519500722,0
0,0,0.210471058043867,0
0,0,0.210203840004767,0
0,0,0.209495963110111,0
0,0,0.208351661448544,0
0,0,0.206774541836324,0
0,0,0.20477024972498,0
0,0,0.202346155565122,0
0,0,0.199509472989259,0
0,0,0.196268983810884,0
0,0,0.192635508478763,0
0,0,0.188618612896877,0
0,0,0.184230999331171,0
0,0,0.179485997319979,0
0,0,0.174394270493969,0
0,0,0.168971971117243,0
0,0,0.163232899182429,0
0,0,0.157190854682157,0
0,0,0.150862773971018,0
0,0,0.144262927495937,0
0,0,0.137408251611502,0
0,0,0.130317094035188,0
0,0,0.123003254759625,0
0,0,0.115485865592776,0
0,0,0.107783744706409,0
0,0,0.0999117898198396,0
0,0,0.0918913281944043,0
0,0,0.0837375711856154,0
0,0,0.0754721596910055,0
0,0,0.0671109323384793,0
0,0,0.0586742754807847,0
0,0,0.0501794391087085,0
0,0,0.0416455550302148,0
0,0,0.0330914414170709,0
0,0,0.0245335641695734,0
0,0,0.015992623276667,0
0,0,0.00748414373005923,0
0,0,-0.000971958571794773,0
0,0,-0.00936094272767851,0
0,0,-0.0176624223848427,0
0,0,-0.0258624407325602,0
0,0,-0.0339421795990632,0
0,0,-0.0418854867202515,0
0,0,-0.0496769939225147,0
0,0,-0.0573005489417525,0
0,0,-0.0647415676948444,0
0,0,-0.0719840547357888,0
0,0,-0.0790157782529366,0
0,0,-0.0858219973450697,0
0,0,-0.0923896961100488,0
0,0,-0.0987071131905193,0
0,0,-0.104763114501519,0
0,0,-0.110546722776182,0
0,0,-0.116047901656234,0
0,0,-0.12125896705487,0
0,0,-0.126170196250009,0
0,0,-0.130776257426317,0
0,0,-0.135067741497911,0
0,0,-0.139042296193319,0
0,0,-0.142693178334325,0
0,0,-0.146017408377066,0
0,0,-0.149011222687188,0
0,0,-0.151673523538005,0
0,0,-0.154002742748535,0
0,0,-0.155997782592093,0
0,0,-0.157659583977268,0
0,0,-0.158989715085039,0
0,0,-0.159990528186877,0
0,0,-0.160664218736156,0
0,0,-0.161015020821523,0
0,0,-0.161049363984999,0
0,0,-0.160771795951427,0
0,0,-0.160188589444731,0
0,0,-0.159306801279322,0
0,0,-0.158136154177282,0
0,0,-0.156683704953022,0
0,0,-0.154959019510524,0
0,0,-0.152971977389967,0
0,0,-0.150733242222019,0
0,0,-0.148254261727838,0
0,0,-0.145546013174289,0
0,0,-0.142620257918726,0
0,0,-0.139488914136603,0
0,0,-0.13616484091196,0
0,0,-0.132661995055526,0
0,0,-0.128992922015144,0
0,0,-0.125171264965347,0
0,0,-0.121211607989255,0
0,0,-0.117128221533791,0
0,0,-0.112937414681154,0
0,0,-0.108652516969679,0
0,0,-0.104290935208251,0
0,0,-0.0998661557533032,0
0,0,-0.0953984081394869,0
0,0,-0.0909005514508421,0
0,0,-0.0863903061324499,0
0,0,-0.0818857062655889,0
0,0,-0.0774032177505539,0
0,0,-0.0729591496695451,0
0,0,-0.0685734179210153,0
0,0,-0.0642607634061835,0
0,0,-0.06004047475111,0
0,0,-0.0559285474017985,0
0,0,-0.05194270180333,0
0,0,-0.0480995606740982,0
0,0,-0.0444154330963028,0
0,0,-0.0409080395150242,0
0,0,-0.0375913367409906,0
0,0,-0.0344835156735768,0
0,0,-0.0315953967615494,0
0,0,-0.0289467390852644,0
0,0,-0.0265455403677231,0
0,0,-0.0244087369635154,0
0,0,-0.0225471493214089,0
0,0,-0.0209714410720712,0
0,0,-0.0196918053918765,0
0,0,-0.0187170240943167,0
0,0,-0.0180580744462558,0
0,0,-0.0177177791734591,0
0,0,-0.0177049200894175,0
0,0,-0.0180224767379952,0
0,0,-0.0186742127535455,0
0,0,-0.0196643622247157,0
0,0,-0.0209902592438391,0
0,0,-0.0226572356262493,0
0,0,-0.024659018648024,0
0,0,-0.0269954514910661,0
0,0,-0.0296660637010797,0
0,0,-0.0326608189197898,0
0,0,-0.0359797171471967,0
0,0,-0.0396120947526315,0
0,0,-0.0435560699189175,0
0,0,-0.0477967449267385,0
0,0,-0.0523312970503303,0
0,0,-0.0571468672056503,0
0,0,-0.0622323213077375,0
0,0,-0.0675788775430994,0
0,0,-0.0731714813743223,0
0,0,-0.0789989987164439,0
0,0,-0.085047315940638,0
0,0,-0.0913015353275893,0
0,0,-0.0977448773408041,0
0,0,-0.104365423804831,0
0,0,-0.111142161094528,0
0,0,-0.118059721036285,0
0,0,-0.125100696821219,0
0,0,-0.132245643005168,0
0,0,-0.139475114143973,0
0,0,-0.146771546610651,0
0,0,-0.154111888144787,0
0,0,-0.161476536484122,0
0,0,-0.168846830274988,0
0,0,-0.176197364985498,0
0,0,-0.183509322443885,0
0,0,-0.190760904934517,0
0,0,-0.197927178379803,0
0,0,-0.204988226881288,0
0,0,-0.211921468632852,0
0,0,-0.218703067283589,0
0,0,-0.225311538754065,0
0,0,-0.231723517147667,0
0,0,-0.23791767520306,0
0,0,-0.243871431114122,0
0,0,-0.249562203074733,0
0,0,-0.254969447914045,0
0,0,-0.260071681552625,0
0,0,-0.264847576729135,0
0,0,-0.269278472089907,0
0,0,-0.273341785828819,0
0,0,-0.277022620226555,0
0,0,-0.280300902566563,0
0,0,-0.283157344222782,0
0,0,-0.285580340655954,0
0,0,-0.287549191877137,0
0,0,-0.289053861528051,0
0,0,-0.290078354162697,0
0,0,-0.290611378878014,0
0,0,-0.290642742497626,0
0,0,-0.29016068366418,0
0,0,-0.28915924328995,0
0,0,-0.287627757744266,0
0,0,-0.285566383845227,0
0,0,-0.282966496597439,0
0,0,-0.279826841456119,0
0,0,-0.276148986602246,0
0,0,-0.271929168401467,0
0,0,-0.267173345941509,0
0,0,-0.261882460130959,0
0,0,-0.256064508692819,0
0,0,-0.249722314352855,0
0,0,-0.242868579377009,0
0,0,-0.235511144670184,0
0,0,-0.227661614771638,0
0,0,-0.219333005583509,0
0,0,-0.210538333007936,0
0,0,-0.201296572034786,0
0,0,-0.191619954475706,0
0,0,-0.181531375773015,0
0,0,-0.171046988190813,0
0,0,-0.160188275808534,0
0,0,-0.148977193159908,0
0,0,-0.137434283415781,0
0,0,-0.125584637471841,0
0,0,-0.113449268953231,0
0,0,-0.101054836936621,0
0,0,-0.088426275499603,0
0,0,-0.0755871073568857,0
0,0,-0.0625633643127484,0
0,0,-0.0493832736248426,0
0,0,-0.0360694170992886,0
0,0,-0.0226503356299347,0
0,0,-0.00915127693056828,0
0,0,0.0044023544669245,0
0,0,0.0179838994858719,0
0,0,0.0315681104124865,0
0,0,0.0451300531691761,0
0,0,0.0586460482231332,0
0,0,0.0720895933157855,0
0,0,0.0854392043676975,0
0,0,0.0986690063926898,0
0,0,0.111757358493229,0
0,0,0.124683090226077,0
0,0,0.137420169786955,0
0,0,0.149949308549801,0
0,0,0.162248238344691,0
0,0,0.174296729636974,0
0,0,0.186072357438627,0
0,0,0.197556146759785,0
0,0,0.208728338520092,0
0,0,0.219569957729682,0
0,0,0.230061245308198,0
0,0,0.240183696720071,0
0,0,0.249922884700277,0
0,0,0.259258736532266,0
0,0,0.268176981769112,0
0,0,0.276662409055304,0
0,0,0.284698552490546,0
0,0,0.292274277989874,0
0,0,0.299372806016797,0
0,0,0.305984570667332,0
0,0,0.312096399221241,0
0,0,0.317695118958289,0
0,0,0.322773986700257,0
0,0,0.327320300181203,0
0,0,0.331326218496224,0
0,0,0.33478123483275,0
0,0,0.33768205601072,0
0,0,0.340016920672781,0
0,0,0.341782849275069,0
0,0,0.342973412275564,0
0,0,0.343582023314147,0
0,0,0.343610250571798,0
0,0,0.343046803145457,0
0,0,0.341896699214263,0
0,0,0.340156018325763,0
0,0,0.337824446843761,0
0,0,0.334903239313042,0
0,0,0.331392866187901,0
0,0,0.327299286556063,0
0,0,0.322620618600352,0
0,0,0.317367525951435,0
0,0,0.31154267451698,0
0,0,0.305153434747597,0
0,0,0.298209529365365,0
0,0,0.290718172002795,0
0,0,0.282691908107731,0
0,0,0.274138735403175,0
0,0,0.265076060698013,0
0,0,0.255515018077206,0
0,0,0.245469093897188,0
0,0,0.234956322239237,0
0,0,0.223991600822668,0
0,0,0.212594845545935,0
0,0,0.20078048367406,0
0,0,0.188571097013164,0
0,0,0.175986601461701,0
0,0,0.163043933374263,0
0,0,0.149768654100833,0
0,0,0.136179738631276,0
0,0,0.122300866498401,0
0,0,0.10815446269023,0
0,0,0.0937654612843559,0
0,0,0.0791556599964089,0
0,0,0.0643517179030597,0
0,0,0.0493763736285278,0
0,0,0.0342550317046988,0
0,0,0.0190152921168325,0
0,0,0.00367863894436327,0
0,0,-0.0117263869188614,0
0,0,-0.0271745377590538,0
0,0,-0.0426407226805234,0
0,0,-0.0580979689704028,0
0,0,-0.0735214993691995,0
0,0,-0.0888844979821429,0
0,0,-0.104163128458329,0
0,0,-0.1193296339944,0
0,0,-0.134362530510921,0
0,0,-0.149233747568339,0
0,0,-0.163922898813907,0
0,0,-0.178403638807147,0
0,0,-0.192655738013413,0
0,0,-0.206655987354189,0
0,0,-0.220383216386237,0
0,0,-0.233816097848221,0
0,0,-0.246935813568372,0
0,0,-0.259724486283513,0
0,0,-0.272161886458993,0
0,0,-0.284231705012612,0
0,0,-0.29591873058886,0
0,0,-0.307207908650321,0
0,0,-0.318083400569093,0
0,0,-0.328534856350702,0
0,0,-0.338548946456813,0
0,0,-0.348113752711973,0
0,0,-0.357224256937045,0
0,0,-0.365866031867006,0
0,0,-0.37403641159419,0
0,0,-0.381725046124123,0
0,0,-0.388932876365396,0
0,0,-0.395649238687339,0
0,0,-0.401876171725227,0
0,0,-0.407610225480903,0
0,0,-0.412851243136268,0
0,0,-0.417598126964637,0
0,0,-0.421851661056499,0
0,0,-0.425617490863386,0
0,0,-0.428893891386217,0
0,0,-0.431687762621308,0
0,0,-0.434003809111602,0
0,0,-0.435845637673353,0
0,0,-0.437220305120973,0
0,0,-0.438134711450779,0
0,0,-0.438595913477183,0
0,0,-0.43861394755846,0
0,0,-0.438193988691847,0
0,0,-0.437349052779483,0
0,0,-0.436085569363389,0
0,0,-0.434418279344782,0
0,0,-0.432352044084704,0
0,0,-0.429902074938665,0
0,0,-0.427078251446843,0
0,0,-0.423890923603711,0
0,0,-0.420352480039016,0
0,0,-0.416473113929133,0
0,0,-0.412265527540002,0
0,0,-0.407736464049843,0
0,0,-0.402901134814166,0
0,0,-0.397766753465484,0
0,0,-0.392342729089679,0
0,0,-0.386639568499322,0
0,0,-0.380665269417413,0
0,0,-0.37442735911266,0
0,0,-0.367934619398556,0
0,0,-0.361192852544727,0
0,0,-0.35420958581988,0
0,0,-0.346988269222175,0
0,0,-0.339535959566022,0
0,0,-0.331855165940991,0
0,0,-0.323952788343397,0
0,0,-0.31582882677324,0
0,0,-0.307486417592482,0
0,0,-0.298929794889769,0
0,0,-0.290158801847004,0
0,0,-0.281175477099461,0
0,0,-0.271980291101436,0
0,0,-0.262574341579613,0
0,0,-0.252956844443504,0
0,0,-0.243129054237892,0
0,0,-0.233089245963698,0
0,0,-0.222840399164787,0
0,0,-0.212380318387784,0
0,0,-0.201707905906005,0
0,0,-0.190827238989998,0
0,0,-0.179736749458782,0
0,0,-0.168438475947632,0
0,0,-0.15693398663753,0
0,0,-0.145225790618044,0
0,0,-0.133319533340704,0
0,0,-0.121217096622687,0
0,0,-0.108923185006935,0
0,0,-0.0964476780336267,0
0,0,-0.083795750699997,0
0,0,-0.0709757143652436,0
0,0,-0.0579993303867211,0
0,0,-0.0448772623950986,0
0,0,-0.0316225262925144,0
0,0,-0.0182486084354022,0
0,0,-0.00477244517835318,0
0,0,0.00878792939735584,0
0,0,0.02241589257333,0
0,0,0.0360912148149193,0
0,0,0.0497910006798066,0
0,0,0.0634929819980665,0
0,0,0.0771755178721667,0
0,0,0.090811321953044,0
0,0,0.104376871525989,0
0,0,0.117845350696233,0
0,0,0.131189316296615,0
0,0,0.144380384251386,0
0,0,0.157390797757187,0
0,0,0.170192800010664,0
0,0,0.182753772847417,0
0,0,0.195048154917463,0
0,0,0.207044896237385,0
0,0,0.218715612731434,0
0,0,0.230029881688586,0
0,0,0.240959632669287,0
0,0,0.251478833869259,0
0,0,0.261555964850792,0
0,0,0.271168286989665,0
0,0,0.280285534392953,0
0,0,0.288886066163124,0
0,0,0.296944007313996,0
0,0,0.304436148767057,0
0,0,0.311342888260048,0
0,0,0.317641800804947,0
0,0,0.323316420501457,0
0,0,0.328346204178732,0
0,0,0.332720645024201,0
0,0,0.336423277137568,0
0,0,0.339440770980497,0
0,0,0.341769049282439,0
0,0,0.343393214324079,0
0,0,0.344313736559709,0
0,0,0.344519952358662,0
0,0,0.344016409445781,0
0,0,0.342799814641008,0
0,0,0.340870638398636,0
0,0,0.338238760258844,0
0,0,0.334903396131141,0
0,0,0.330879757371039,0
0,0,0.326172078067186,0
0,0,0.32079588321129,0
0,0,0.314766227340765,0
0,0,0.308096596812045,0
0,0,0.300806437069289,0
0,0,0.292914566284266,0
0,0,0.28444482080788,0
0,0,0.275415705175703,0
0,0,0.265854505736798,0
0,0,0.255786313386855,0
0,0,0.245237003112055,0
0,0,0.234235586260539,0
0,0,0.222810290089959,0
0,0,0.210993575946613,0
0,0,0.198813043815761,0
0,0,0.18630366413327,0
0,0,0.173496957336852,0
0,0,0.160426168863296,0
0,0,0.147123916876999,0
0,0,0.133625328631927,0
0,0,0.119964904109654,0
0,0,0.106174791020282,0
0,0,0.092291214344465,0
0,0,0.0783463217923053,0
0,0,0.0643744565272788,0
0,0,0.0504091776223707,0
0,0,0.0364816918790964,0
0,0,0.0226249310980482,0
0,0,0.00886963162644672,0
0,0,-0.00475597927805638,0
0,0,-0.018220851632045,0
0,0,-0.031496914995966,0
0,0,-0.0445592352922268,0
0,0,-0.057379898899372,0
0,0,-0.069937578556066,0
0,0,-0.0822060856399318,0
0,0,-0.0941667587972993,0
0,0,-0.105799211675421,0
0,0,-0.117081960194862,0
0,0,-0.128001361181091,0
0,0,-0.138540478279518,0
0,0,-0.148686452406099,0
0,0,-0.158423601751031,0
0,0,-0.167745810408488,0
0,0,-0.176639121567742,0
0,0,-0.185098517049656,0
0,0,-0.193116312767424,0
0,0,-0.20068576554283,0
0,0,-0.207805777649187,0
0,0,-0.214470389998769,0
0,0,-0.220681641226851,0
0,0,-0.226436551789569,0
0,0,-0.231738571685081,0
0,0,-0.236587387277191,0
0,0,-0.240986605382154,0
0,0,-0.244943125996285,0
0,0,-0.248457105937682,0
0,0,-0.251542031562779,0
0,0,-0.254199314234457,0
0,0,-0.25644087212817,0
0,0,-0.258275800693607,0
0,0,-0.259713352198551,0
0,0,-0.260765288000357,0
0,0,-0.261444310364971,0
0,0,-0.26176249428594,0
0,0,-0.261734423846387,0
0,0,-0.26137311494845,0
0,0,-0.260694406220033,0
0,0,-0.259713352198551,0
0,0,-0.258446261966201,0
0,0,-0.256907405969909,0
0,0,-0.255113720564263,0
0,0,-0.253082455740052,0
0,0,-0.250827725126101,0
0,0,-0.248366465077002,0
0,0,-0.245714827856854,0
0,0,-0.242888338457365,0
0,0,-0.239900796871165,0
0,0,-0.23676804172616,0
0,0,-0.233504343469271,0
0,0,-0.23012271800264,0
0,0,-0.226636651682698,0
0,0,-0.223059003593487,0
0,0,-0.21940090781997,0
0,0,-0.21567585071858,0
0,0,-0.211891830012318,0
0,0,-0.208060920694736,0
0,0,-0.204193472760305,0
0,0,-0.200297013477732,0
0,0,-0.196380167842411,0
0,0,-0.192452658576421,0
0,0,-0.188519974313196,0
0,0,-0.184589328685245,0
0,0,-0.180667464870786,0
0,0,-0.176758146504172,0
0,0,-0.172867646309325,0
0,0,-0.169001139283483,0
0,0,-0.165159409517134,0
0,0,-0.161350297915182,0
0,0,-0.157574118113824,0
0,0,-0.153833065566431,0
0,0,-0.150133412996927,0
0,0,-0.14647453313292,0
0,0,-0.142859875972566,0
0,0,-0.139291166514945,0
0,0,-0.135769502486743,0
0,0,-0.132298647522313,0
0,0,-0.128876249350185,0
0,0,-0.125506542059006,0
0,0,-0.122187330195404,0
0,0,-0.118919554667965,0
0,0,-0.115703842749084,0
0,0,-0.112538783075877,0
0,0,-0.109422650649266,0
0,0,-0.106355915923545,0
0,0,-0.103334344810066,0
0,0,-0.100358878217417,0
0,0,-0.0974249684207553,0
0,0,-0.0945316745114921,0
0,0,-0.0916753896733715,0
0,0,-0.0888558002701975,0
0,0,-0.0860683585771265,0
0,0,-0.0833124373217663,0
0,0,-0.0805849001421557,0
0,0,-0.0778821402220389,0
0,0,-0.0752043143795141,0
0,0,-0.0725473453440315,0
0,0,-0.0699091944803168,0
0,0,-0.0672892345159772,0
0,0,-0.0646843290890516,0
0,0,-0.0620925963823634,0
0,0,-0.0595124682149321,0
0,0,-0.0569434741324629,0
0,0,-0.0543816936825045,0
0,0,-0.0518283814098416,0
0,0,-0.0492804009525134,0
0,0,-0.0467379091286169,0
0,0,-0.0441998082114662,0
0,0,-0.0416671959277478,0
0,0,-0.0391374063697941,0
0,0,-0.0366143599900579,0
0,0,-0.0340964886075571,0
0,0,-0.0315858308575678,0
0,0,-0.0290861503744425,0
0,0,-0.0265972903400835,0
0,0,-0.0241242689336291,0
0,0,-0.0216713202437268,0
0,0,-0.0192417374504359,0
0,0,-0.0168400682785999,0
0,0,-0.0144741536331223,0
0,0,-0.012148070784553,0
0,0,-0.00986824927491248,0
0,0,-0.00764284364529955,0
0,0,-0.00547891071012752,0
0,0,-0.00338272319331823,0
0,0,-0.00136431745314847,0
0,0,0.000570190604556986,0
0,0,0.00241123507581742,0
0,0,0.00415175914621946,0
0,0,0.00578282418417375,0
0,0,0.00729753019336465,0
0,0,0.00868678172410497,0
0,0,0.00994493332486512,0
0,0,0.0110622622735641,0
0,0,0.0120365731168304,0
0,0,0.0128584567687788,0
0,0,0.0135257177760368,0
0,0,0.0140328675051731,0
0,0,0.014375671867539,0
0,0,0.0145542876812328,0
0,0,0.0145621285861359,0
0,0,0.0144023309442094,0
0,0,0.0140733265744735,0
0,0,0.0135738609321425,0
0,0,0.0129086385601587,0
0,0,0.0120759344594439,0
0,0,0.0110839031710974,0
0,0,0.00992987878745111,0
0,0,0.00862436812107625,0
0,0,0.0071676848081681,0
0,0,0.00556861066221948,0
0,0,0.00383388886144531,0
0,0,0.00196853758498539,0
0,0,-1.56818098066003e-05,0
0,0,-0.00211453523428229,0
0,0,-0.00431359542342091,0
0,0,-0.00660737374378884,0
0,0,-0.0089820702027581,0
0,0,-0.0114274916239535,0
0,0,-0.0139307789233341,0
0,0,-0.016482366196918,0
0,0,-0.0190670420891934,0
0,0,-0.0216710066075309,0
0,0,-0.0242851643022417,0
0,0,-0.0268930492730304,0
0,0,-0.0294803910729733,0
0,0,-0.0320365260714008,0
0,0,-0.0345448315499195,0
0,0,-0.0369944870597625,0
0,0,-0.0393691835187318,0
0,0,-0.0416591982047467,0
0,0,-0.0438497902165895,0
0,0,-0.0459285709245133,0
0,0,-0.0478853471521444,0
0,0,-0.0497056916344603,0
0,0,-0.051380979376068,0
0,0,-0.0528999194739065,0
0,0,-0.0542509073887202,0
0,0,-0.0554278272146832,0
0,0,-0.0564197016849322,0
0,0,-0.0572164944411906,0
0,0,-0.0578141282129088,0
0,0,-0.0582044484589879,0
0,0,-0.0583791438202302,0
0,0,-0.0583355483889685,0
0,0,-0.0580684871679672,0
0,0,-0.0575740397047743,0
0,0,-0.0568489128193307,0
0,0,-0.0558924792392442,0
0,0,-0.0547037980559261,0
0,0,-0.0532827124512786,0
0,0,-0.0516282815167136,0
0,0,-0.0497461507037603,0
0,0,-0.0476400836467734,0
0,0,-0.0453088258009683,0
0,0,-0.0427666476132678,0
0,0,-0.0400127649931822,0
0,0,-0.0370590961161645,0
0,0,-0.0339128546147253,0
0,0,-0.0305843904833372,0
0,0,-0.0270851514431578,0
0,0,-0.0234264283972487,0
0,0,-0.0196212372477486,0
0,0,-0.0156849461682672,0
0,0,-0.0116302574247491,0
0,0,-0.00747473464417581,0
0,0,-0.0032328050915702,0
0,0,0.00107718351559516,0
0,0,0.00543829482272873,0
0,0,0.0098323379304559,0
0,0,0.0142404946670085,0
0,0,0.0186445741330115,0
0,0,0.023025130884305,0
0,0,0.0273628762948275,0
0,0,0.0316410308280857,0
0,0,0.035836855859861,0
0,0,0.039935453670837,0
0,0,0.0439167515444623,0
0,0,0.0477644403985373,0
0,0,0.051458604334609,0
0,0,0.0549871683591259,0
0,0,0.0583316279365167,0
0,0,0.0614781830741522,0
0,0,0.0644139746879906,0
0,0,0.067125045967305,0
0,0,0.0696013605538188,0
0,0,0.0718311570901773,0
0,0,0.0738059673990856,0
0,0,0.0755173233032478,0
0,0,0.0769573838977609,0
0,0,0.0781220719120752,0
0,0,0.079004330531778,0
0,0,0.0796025915758884,0
0,0,0.0799130914100534,0
0,0,0.0799355163980764,0
0,0,0.0796697097218597,0
0,0,0.0791167691080892,0
0,0,0.078278105919648,0
0,0,0.077156699700399,0
0,0,0.0757580390837744,0
0,0,0.0740844763412454,0
0,0,0.072143538741519,0
0,0,0.0699402444637329,0
0,0,0.0674818071403984,0
0,0,0.0647757540402221,0
0,0,0.0618296124319115,0
0,0,0.0586513800384674,0
0,0,0.055250936400068,0
0,0,0.0516351815130278,0
0,0,0.047815719916604,0
0,0,0.0438008629699935,0
0,0,0.039599549304786,0
0,0,0.0352219720973557,0
0,0,0.0306781677059786,0
0,0,0.0259756633993615,0
0,0,0.0211263773529573,0
0,0,0.0161368959268853,0
0,0,0.0110180395699107,0
0,0,0.00577953100411421,0
0,0,0.000427956589614142,0
0,0,-0.00502539277052871,0
0,0,-0.010574087534294,0
0,0,-0.0162080913434057,0
0,0,-0.0219201905653529,0
0,0,-0.0277012897504475,0
0,0,-0.0335455866290618,0
0,0,-0.0394436721153113,0
0,0,-0.0453895871214708,0
0,0,-0.0513773725598127,0
0,0,-0.0573980897987477,0
0,0,-0.063447034295334,0
0,0,-0.0695179333256496,0
0,0,-0.0756048278019672,0
0,0,-0.0817011313641683,0
0,0,-0.0878029235598022,0
0,0,-0.0939044021192397,0
0,0,-0.10000086249954,0
0,0,-0.106087600157759,0
0,0,-0.11216132191384,0
0,0,-0.118216695952447,0
0,0,-0.124250899547815,0
0,0,-0.130259698611297,0
0,0,-0.136242309052403,0
0,0,-0.14219245814721,0
0,0,-0.148109204987129,0
0,0,-0.153989570028298,0
0,0,-0.159832925998324,0
0,0,-0.165634725172363,0
0,0,-0.171394026641827,0
0,0,-0.177108791771441,0
0,0,-0.182778079652617,0
0,0,-0.188397969832903,0
0,0,-0.193967835039906,0
0,0,-0.199487048001236,0
0,0,-0.20495168826444,0
0,0,-0.210360501284732,0
0,0,-0.215714114334507,0
0,0,-0.221006881962233,0
0,0,-0.226240685985088,0
0,0,-0.231409724133443,0
0,0,-0.236513996407297,0
0,0,-0.241549268718005,0
0,0,-0.246514443338877,0
0,0,-0.251406540726052,0
0,0,-0.256221326790882,0
0,0,-0.260954096990426,0
0,0,-0.265603910416094,0
0,0,-0.270162612526786,0
0,0,-0.274628007869132,0
0,0,-0.278993510083012,0
0,0,-0.283253316898797,0
0,0,-0.287400998774467,0
0,0,-0.291429498895609,0
0,0,-0.295332230902104,0
0,0,-0.299099785708069,0
0,0,-0.302724949680993,0
0,0,-0.306196118281619,0
0,0,-0.309505293786946,0
0,0,-0.312641812566305,0
0,0,-0.315592188263263,0
0,0,-0.318350304971997,0
0,0,-0.320899853610306,0
0,0,-0.323228602366542,0
0,0,-0.325329651244391,0
0,0,-0.327183397981595,0
0,0,-0.328781060764661,0
0,0,-0.330108996419059,0
0,0,-0.33115497313314,0
0,0,-0.331905504550469,0
0,0,-0.332348986131792,0
0,0,-0.332472872429261,0
0,0,-0.332264147540739,0
0,0,-0.331714029652734,0
0,0,-0.330808718772616,0
0,0,-0.329539903541188,0
0,0,-0.327898018054468,0
0,0,-0.325871614591297,0
0,0,-0.32345630224493,0
0,0,-0.320641417384697,0
0,0,-0.317422725921953,0
0,0,-0.313791602861303,0
0,0,-0.309745852749374,0
0,0,-0.305278418771754,0
0,0,-0.30038616456648,0
0,0,-0.295068306043064,0
0,0,-0.289319825022367,0
0,0,-0.283143230593957,0
0,0,-0.276534759123481,0
0,0,-0.269498644699588,0
0,0,-0.262033162323198,0
0,0,-0.254144271082037,0
0,0,-0.245833225520891,0
0,0,-0.237106298363681,0
0,0,-0.227966469154272,0
0,0,-0.218421892433762,0
0,0,-0.208481977288035,0
0,0,-0.198154250985798,0
0,0,-0.187446240795758,0
0,0,-0.1763753535268,0
0,0,-0.164948175539043,0
0,0,-0.153180231824195,0
0,0,-0.141084538284395,0
0,0,-0.128677717638037,0
0,0,-0.11597215851487,0
0,0,-0.102986835904758,0
0,0,-0.0897382157079983,0
0,0,-0.0762430774610837,0
0,0,-0.0625191416090949,0
0,0,-0.0485855399599959,0
0,0,-0.0344593656864752,0
0,0,-0.0201614755955757,0
0,0,-0.00570864922378989,0
0,0,0.00887919753042832,0
0,0,0.0235807374057424,0
0,0,0.0383793476837575,0
0,0,0.0532552692841175,0
0,0,0.0681862340368977,0
0,0,0.0831573442227822,0
0,0,0.0981500953061991,0
0,0,0.113143787298204,0
0,0,0.128123522479482,0
0,0,0.143072364495442,0
0,0,0.157973376991492,0
0,0,0.172811348612121,0
0,0,0.187572479364698,0
0,0,0.202241557893713,0
0,0,0.216805568297026,0
0,0,0.231251494672497,0
0,0,0.245565380209399,0
0,0,0.259734052187495,0
0,0,0.273746062885626,0
0,0,0.287586985038769,0
0,0,0.301247566379141,0
0,0,0.314711968278835,0
0,0,0.327968899834792,0
0,0,0.341007226962049,0
0,0,0.353809542851722,0
0,0,0.366365654327435,0
0,0,0.378659565943186,0
0,0,0.390678261796837,0
0,0,0.402406060078581,0
0,0,0.413824926707141,0
0,0,0.424923884415652,0
0,0,0.43567909685321,0
0,0,0.446080370843438,0
0,0,0.456103085944943,0
0,0,0.465731873984113,0
0,0,0.474946662244396,0
0,0,0.483723300738692,0
0,0,0.492045950839095,0
0,0,0.499886855742248,0
0,0,0.507226099549697,0
0,0,0.514036709548576,0
0,0,0.520297985749939,0
0,0,0.525980446351353,0
0,0,0.531059157275223,0
0,0,0.535509811716351,0
0,0,0.539300575600829,0
0,0,0.542408239850145,0
0,0,0.544801597662783,0
0,0,0.546453989962074,0
0,0,0.547339384943738,0
0,0,0.547426262170065,0
0,0,0.546691883016835,0
0,0,0.545104256592045,0
0,0,0.542641585180062,0
0,0,0.53927297561557,0
0,0,0.534980707453486,0
0,0,0.529736710254257,0
0,0,0.523520440847037,0
0,0,0.51631621742202,0
0,0,0.508098792265418,0
0,0,0.498860167654229,0
0,0,0.48857870269092,0
0,0,0.477249536014452,0
0,0,0.464861219903667,0
0,0,0.451406383907954,0
0,0,0.436887066662589,0
0,0,0.421294172717885,0
0,0,0.404641345248373,0
0,0,0.386922625166325,0
0,0,0.368157614734001,0
0,0,0.348351802584833,0
0,0,0.327522909163901,0
0,0,0.305690379915365,0
0,0,0.282872562556699,0
0,0,0.259099409344634,0
0,0,0.234393188449092,0
0,0,0.208791065759317,0
0,0,0.182323934440626,0
0,0,0.15502974447275,0
0,0,0.126949425379284,0
0,0,0.0981259453190975,0
0,0,0.068605095176824,0
0,0,0.0384347044723738,0
0,0,0.00766746408669516,0
0,0,-0.0236439350992618,0
0,0,-0.0554428817520971,0
0,0,-0.0876704122669393,0
0,0,-0.120267719857013,0
0,0,-0.153171293192605,0
0,0,-0.18631824821639,0
0,0,-0.219642564509085,0
0,0,-0.253078848923797,0
0,0,-0.286559983314555,0
0,0,-0.320017438172505,0
0,0,-0.3533822135345,0
0,0,-0.386587504890765,0
0,0,-0.419560862279994,0
0,0,-0.452236735737198,0
0,0,-0.484544713936346,0
0,0,-0.516416110550487,0
0,0,-0.547784591524139,0
0,0,-0.578581784166547,0
0,0,-0.608744020329898,0
0,0,-0.638202143232946,0
0,0,-0.666899384724192,0
0,0,-0.694763294842332,0
0,0,-0.721742750887395,0
0,0,-0.747774555165863,0
0,0,-0.77279848952808,0
0,0,-0.796768292635117,0
0,0,-0.819619669066768,0
0,0,-0.841311218845145,0
0,0,-0.861784762455865,0
0,0,-0.881003290827788,0
0,0,-0.898916465351434,0
0,0,-0.915483670139404,0
0,0,-0.930671502936811,0
0,0,-0.944434329677119,0
0,0,-0.95674941173611,0
0,0,-0.967574721863501,0
0,0,-0.976891598705624,0
0,0,-0.984668051370473,0
0,0,-0.990883850323399,0
0,0,-0.995522686482202,0
0,0,-0.998563703039841,0
0,0,-1,0
0,0,-0.999810877373736,0
0,0,-0.99799947152301,0
0,0,-0.994554961999055,0
0,0,-0.989476251075184,0
0,0,-0.982768043294341,0
0,0,-0.974431122747014,0
0,0,-0.964478975789638,0
0,0,-0.952913327421291,0
0,0,-0.939758013992879,0
0,0,-0.925024326407462,0
0,0,-0.908730769200612,0
0,0,-0.890903217358509,0
0,0,-0.871563154960588,0
0,0,-0.850741788808363,0
0,0,-0.828464052979426,0
0,0,-0.804770876997372,0
0,0,-0.779692213118932,0
0,0,-0.753266481778129,0
0,0,-0.725540728404384,0
0,0,-0.696550080251662,0
0,0,-0.666347855473305,0
0,0,-0.634976238137691,0
0,0,-0.602491839578222,0
0,0,-0.568942802951003,0
0,0,-0.534383073681768,0
0,0,-0.498875535827839,0
0,0,-0.462471625725382,0
0,0,-0.425236109248896,0
0,0,-0.38722826363945,0
0,0,-0.348515834315407,0
0,0,-0.309161705334089,0
0,0,-0.269233622113861,0
0,0,-0.22880215279885,0
0,0,-0.187936140534107,0
0,0,-0.146707564826642,0
0,0,-0.105189346092054,0
0,0,-0.0634553456545316,0
0,0,-0.0215786407477715,0
0,0,0.0203631436696845,0
0,0,0.062295989455551,0
0,0,0.104142742105581,0
0,0,0.145827815296508,0
0,0,0.1872727999793,0
0,0,0.228403364375476,0
0,0,0.269141256254102,0
0,0,0.309411516564304,0
0,0,0.349139186255207,0
0,0,0.388248522185448,0
0,0,0.426667858484212,0
0,0,0.464320824737741,0
0,0,0.50114077325436,0
0,0,0.537055254072762,0
0,0,0.571995737684095,0
0,0,0.605898242304348,0
0,0,0.638692983879884,0
0,0,0.670323351077301,0
0,0,0.700720030297256,0
0,0,0.729833153384566,0
0,0,0.757599836281906,0
0,0,0.783969269925504,0
0,0,0.808890331615391,0
0,0,0.832310487288717,0
0,0,0.854189905148574,0
0,0,0.874478560221678,0
0,0,0.893144932070321,0
0,0,0.910148718443298,0
0,0,0.925453851178057,0
0,0,0.939039630285652,0
0,0,0.950867948968255,0
0,0,0.960926026550872,0
0,0,0.969181825096071,0
0,0,0.975631612333116,0
0,0,0.980253120092084,0
0,0,0.983037347014144,0
0,0,0.983984622417304,0
0,0,0.983082510626386,0
0,0,0.980342396635311,0
0,0,0.975757835220247,0
0,0,0.969349777279096,0
0,0,0.961122550991365,0
0,0,0.951095178392348,0
0,0,0.939292891514024,0
0,0,0.925733301028805,0
0,0,0.910454827370717,0
0,0,0.893479581891587,0
0,0,0.874856805474206,0
0,0,0.854621468554443,0
0,0,0.832819048380736,0
0,0,0.8095049017417,0
0,0,0.784724192249579,0
0,0,0.758540901688382,0
0,0,0.731009759574333,0
0,0,0.702199295416286,0
0,0,0.672169570545798,0
0,0,0.640996328104234,0
0,0,0.60874794078235,0
0,0,0.575498426722431,0
0,0,0.541324783610627,0
0,0,0.506302127315909,0
0,0,0.470512316885467,0
0,0,0.43402905682539,0
0,0,0.396938597089613,0
0,0,0.35931746490999,0
0,0,0.321247362515613,0
0,0,0.282809521681278,0
0,0,0.244082194637919,0
0,0,0.20514676997843,0
0,0,0.166081970388039,0
0,0,0.126964009462404,0
0,0,0.0878725507953422,0
0,0,0.0488806716205503,0
0,0,0.0100650559879811,0
0,0,-0.0285026302315501,0
0,0,-0.0667518188939148,0
0,0,-0.104612098673084,0
0,0,-0.142017449149771,0
0,0,-0.178900438541811,0
0,0,-0.215197869155684,0
0,0,-0.250851718295105,0
0,0,-0.285795808722693,0
0,0,-0.319981213191852,0
0,0,-0.35334489082716,0
0,0,-0.385842775743063,0
0,0,-0.417420452059531,0
0,0,-0.448032442528127,0
0,0,-0.477632956264217,0
0,0,-0.506180906926107,0
0,0,-0.533636619534987,0
0,0,-0.559959791839657,0
0,0,-0.585121569310071,0
0,0,-0.60908557014748,0
0,0,-0.631823096639937,0
0,0,-0.653312821526107,0
0,0,-0.673522753913984,0
0,0,-0.692439877901429,0
0,0,-0.710038945774654,0
0,0,-0.726312116628756,0
0,0,-0.741238220020496,0
0,0,-0.754812865043129,0
0,0,-0.767027740337457,0
0,0,-0.777872809545204,0
0,0,-0.787355599935077,0
0,0,-0.795464193331624,0
0,0,-0.802211762455082,0
0,0,-0.807599248214038,0
0,0,-0.811632296060024,0
0,0,-0.814327999165728,0
0,0,-0.81569121889219,0
0,0,-0.815744537045532,0
0,0,-0.814496578621146,0
0,0,-0.811977295875763,0
0,0,-0.808200488802012,0
0,0,-0.803191875567976,0
0,0,-0.796981251612286,0
0,0,-0.789589630560084,0
0,0,-0.781054021482511,0
0,0,-0.771399515275259,0
0,0,-0.760664846008548,0
0,0,-0.748882475028678,0
0,0,-0.736087843225811,0
0,0,-0.722322350577836,0
0,0,-0.707622222065404,0
0,0,-0.69203011221119,0
0,0,-0.675584598267317,0
0,0,-0.658331471118419,0
0,0,-0.640311817106189,0
0,0,-0.62156907484379,0
0,0,-0.602151387487327,0
0,0,-0.582097802743219,0
0,0,-0.561458816039042,0
0,0,-0.540274259171702,0
0,0,-0.518593216205896,0
0,0,-0.496456930301412,0
0,0,-0.473910565070494,0
0,0,-0.450999911397775,0
0,0,-0.427765585170653,0
0,0,-0.404251652274686,0
0,0,-0.380500453596349,0
0,0,-0.35655433002212,0
0,0,-0.332450447441239,0
0,0,-0.308234753556439,0
0,0,-0.283940964258803,0
0,0,-0.259609538617633,0
0,0,-0.235278740248855,0
0,0,-0.210981971407356,0
0,0,-0.186758750253849,0
0,0,-0.162639969953653,0
0,0,-0.138663110032203,0
0,0,-0.114858593200524,0
0,0,-0.0912596648954063,0
0,0,-0.0678967478278735,0
0,0,-0.0448005783451455,0
0,0,-0.022003304157326,0
0,0,0.000470924748483093,0
0,0,0.0225923129336509,0
0,0,0.0443326331405254,0
0,0,0.0656691467448873,0
0,0,0.086574410579576,0
0,0,0.107025686020372,0
0,0,0.127000391261155,0
0,0,0.146473435406233,0
0,0,0.165428979827704,0
0,0,0.183840992721288,0
0,0,0.201692851368591,0
0,0,0.218965737597845,0
0,0,0.235639892328694,0
0,0,0.251701201932312,0
0,0,0.267129123237855,0
0,0,0.281912678978455,0
0,0,0.29603367825474,0
0,0,0.309480516527451,0
0,0,0.322238296077274,0
0,0,0.33429619645544,0
0,0,0.345643240395088,0
0,0,0.356265784721683,0
0,0,0.36615959534658,0
0,0,0.375311970003834,0
0,0,0.383717420060014,0
0,0,0.391369986427394,0
0,0,0.398263553200148,0
0,0,0.404395611288708,0
0,0,0.409760985695837,0
0,0,0.414361715056811,0
0,0,0.418195603918257,0
0,0,0.42126296591637,0
0,0,0.423568505594094,0
0,0,0.42511598658578,0
0,0,0.425909956616273,0
0,0,0.425955747500908,0
0,0,0.425266688778018,0
0,0,0.423848739535332,0
0,0,0.42171319067591,0
0,0,0.418877135372439,0
0,0,0.415349669074609,0
0,0,0.411151334953264,0
0,0,0.406295462546742,0
0,0,0.400804163206868,0
0,0,0.394696882377802,0
0,0,0.387992124595115,0
0,0,0.380716392117381,0
0,0,0.372890228115446,0
0,0,0.364539350757392,0
0,0,0.355688850938909,0
0,0,0.346366328645256,0
0,0,0.336595777045437,0
0,0,0.326406207487594,0
0,0,0.315825533593181,0
0,0,0.304880414438869,0
0,0,0.293600018190899,0
0,0,0.282010376653549,0
0,0,0.270143637536921,0
0,0,0.258024578100509,0
0,0,0.24568189605626,0
0,0,0.233143818661824,0
0,0,0.220437004993872,0
0,0,0.207587800492879,0
0,0,0.194623805144104,0
0,0,0.181569482570845,0
0,0,0.16845164866787,0
0,0,0.155294296604183,0
0,0,0.14212283091167,0
0,0,0.128961558395531,0
0,0,0.1158321199533,0
0,0,0.102759292844468,0
0,0,0.089764090694179,0
0,0,0.0768678407637668,0
0,0,0.0640918703145692,0
0,0,0.0514532725192749,0
0,0,0.0389740019116125,0
0,0,0.0266673880299177,0
0,0,0.01455287631835,0
0,0,0.00264458040573556,0
0,0,-0.00904369971529673,0
0,0,-0.0204954981444502,0
0,0,-0.0317032876130169,0
0,0,-0.042652484037878,0
0,0,-0.0533341487874432,0
0,0,-0.0637391864120256,0
0,0,-0.0738603832791134,0
0,0,-0.0836889575752161,0
0,0,-0.0932220865745674,0
0,0,-0.102451145281775,0
0,0,-0.111373781425367,0
0,0,-0.119988897278657,0
0,0,-0.128289122391037,0
0,0,-0.136278534033056,0
0,0,-0.143954779933243,0
0,0,-0.151315821456323,0
0,0,-0.158366676781434,0
0,0,-0.165107659544773,0
0,0,-0.171543474289281,0
0,0,-0.177674591469252,0
0,0,-0.183510263352473,0
0,0,-0.18905237175612,0
0,0,-0.194308914403194,0
0,0,-0.199287261744303,0
0,0,-0.203992745594784,0
0,0,-0.208436656857695,0
0,0,-0.212625581893156,0
0,0,-0.216569557059441,0
0,0,-0.220278461896731,0
0,0,-0.223762803217594,0
0,0,-0.227033871925091,0
0,0,-0.230100293014616,0
0,0,-0.232977121023583,0
0,0,-0.235672667311189,0
0,0,-0.238201359142456,0
0,0,-0.240571978330875,0
0,0,-0.242798638505273,0
0,0,-0.244893257841101,0
0,0,-0.246864931788048,0
0,0,-0.248727146702547,0
0,0,-0.250490723033364,0
0,0,-0.252165383502579,0
0,0,-0.253762889467548,0
0,0,-0.255292022741761,0
0,0,-0.2567623492292,0
0,0,-0.258181396198573,0
0,0,-0.259558729553861,0
0,0,-0.260899681110398,0
0,0,-0.262213032681676,0
0,0,-0.263504586537323,0
0,0,-0.264775754040223,0
0,0,-0.266035630640061,0
0,0,-0.267284059518741,0
0,0,-0.26852449067442,0
0,0,-0.269759433196666,0
0,0,-0.2709873189045,0
0,0,-0.272211284159882,0
0,0,-0.273427408510362,0
0,0,-0.274634280593055,0
0,0,-0.275830959499374,0
0,0,-0.277011015687298,0
0,0,-0.278172410521554,0
0,0,-0.279308714460119,0
0,0,-0.280414282051463,0
0,0,-0.281484095116449,0
0,0,-0.282508901387291,0
0,0,-0.28348133041338,0
0,0,-0.284395579925088,0
0,0,-0.285239104474569,0
0,0,-0.28600657224649,0
0,0,-0.28668747642828,0
0,0,-0.287270055662584,0
0,0,-0.287747096316892,0
0,0,-0.288106993851946,0
0,0,-0.288340339181865,0
0,0,-0.288435057313094,0
0,0,-0.288382680068342,0
0,0,-0.28817066199976,0
0,0,-0.287790848566252,0
0,0,-0.287231164774264,0
0,0,-0.286481887901719,0
0,0,-0.285534706589418,0
0,0,-0.284374409481849,0
0,0,-0.282997860217052,0
0,0,-0.281389376985219,0
0,0,-0.279543784789115,0
0,0,-0.277449792725679,0
0,0,-0.275097364436635,0
0,0,-0.272482579469532,0
0,0,-0.269590226468857,0
0,0,-0.266418109981237,0
0,0,-0.262954155013122,0
0,0,-0.25919444111206,0
0,0,-0.25513097055505,0
0,0,-0.250757156981973,0
0,0,-0.246067511759397,0
0,0,-0.241055134891007,0
0,0,-0.23571955592251,0
0,0,-0.230051836222315,0
0,0,-0.22405291669901,0
0,0,-0.217717308719165,0
0,0,-0.211043600919895,0
0,0,-0.204032577391692,0
0,0,-0.19668141540879,0
0,0,-0.188993094515052,0
0,0,-0.180966987438087,0
0,0,-0.172607171448442,0
0,0,-0.163915998817591,0
0,0,-0.154898487724671,0
0,0,-0.145559813166918,0
0,0,-0.135905306959666,0
0,0,-0.125943750916406,0
0,0,-0.115681417761061,0
0,0,-0.1051289711243,0
0,0,-0.0942953496377111,0
0,0,-0.0831901192052773,0
0,0,-0.0718277070920202,0
0,0,-0.0602189337467058,0
0,0,-0.0483771287076697,0
0,0,-0.0363156215132477,0
0,0,-0.0240527598809124,0
0,0,-0.0116001483499207,0
0,0,0.00102433581654759,0
0,0,0.0138020312648242,0
0,0,0.0267164720946114,0
0,0,0.039748526497946,0
0,0,0.0528795331211582,0
0,0,0.0660881647029119,0
0,0,0.0793541917085567,0
0,0,0.0926558164224618,0
0,0,0.105972809309977,0
0,0,0.119280079475412,0
0,0,0.132558338292706,0
0,0,0.145782338048069,0
0,0,0.158929967389677,0
0,0,0.171977076330425,0
0,0,0.184900142155606,0
0,0,0.197675014878117,0
0,0,0.210278485419445,0
0,0,0.222685306065802,0
0,0,0.234871013193891,0
0,0,0.246813181815687,0
0,0,0.258482957401148,0
0,0,0.269863246777584,0
0,0,0.280922686325384,0
0,0,0.291643712417563,0
0,0,0.302001861430824,0
0,0,0.311969219743712,0
0,0,0.321535437361755,0
0,0,0.330665857485281,0
0,0,0.339349032393131,0
0,0,0.347561753006791,0
0,0,0.355283319337318,0
0,0,0.362497265484415,0
0,0,0.36918430282202,0
0,0,0.375328906358425,0
0,0,0.380911473831372,0
0,0,0.385920243883506,0
0,0,0.390339064250727,0
0,0,0.394154134940405,0
0,0,0.397352753686598,0
0,0,0.399921120496674,0
0,0,0.401853589919105,0
0,0,0.403130246055437,0
0,0,0.403752029814257,0
0,0,0.403704200294348,0
0,0,0.402981112044179,0
0,0,0.401578844611299,0
0,0,0.399489713908903,0
0,0,0.396713249482696,0
0,0,0.393244119517345,0
0,0,0.389085146738615,0
0,0,0.384235703874113,0
0,0,0.378696104560035,0
0,0,0.372474189701285,0
0,0,0.365571527478843,0
0,0,0.357997213342397,0
0,0,0.349757049561576,0
0,0,0.340865149765204,0
0,0,0.33133060940297,0
0,0,0.321166130740816,0
0,0,0.310390061496217,0
0,0,0.299015888025605,0
0,0,0.287065251226513,0
0,0,0.274553989726846,0
0,0,0.261508448967078,0
0,0,0.247947917573271,0
0,0,0.233899054622096,0
0,0,0.219386951009242,0
0,0,0.204438579447577,0
0,0,0.18908389219383,0
0,0,0.173347666507496,0
0,0,0.157264402370149,0
0,0,0.140862483857537,0
0,0,0.124170765499705,0
0,0,0.107225315459206,0
0,0,0.0900545178117915,0
0,0,0.0726917748123477,0
0,0,0.0551686068985848,0
0,0,0.0375190435977832,0
0,0,0.0197725667123789,0
0,0,0.00196195122486675,0
0,0,-0.0158781460650812,0
0,0,-0.0337216933531866,0
0,0,-0.0515313679321101,0
0,0,-0.069280510725182,0
0,0,-0.0869385422032787,0
0,0,-0.104472373747709,0
0,0,-0.121857384917078,0
0,0,-0.139061114365087,0
0,0,-0.156057373469357,0
0,0,-0.172818091790337,0
0,0,-0.189318335250435,0
0,0,-0.205531131136783,0
0,0,-0.221431859007984,0
0,0,-0.236998564330312,0
0,0,-0.252207881207155,0
0,0,-0.26703722783239,0
0,0,-0.281469824669526,0
0,0,-0.295482933094343,0
0,0,-0.309061498569427,0
0,0,-0.322188741558286,0
0,0,-0.334848352978721,0
0,0,-0.347030139654358,0
0,0,-0.358715597049625,0
0,0,-0.369900961530168,0
0,0,-0.380569610377595,0
0,0,-0.39071856404804,0
0,0,-0.400336688456541,0
0,0,-0.409420847241139,0
0,0,-0.417966492676987,0
0,0,-0.425967979312557,0
0,0,-0.433428913964103,0
0,0,-0.440341769362919,0
0,0,-0.446713131869123,0
0,0,-0.452543001482716,0
0,0,-0.457832789566578,0
0,0,-0.462590964298008,0
0,0,-0.466817525677004,0
0,0,-0.470525332787607,0
0,0,-0.473715012902209,0
0,0,-0.476400679649637,0
0,0,-0.478587664845225,0
0,0,-0.480287886664424,0
0,0,-0.48151153828361,0
0,0,-0.482268185606765,0
0,0,-0.482571471808418,0
0,0,-0.482432687791633,0
0,0,-0.481863908549958,0
0,0,-0.480877365895043,0
0,0,-0.479488271182401,0
0,0,-0.477706503952208,0
0,0,-0.475547589196174,0
0,0,-0.473022817817359,0
0,0,-0.470145519354098,0
0,0,-0.466930277889511,0
0,0,-0.46338744341807,0
0,0,-0.459531600022896,0
0,0,-0.455372784062263,0
0,0,-0.450924481892606,0
0,0,-0.446198298053182,0
0,0,-0.441201759812696,0
0,0,-0.435950392162859,0
0,0,-0.430447958738022,0
0,0,-0.424709357257502,0
0,0,-0.418738821809947,0
0,0,-0.41254670238983,0
0,0,-0.406140212629659,0
0,0,-0.399525154799065,0
0,0,-0.392708428894362,0
0,0,-0.38569568036708,0
0,0,-0.37849255466875,0
0,0,-0.371102501797528,0
0,0,-0.363529755842062,0
0,0,-0.355779021345295,0
0,0,-0.347851396033913,0
0,0,-0.339751113996564,0
0,0,-0.331478959323738,0
0,0,-0.323037911559298,0
0,0,-0.314426872976557,0
0,0,-0.305649293573673,0
0,0,-0.296703291533469,0
0,0,-0.287590121400731,0
0,0,-0.278309939993555,0
0,0,-0.268859454131883,0
0,0,-0.259242584268165,0
0,0,-0.249455409949952,0
0,0,-0.239497303904849,0
0,0,-0.22936810931476,0
0,0,-0.219067669361586,0
0,0,-0.208593945410052,0
0,0,-0.197948348823041,0
0,0,-0.187129154601474,0
0,0,-0.17613730365394,0
0,0,-0.164972795980438,0
0,0,-0.153636102035264,0
0,0,-0.142127221818416,0
0,0,-0.130451957599523,0
0,0,-0.118606702562329,0
0,0,-0.106600238520327,0
0,0,-0.0944325654735164,0
0,0,-0.0821088584191324,0
0,0,-0.0696339787182157,0
0,0,-0.0570149831851797,0
0,0,-0.0442559490905726,0
0,0,-0.0313665991564753,0
0,0,-0.0183530492887126,0
0,0,-0.00522674720844207,0
0,0,0.00800572072421724,0
0,0,0.0213330636062046,0
0,0,0.0347443041706557,0
0,0,0.0482279946964117,0
0,0,0.0617720601899223,0
0,0,0.0753647392938324,0
0,0,0.0889912911069239,0
0,0,0.102639640635646,0
0,0,0.116293792433997,0
0,0,0.129939005600758,0
0,0,0.143563205142379,0
0,0,0.157145063797523,0
0,0,0.170673761117423,0
0,0,0.184127969840743,0
0,0,0.197492478611972,0
0,0,0.210749096531732,0
0,0,0.223878534973964,0
0,0,0.236862289403095,0
0,0,0.249681071193064,0
0,0,0.262314807627319,0
0,0,0.274743896443601,0
0,0,0.286946069471985,0
0,0,0.298902665358804,0
0,0,0.310590788661738,0
0,0,0.321990366664236,0
0,0,0.333079131196373,0
0,0,0.343837950450186,0
0,0,0.354245026710043,0
0,0,0.364279189532706,0
0,0,0.373921777564505,0
0,0,0.383152404452693,0
0,0,0.391952095207404,0
0,0,0.400301090748281,0
0,0,0.408183081993127,0
0,0,0.415580191678761,0
0,0,0.422474699360104,0
0,0,0.428852648226427,0
0,0,0.434694749651668,0
0,0,0.439990340005159,0
0,0,0.444719346570349,0
0,0,0.44887424207853,0
0,0,0.452439344719895,0
0,0,0.455403677227581,0
0,0,0.457757046425214,0
0,0,0.459488631864026,0
0,0,0.460592160820096,0
0,0,0.461056656026559,0
0,0,0.460878824303355,0
0,0,0.46005019747319,0
0,0,0.458569834627475,0
0,0,0.456432560768973,0
0,0,0.453635082717626,0
0,0,0.450179282290611,0
0,0,0.446062807216455,0
0,0,0.441288166584729,0
0,0,0.435854262668746,0
0,0,0.429770190918194,0
0,0,0.423033599061601,0
0,0,0.415652798458164,0
0,0,0.407632650468925,0
0,0,0.398978486909217,0
0,0,0.389700187319218,0
0,0,0.379802299423772,0
0,0,0.369297995943116,0
0,0,0.358195901872643,0
0,0,0.346507464933513,0
0,0,0.334246641936452,0
0,0,0.321424410148326,0
0,0,0.308058490014216,0
0,0,0.294160642891475,0
0,0,0.279751725587147,0
0,0,0.264846479002449,0
0,0,0.249464348581541,0
0,0,0.233626034313368,0
0,0,0.217351138460188,0
0,0,0.200662399646218,0
0,0,0.183580831496601,0
0,0,0.166131995361321,0
0,0,0.148338473046497,0
0,0,0.130226139538312,0
0,0,0.111821026641042,0
0,0,0.0931493229770659,0
0,0,0.0742386285316414,0
0,0,0.0551148182909493,0
0,0,0.0358097263288961,0
0,0,0.0163475026325837,0
0,0,-0.00323829372500251,0
0,0,-0.0229216309395835,0
0,0,-0.0426716158458419,0
0,0,-0.0624571984603598,0
0,0,-0.0822493674349971,0
0,0,-0.102018013694925,0
0,0,-0.121730832711942,0
0,0,-0.141358656319809,0
0,0,-0.160869336808423,0
0,0,-0.180234960556328,0
0,0,-0.199421184400049,0
0,0,-0.218400094718131,0
0,0,-0.237141582435746,0
0,0,-0.255616165750457,0
0,0,-0.273792324224554,0
0,0,-0.291643555599465,0
0,0,-0.309139907618459,0
0,0,-0.326254407568669,0
0,0,-0.342959298646738,0
0,0,-0.359227137685506,0
0,0,-0.375033617879773,0
0,0,-0.390352080152867,0
0,0,-0.405158844971981,0
0,0,-0.419428350987131,0
0,0,-0.433140211845569,0
0,0,-0.446269023015408,0
0,0,-0.458798161778254,0
0,0,-0.470703634965104,0
0,0,-0.481969760766151,0
0,0,-0.492577877827725,0
0,0,-0.502512147521921,0
0,0,-0.511757828947524,0
0,0,-0.520299083476626,0
0,0,-0.528127913386228,0
0,0,-0.535232243682779,0
0,0,-0.541601410735611,0
0,0,-0.547231180456074,0
0,0,-0.552113868757366,0
0,0,-0.556245712005131,0
0,0,-0.559622632928821,0
0,0,-0.562247924708495,0
0,0,-0.564118294164093,0
0,0,-0.565235623112792,0
0,0,-0.565608693368084,0
0,0,-0.565237191293773,0
0,0,-0.564133191883409,0
0,0,-0.56229936104466,0
0,0,-0.559752791950214,0
0,0,-0.556499130051601,0
0,0,-0.55255233215955,0
0,0,-0.547929648264847,0
0,0,-0.542639703362886,0
0,0,-0.536706333804572,0
0,0,-0.530140830492965,0
0,0,-0.522966872960875,0
0,0,-0.515201711199086,0
0,0,-0.506867142923231,0
0,0,-0.497986377211821,0
0,0,-0.488578232236626,0
0,0,-0.478669680710511,0
0,0,-0.468282677167206,0
0,0,-0.457443567047186,0
0,0,-0.446175088974669,0
0,0,-0.434504215662521,0
0,0,-0.422455253915944,0
0,0,-0.410055803720196,0
0,0,-0.397330328698575,0
0,0,-0.384304547019163,0
0,0,-0.371005588212925,0
0,0,-0.357457602266963,0
0,0,-0.343687248257947,0
0,0,-0.329720244353961,0
0,0,-0.315579015543026,0
0,0,-0.3012913186285,0
0,0,-0.286878480871721,0
0,0,-0.272366534076965,0
0,0,-0.25777602141508,0
0,0,-0.243130936055068,0
0,0,-0.228450409804895,0
0,0,-0.213758592651661,0
0,0,-0.199072734586153,0
0,0,-0.18441322196112,0
0,0,-0.169799500220722,0
0,0,-0.155247878447156,0
0,0,-0.140776233903602,0
0,0,-0.126401189308456,0
0,0,-0.112137642381032,0
0,0,-0.0980009612949414,0
0,0,-0.0840051028609109,0
0,0,-0.070163710253473,0
0,0,-0.0564902698290606,0
0,0,-0.0429946611278512,0
0,0,-0.0296903705062794,0
0,0,-0.0165880615950126,0
0,0,-0.00369526166275835,0
0,0,0.00897579747883537,0
0,0,0.0214183726515509,0
0,0,0.0336239956780933,0
0,0,0.0455849824716572,0
0,0,0.0572961580350064,0
0,0,0.0687514064623169,0
0,0,0.0799464936649408,0
0,0,0.0908740491922693,0
0,0,0.101535327589086,0
0,0,0.111922801586686,0
0,0,0.122035530276478,0
0,0,0.131872572749876,0
0,0,0.141430322190623,0
0,0,0.150708621780622,0
0,0,0.159705119248402,0
0,0,0.168421069138747,0
0,0,0.176853962362088,0
0,0,0.185004112554622,0
0,0,0.192873087897328,0
0,0,0.20045743839205,0
0,0,0.207760300400749,0
0,0,0.214778851197659,0
0,0,0.221515443054252,0
0,0,0.227967253244763,0
0,0,0.234135379495877,0
0,0,0.240019351353301,0
0,0,0.245616659727466,0
0,0,0.250929186435548,0
0,0,0.255952226934606,0
0,0,0.260686878951326,0
0,0,0.265130319759943,0
0,0,0.269279099362299,0
0,0,0.273132747304101,0
0,0,0.276686402224308,0
0,0,0.279938025487645,0
0,0,0.282883226187368,0
0,0,0.285519338415808,0
0,0,0.287840246267141,0
0,0,0.289843754287995,0
0,0,0.291525314753525,0
0,0,0.292879125394103,0
0,0,0.293902520302063,0
0,0,0.294589697207775,0
0,0,0.294937362931181,0
0,0,0.294938774294064,0
0,0,0.294593460842129,0
0,0,0.293894052124768,0
0,0,0.292838352688607,0
0,0,0.291423069353588,0
0,0,0.289642713486278,0
0,0,0.287498539631462,0
0,0,0.284982079611844,0
0,0,0.282097097061778,0
0,0,0.278837946529733,0
0,0,0.275204314379514,0
0,0,0.271196514247316,0
0,0,0.266811880225473,0
0,0,0.262051666858769,0
0,0,0.256915717329105,0
0,0,0.251404658908875,0
0,0,0.245520373415255,0
0,0,0.239264429029225,0
0,0,0.232641059839434,0
0,0,0.225650893118273,0
0,0,0.218303181133528,0
0,0,0.210597296612807,0
0,0,0.202542648641995,0
0,0,0.194145353126914,0
0,0,0.185411996427684,0
0,0,0.176352458084482,0
0,0,0.166975519910802,0
0,0,0.1572926296278,0
0,0,0.147312412230871,0
0,0,0.137051333620311,0
0,0,0.126518175609611,0
0,0,0.115730658643853,0
0,0,0.104703994078549,0
0,0,0.0934537069054064,0
0,0,0.0819973607514095,0
0,0,0.0703545578788156,0
0,0,0.0585436460050981,0
0,0,0.0465853251192012,0
0,0,0.0345009224824617,0
0,0,0.0223111380838237,0
0,0,0.0100390241837027,0
0,0,-0.00229283741177999,0
0,0,-0.0146620217146022,0
0,0,-0.0270446923738578,0
0,0,-0.0394160721300523,0
0,0,-0.0517542064494578,0
0,0,-0.0640352589811688,0
0,0,-0.0762325706485133,0
0,0,-0.0883274800978231,0
0,0,-0.10029066234476,0
0,0,-0.112103299217556,0
0,0,-0.123738888457639,0
0,0,-0.135178455075143,0
0,0,-0.146396437720085,0
0,0,-0.157371822767322,0
0,0,-0.168085321590794,0
0,0,-0.178514822838674,0
0,0,-0.188641665157293,0
0,0,-0.198444678103411,0
0,0,-0.207910375320595,0
0,0,-0.217018840910392,0
0,0,-0.225754549881093,0
0,0,-0.234104172694363,0
0,0,-0.242052654812787,0
0,0,-0.249587450788521,0
0,0,-0.256698053808994,0
0,0,-0.263375054788323,0
0,0,-0.269608731004428,0
0,0,-0.275391555188602,0
0,0,-0.280718665979804,0
0,0,-0.285583320199818,0
0,0,-0.289984106485761,0
0,0,-0.293915065749908,0
0,0,-0.297378707081827,0
0,0,-0.300371894119556,0
0,0,-0.302894783681195,0
0,0,-0.304953491672567,0
0,0,-0.306545665822201,0
0,0,-0.307678990216903,0
0,0,-0.308356758036732,0
0,0,-0.308586182914198,0
0,0,-0.30837385120942,0
0,0,-0.307728074281597,0
0,0,-0.306657320308022,0
0,0,-0.305172566555561,0
0,0,-0.303283692564392,0
0,0,-0.301002616509966,0
0,0,-0.298342354294424,0
0,0,-0.295312785457944,0
0,0,-0.291932257717999,0
0,0,-0.288210807432864,0
0,0,-0.284165370957132,0
0,0,-0.279810375555822,0
0,0,-0.275162443947331,0
0,0,-0.270234748851895,0
0,0,-0.26504799025846,0
0,0,-0.259615184069163,0
0,0,-0.253954050729087,0
0,0,-0.24808403568239,0
0,0,-0.242018154831213,0
0,0,-0.235776794528303,0
0,0,-0.229374068402486,0
0,0,-0.222828324171236,0
0,0,-0.216155400462457,0
0,0,-0.209372233630739,0
0,0,-0.202492780486811,0
0,0,-0.195533663749066,0
0,0,-0.188509467500625,0
0,0,-0.181433207643628,0
0,0,-0.174319938715487,0
0,0,-0.167181108437363,0
0,0,-0.160029105439001,0
0,0,-0.152876318350148,0
0,0,-0.145732469892886,0
0,0,-0.138608066879783,0
0,0,-0.131513772941507,0
0,0,-0.12445695852867,0
0,0,-0.117445935000467,0
0,0,-0.11049105235137,0
0,0,-0.103594819670949,0
0,0,-0.0967683710441656,0
0,0,-0.0900162541958642,0
0,0,-0.083343173668987,0
0,0,-0.0767547749150636,0
0,0,-0.0702573306580165,0
0,0,-0.0638535068055135,0
0,0,-0.0575456556290251,0
0,0,-0.0513414612153561,0
0,0,-0.0452412372007027,0
0,0,-0.0392479631289286,0
0,0,-0.0333657162705836,0
0,0,-0.0275948102618629,0
0,0,-0.0219413610085915,0
0,0,-0.0164031730573961,0
0,0,-0.0109844804969251,0
0,0,-0.00568669469006078,0
0,0,-0.000512167908274241,0
0,0,0.00453784530365087,0
0,0,0.00946240403712495,0
0,0,0.0142580582939915,0
0,0,0.0189263762552307,0
0,0,0.0234632806502932,0
0,0,0.0278687714791788,0
0,0,0.0321422214694953,0
0,0,0.0362825328945562,0
0,0,0.0402873534828907,0
0,0,0.0441585650516754,0
0,0,0.0478942857837337,0
0,0,0.0514918497713983,0
0,0,0.0549559615576114,0
0,0,0.0582816029632347,0
0,0,0.0614704989873471,0
0,0,0.0645221791756543,0
0,0,0.0674360162557639,0
0,0,0.0702137352267549,0
0,0,0.0728529838171563,0
0,0,0.0753558006622428,0
0,0,0.077721401671524,0
0,0,0.0799510413897848,0
0,0,0.0820412698188671,0
0,0,0.0839958505931251,0
0,0,0.0858119609867936,0
0,0,0.087489444181774,0
0,0,0.0890292410866551,0
0,0,0.0904269607946913,0
0,0,0.0916854260316473,0
0,0,0.0927996186183855,0
0,0,0.0937695385549056,0
0,0,0.0945929903878346,0
0,0,0.0952679354818979,0
0,0,0.0957912374751344,0
0,0,0.0961610145503673,0
0,0,0.0963724053465562,0
0,0,0.0964250962275053,0
0,0,0.0963129712873902,0
0,0,0.0960341487090342,0
0,0,0.0955853353123777,0
0,0,0.0949621401906751,0
0,0,0.094161270163867,0
0,0,0.0931794320518942,0
0,0,0.0920139599470895,0
0,0,0.0906581106712361,0
0,0,0.0891120410424326,0
0,0,0.0873727715168151,0
0,0,0.0854338725523636,0
0,0,0.0832976964205485,0
0,0,0.0809582840336438,0
0,0,0.0784170467545318,0
0,0,0.0756699073126632,0
0,0,0.0727184338890181,0
0,0,0.0695609014845184,0
0,0,0.0661973100991637,0
0,0,0.0626306392768177,0
0,0,0.0588571253831263,0
0,0,0.0548847661410907,0
0,0,0.0507110524611425,0
0,0,0.0463421002491056,0
0,0,0.0417801049583528,0
0,0,0.0370300847680229,0
0,0,0.0320983124020375,0
0,0,0.0269883946766529,0
0,0,0.0217100543139483,0
0,0,0.016268936765454,0
0,0,0.0106741374808585,0
0,0,0.00493490872794644,0
0,0,-0.000938399498809361,0
0,0,-0.00693669174972167,0
0,0,-0.0130483634855331,0
0,0,-0.0192602419860074,0
0,0,-0.0255624477109657,0
0,0,-0.0319402397591902,0
0,0,-0.0383793476837575,0
0,0,-0.0448670692187246,0
0,0,-0.0513872520999903,0
0,0,-0.057924528153945,0
0,0,-0.0644639996612733,0
0,0,-0.0709885734492847,0
0,0,-0.0774813131633895,0
0,0,-0.0839259097213895,0
0,0,-0.0903049563143986,0
0,0,-0.0966015165878266,0
0,0,-0.102797399642298,0
0,0,-0.108876453213712,0
0,0,-0.114822211401774,0
0,0,-0.120615228762321,0
0,0,-0.126240764394137,0
0,0,-0.131683136487416,0
0,0,-0.136923683688487,0
0,0,-0.141950801458095,0
0,0,-0.146746142078765,0
0,0,-0.151296376012163,0
0,0,-0.155589428264737,0
0,0,-0.159610714753368,0
0,0,-0.163348317302603,0
0,0,-0.166791572281774,0
0,0,-0.169928718333525,0
0,0,-0.172752541825347,0
0,0,-0.175252535944668,0
0,0,-0.177423996148548,0
0,0,-0.179258140623493,0
0,0,-0.180753087552328,0
0,0,-0.181903975574013,0
0,0,-0.18270735469039,0
0,0,-0.183166204445323,0
0,0,-0.183276918022555,0
0,0,-0.183042788602147,0
0,0,-0.182467893454648,0
0,0,-0.181554584851529,0
0,0,-0.180309762789104,0
0,0,-0.178741895444669,0
0,0,-0.176858039632638,0
0,0,-0.174667447620795,0
0,0,-0.17218391940177,0
0,0,-0.169417177697644,0
0,0,-0.166381492955339,0
0,0,-0.163092860620859,0
0,0,-0.159564923868734,0
0,0,-0.155815246325948,0
0,0,-0.151862018891876,0
0,0,-0.147722021103012,0
0,0,-0.143416423402592,0
0,0,-0.138963573508092,0
0,0,-0.134384328226552,0
0,0,-0.12970001481931,0
0,0,-0.124931019639114,0
0,0,-0.120099297219693,0
0,0,-0.115225077095698,0
0,0,-0.110331097891345,0
0,0,-0.105437118686993,0
0,0,-0.100563996289684,0
0,0,-0.0957339988693413,0
0,0,-0.0909656309615383,0
0,0,-0.0862786516466291,0
0,0,-0.0816936040954613,0
0,0,-0.0772255428454486,0
0,0,-0.0728954815217318,0
0,0,-0.0687184746617241,0
0,0,-0.0647092631666436,0
0,0,-0.0608836856643955,0
0,0,-0.0572566398742949,0
0,0,-0.0538375348822255,0
0,0,-0.050641895679897,0
0,0,-0.0476780336265047,0
0,0,-0.0449553578079341,0
0,0,-0.0424831204919697,0
0,0,-0.0402694762197118,0
0,0,-0.0383183454436112,0
0,0,-0.0366370986142771,0
0,0,-0.0352277743669842,0
0,0,-0.0340955476989688,0
0,0,-0.0332393208835446,0
0,0,-0.0326611325559862,0
0,0,-0.0323614531705877,0
0,0,-0.0323362054567993,0
0,0,-0.0325853894146219,0
0,0,-0.0331038300468182,0
0,0,-0.0338871364466433,0
0,0,-0.0349291927082721,0
0,0,-0.0362240397439789,0
0,0,-0.0377628957402719,0
0,0,-0.039539644791326,0
0,0,-0.0415422119035912,0
0,0,-0.0437611879911837,0
0,0,-0.0461846548786505,0
0,0,-0.048803046662009,0
0,0,-0.0515981724418851,0
0,0,-0.0545601526781003,0
0,0,-0.0576720510160635,0
0,0,-0.0609186561002633,0
0,0,-0.0642830315761079,0
0,0,-0.0677499660880866,0
0,0,-0.0712990732834494,0
0,0,-0.0749140440799991,0
0,0,-0.0785743353068894,0
0,0,-0.0822631674276263,0
0,0,-0.0859598404532673,0
0,0,-0.0896436543948667,0
0,0,-0.0932965751711475,0
0,0,-0.0968982164293616,0
0,0,-0.100427094090075,0
0,0,-0.10386674225299,0
0,0,-0.1071934813853,0
0,0,-0.110390845586707,0
0,0,-0.113439075776857,0
0,0,-0.116316531058217,0
0,0,-0.119007529620979,0
0,0,-0.121492782839082,0
0,0,-0.123752845268367,0
0,0,-0.125772505553321,0
0,0,-0.12753514097555,0
0,0,-0.129023658362364,0
0,0,-0.130222532722057,0
0,0,-0.131118748152487,0
0,0,-0.131698034206732,0
0,0,-0.131948629527437,0
0,0,-0.131857518212462,0
0,0,-0.131417486629297,0
0,0,-0.130618027965371,0
0,0,-0.1294498899529,0
0,0,-0.127910406684215,0
0,0,-0.125991423618217,0
0,0,-0.123690431665338,0
0,0,-0.121004921736008,0
0,0,-0.117936462011208,0
0,0,-0.114482386583271,0
0,0,-0.110647870449433,0
0,0,-0.106432756791596,0
0,0,-0.101846925149938,0
0,0,-0.0968924141597334,0
0,0,-0.0915780056344745,0
0,0,-0.0859131086600443,0
0,0,-0.0799074459585233,0
0,0,-0.0735719947967753,0
0,0,-0.0669183597140579,0
0,0,-0.0599608111572939,0
0,0,-0.052713776391506,0
0,0,-0.0451921531360092,0
0,0,-0.0374127209272971,0
0,0,-0.0293921024837632,0
0,0,-0.021149429613373,0
0,0,-0.0127032068516963,0
0,0,-0.00407335009718812,0
0,0,0.00472069520599216,0
0,0,0.0136563472517235,0
0,0,0.0227130628691594,0
0,0,0.0318692011607673,0
0,0,0.0411028075928186,0
0,0,0.0503903594506034,0
0,0,0.0597099022003931,0
0,0,0.0690390108541645,0
0,0,0.0783511831533452,0
0,0,0.0876274441080696,0
0,0,0.0968383119159015,0
0,0,0.105963557042191,0
0,0,0.114978088591248,0
0,0,0.12385697248548,0
0,0,0.132576686010179,0
0,0,0.141112295087751,0
0,0,0.149441531548273,0
0,0,0.157534599953111,0
0,0,0.165374563947676,0
0,0,0.172934294001002,0
0,0,0.180189169671693,0
0,0,0.187119118243198,0
0,0,0.193698892001728,0
0,0,0.199910300047908,0
0,0,0.205725271942184,0
0,0,0.211131575872908,0
0,0,0.216103807308194,0
0,0,0.220624088984862,0
0,0,0.22467799363789,0
0,0,0.228244194005942,0
0,0,0.231311085549761,0
0,0,0.233861104642365,0
0,0,0.235884371743574,0
0,0,0.23736630277027,0
0,0,0.238297175000372,0
0,0,0.23866820662039,0
0,0,0.238467479454869,0
0,0,0.237693738959026,0
0,0,0.236334126048819,0
0,0,0.234389895269033,0
0,0,0.231853989805255,0
0,0,0.228726566475584,0
0,0,0.225006527553332,0
0,0,0.220694970765186,0
0,0,0.215795346109304,0
0,0,0.210309378584764,0
0,0,0.204245379550763,0
0,0,0.19760915127693,0
0,0,0.190409789212953,0
0,0,0.182657643353304,0
0,0,0.174364004601043,0
0,0,0.165543613857388,0
0,0,0.156209173388282,0
0,0,0.146379344547396,0
0,0,0.136071063689318,0
0,0,0.125303619440112,0
0,0,0.114098495879212,0
0,0,0.102477647540347,0
0,0,0.0904652244106188,0
0,0,0.0780858469314225,0
0,0,0.0653647628165472,0
0,0,0.05233129705033,0
0,0,0.0390106973465594,0
0,0,0.0254337000524556,0
0,0,0.0116285324256704,0
0,0,-0.00237359873228249,0
0,0,-0.0165439957094566,0
0,0,-0.030850353977652,0
0,0,-0.0452630349163337,0
0,0,-0.0597511453601837,0
0,0,-0.0742853603248643,0
0,0,-0.088834316190763,0
0,0,-0.103368217519248,0
0,0,-0.117858366598372,0
0,0,-0.132276536170486,0
0,0,-0.146592930796957,0
0,0,-0.160782616400194,0
0,0,-0.174817522540641,0
0,0,-0.188671931050219,0
0,0,-0.202320123760843,0
0,0,-0.21573983250259,0
0,0,-0.228904711834984,0
0,0,-0.241794532223375,0
0,0,-0.25438451640827,0
0,0,-0.266655689399802,0
0,0,-0.278586096664244,0
0,0,-0.290157076847925,0
0,0,-0.301347773143803,0
0,0,-0.312143758286856,0
0,0,-0.322524645924337,0
0,0,-0.332475851973125,0
0,0,-0.341982008259609,0
0,0,-0.351027589792083,0
0,0,-0.359602403394171,0
0,0,-0.367690610437969,0
0,0,-0.375283115473791,0
0,0,-0.382371607142437,0
0,0,-0.388944167268456,0
0,0,-0.394997189035592,0
0,0,-0.40052063608557,0
0,0,-0.405513567509799,0
0,0,-0.409968142403379,0
0,0,-0.4138849880387,0
0,0,-0.417259713509017,0
0,0,-0.420097336993468,0
0,0,-0.422395192584386,0
0,0,-0.42415657346183,0
0,0,-0.425387125077331,0
0,0,-0.426089356520457,0
0,0,-0.426272206422799,0
0,0,-0.425938340692023,0
0,0,-0.425100932048366,0
0,0,-0.423766566851947,0
0,0,-0.421943556461964,0
0,0,-0.419647269052027,0
0,0,-0.416884761436548,0
0,0,-0.413670460880549,0
0,0,-0.410015658287092,0
0,0,-0.405935251375491,0
0,0,-0.40144037423071,0
0,0,-0.396547179116848,0
0,0,-0.391268368299849,0
0,0,-0.385617584954244,0
0,0,-0.379610040435547,0
0,0,-0.373257025646816,0
0,0,-0.366573751943564,0
0,0,-0.359574332954617,0
0,0,-0.352269275492546,0
0,0,-0.344674104549058,0
0,0,-0.336797915573841,0
0,0,-0.328655449468113,0
0,0,-0.320255331227267,0
0,0,-0.31160994948105,0
0,0,-0.302728556497248,0
0,0,-0.29362103181604,0
0,0,-0.284296941341406,0
0,0,-0.274763185069663,0
0,0,-0.265030897085771,0
0,0,-0.255103527387889,0
0,0,-0.244991896424783,0
0,0,-0.234700865557493,0
0,0,-0.224235766601352,0
0,0,-0.213605067733657,0
0,0,-0.202812532588761,0
0,0,-0.191865217981077,0
0,0,-0.180767357999252,0
0,0,-0.169525539003405,0
0,0,-0.15814681780795,0
0,0,-0.146633389866258,0
0,0,-0.1349957619909,0
0,0,-0.123237227361935,0
0,0,-0.111365626884268,0
0,0,-0.0993877037361128,0
0,0,-0.0873117692766686,0
0,0,-0.0751450371384461,0
0,0,-0.0628953482263482,0
0,0,-0.0505743070796314,0
0,0,-0.0381897546031993,0
0,0,-0.0257517271553275,0
0,0,-0.0132741815467443,0
0,0,-0.00076527231854806,0
0,0,0.011760102809945,0
0,0,0.0242900256632816,0
0,0,0.0368095985221462,0
0,0,0.0493036100310262,0
0,0,0.0617581033791947,0
0,0,0.074155514939668,0
0,0,0.0864800060845421,0
0,0,0.0987132290963437,0
0,0,0.110837620348089,0
0,0,0.122835459394698,0
0,0,0.134685732611029,0
0,0,0.146372444551081,0
0,0,0.157872542954437,0
0,0,0.169170659647488,0
0,0,0.180244212824114,0
0,0,0.191074854766839,0
0,0,0.201642355941015,0
0,0,0.211927898174872,0
0,0,0.221914231477626,0
0,0,0.231579714951743,0
0,0,0.24090835315122,0
0,0,0.249882582449075,0
0,0,0.258485780126913,0
0,0,0.266701793920633,0
0,0,0.274514785202331,0
0,0,0.281912678978455,0
0,0,0.288880420711593,0
0,0,0.295405308135801,0
0,0,0.301478559437588,0
0,0,0.307087158714813,0
0,0,0.312224362789261,0
0,0,0.316879978484557,0
0,0,0.321050398984446,0
0,0,0.324725274294456,0
0,0,0.327904918050782,0
0,0,0.330582743893307,0
0,0,0.332755615460069,0
0,0,0.334425100932048,0
0,0,0.335585554857715,0
0,0,0.336241211325717,0
0,0,0.336389718064582,0
0,0,0.336033740981979,0
0,0,0.335174377804594,0
0,0,0.333815862621073,0
0,0,0.331959136340007,0
0,0,0.329607492141453,0
0,0,0.326769084566512,0
0,0,0.323441874979908,0
0,0,0.319636527012309,0
0,0,0.315353040663717,0
0,0,0.310602393200994,0
0,0,0.305387250531809,0
0,0,0.29971341492579,0
0,0,0.293592020467898,0
0,0,0.287024948975311,0
0,0,0.280023961805384,0
0,0,0.272593763501058,0
0,0,0.26474595860159,0
0,0,0.256486819830903,0
0,0,0.247827010819665,0
0,0,0.238776411108053,0
0,0,0.229344272963854,0
0,0,0.219542828198717,0
0,0,0.209381329080427,0
0,0,0.198873732419711,0
0,0,0.188031485937729,0
0,0,0.176866821446129,0
0,0,0.165396048027111,0
0,0,0.153628104312262,0
0,0,0.141583219836235,0
0,0,0.129272999138284,0
0,0,0.116714692209198,0
0,0,0.103924451313077,0
0,0,0.0909188991683152,0
0,0,0.0777170107647782,0
0,0,0.0643347815484687,0
0,0,0.050792441054037,0
0,0,0.0371078665446622,0
0,0,0.0233017580092882,0
0,0,0.00939324725587931,0
0,0,-0.00459680890852254,0
0,0,-0.0186473968587765,0
0,0,-0.0327386006964293,0
0,0,-0.0468468977067708,0
0,0,-0.0609520583551505,0
0,0,-0.0750307167449582,0
0,0,-0.0890624865234447,0
0,0,-0.103022433613019,0
0,0,-0.116890485297127,0
0,0,-0.130642491588669,0
0,0,-0.144257282044407,0
0,0,-0.157711333949629,0
0,0,-0.170984574587784,0
0,0,-0.184053167607967,0
0,0,-0.196895001658351,0
0,0,-0.209491258567169,0
0,0,-0.221818258801612,0
0,0,-0.233857968280404,0
0,0,-0.24558717792503,0
0,0,-0.256990362743783,0
0,0,-0.268045254566739,0
0,0,-0.278733505676423,0
0,0,-0.289039591081128,0
0,0,-0.298943594882398,0
0,0,-0.308432501178096,0
0,0,-0.317486080433571,0
0,0,-0.326094453108644,0
0,0,-0.334239428303942,0
0,0,-0.341909401480206,0
0,0,-0.349092454461985,0
0,0,-0.355774473620452,0
0,0,-0.361947774868802,0
0,0,-0.367597617305818,0
0,0,-0.37272070775144,0
0,0,-0.37730481439402,0
0,0,-0.381345075872516,0
0,0,-0.38483427855442,0
0,0,-0.387767247442493,0
0,0,-0.390141787083364,0
0,0,-0.391951467935012,0
0,0,-0.393198955905103,0
0,0,-0.393880644177383,0
0,0,-0.393997630478538,0
0,0,-0.393552580716235,0
0,0,-0.392546906253357,0
0,0,-0.390987193450022,0
0,0,-0.388874853669112,0
0,0,-0.386222432358474,0
0,0,-0.383033222698166,0
0,0,-0.379318358773149,0
0,0,-0.375089288304585,0
0,0,-0.370357145377434,0
0,0,-0.36513620043862,0
0,0,-0.359437117118813,0
0,0,-0.353281379497445,0
0,0,-0.346682003476657,0
0,0,-0.339657650410119,0
0,0,-0.33222933392297,0
0,0,-0.324415244914585,0
0,0,-0.316238592463479,0
0,0,-0.307719762922399,0
0,0,-0.29888353355084,0
0,0,-0.28975264297302,0
0,0,-0.280351711630336,0
0,0,-0.270706144054673,0
0,0,-0.260841815232212,0
0,0,-0.250783816058644,0
0,0,-0.24055943288303,0
0,0,-0.230195167963944,0
0,0,-0.219717053105665,0
0,0,-0.209151747384862,0
0,0,-0.198526223514403,0
0,0,-0.187868238297645,0
0,0,-0.177201784903592,0
0,0,-0.166553522408914,0
0,0,-0.15595026670838,0
0,0,-0.145415383698602,0
0,0,-0.134973023366681,0
0,0,-0.124647492517816,0
0,0,-0.114462000230523,0
0,0,-0.104436619221351,0
0,0,-0.0945926767516384,0
0,0,-0.0849500887198392,0
0,0,-0.0755270460253277,0
0,0,-0.0663414259312842,0
0,0,-0.0574082829751217,0
0,0,-0.0487425148761568,0
0,0,-0.0403577648089213,0
0,0,-0.0322653236764748,0
0,0,-0.0244766391999769,0
0,0,-0.0170014341015067,0
0,0,-0.00984739246786981,0
0,0,-0.00301968929630236,0
0,0,0.00347305041780244,0
0,0,0.00963019940205267,0
0,0,0.0154483076582903,0
0,0,0.020925963823633,0
0,0,0.0260623838075904,0
0,0,0.030860703972124,0
0,0,0.0353228061344102,0
0,0,0.0394511993840183,0
0,0,0.0432519996267728,0
0,0,0.0467305386780077,0
0,0,0.049891521080665,0
0,0,0.0527454536473144,0
0,0,0.0552986091018792,0
0,0,0.0575597692578502,0
0,0,0.0595394409277985,0
0,0,0.0612489150147839,0
0,0,0.0626957187875139,0
0,0,0.0638938090567156,0
0,0,0.0648543199073517,0
0,0,0.0655893263329734,0
0,0,0.0661120010538174,0
0,0,0.0664341054272393,0
0,0,0.0665703803544559,0
0,0,0.0665322735566265,0
0,0,0.066334525934969,0
0,0,0.0659906238459167,0
0,0,0.0655127991011186,0
0,0,0.0649161062379886,0
0,0,0.0642116793414895,0
0,0,0.0634150434033289,0
0,0,0.0625367052360779,0
0,0,0.0615909352866595,0
0,0,0.0605879267314482,0
0,0,0.0595405386544849,0
0,0,0.0584594346864384,0
0,0,0.0573562193665647,0
0,0,0.0562407722350422,0
0,0,0.0551209341967736,0
0,0,0.0540081529729184,0
0,0,0.0529104262864768,0
0,0,0.0518327723165874,0
0,0,0.0507864819663106,0
0,0,0.0497759461423923,0
0,0,0.0488068102963628,0
0,0,0.047885033515948,0
0,0,0.0470146930716979,0
0,0,0.0461990821436722,0
0,0,0.0454410234576352,0
0,0,0.0447430261031565,0
0,0,0.0441054037164321,0
0,0,0.0435283131155599,0
0,0,0.0430119111186384,0
0,0,0.0425533749999019,0
0,0,0.0421516070326642,0
0,0,0.0418026867644741,0
0,0,0.0415022232885853,0
0,0,0.0412466097887425,0
0,0,0.0410297303591212,0
0,0,0.0408451554577012,0
0,0,0.0406856714519708,0
0,0,0.0405443783456159,0
0,0,0.0404140625061256,0
0,0,0.0402843739390275,0
0,0,0.0401470012851244,0
0,0,0.0399939468214148,0
0,0,0.0398140764629362,0
0,0,0.0395971970333153,0
0,0,0.0393348403552558,0
0,0,0.039014774617109,0
0,0,0.0386274339148931,0
0,0,0.0381604296188616,0
0,0,0.0376062344603065,0
0,0,0.0369512052646972,0
0,0,0.0361878147633261,0
0,0,0.0353035175083485,0
0,0,0.0342906294129592,0
0,0,0.0331402118455686,0
0,0,0.0318417579936066,0
0,0,0.0303908769503272,0
0,0,0.0287761209945716,0
0,0,0.0269951378548696,0
0,0,0.0250393025358269,0
0,0,0.0229053218573849,0
0,0,0.0205900594575819,0
0,0,0.018088653975378,0
0,0,0.015400634956479,0
0,0,0.0125250614922967,0
0,0,0.00946240403712495,0
0,0,0.00621109440998335,0
0,0,0.00277615079001015,0
0,0,-0.000841799550402311,0
0,0,-0.00463711115972498,0
0,0,-0.00860633403979882,0
0,0,-0.0127430386486047,0
0,0,-0.0170400113536302,0
0,0,-0.0214906657947579,0
0,0,-0.0260855928861037,0
0,0,-0.0308180494494507,0
0,0,-0.0356751764007583,0
0,0,-0.0406486623808281,0
0,0,-0.0457269028504041,0
0,0,-0.0508979796340336,0
0,0,-0.0561509154648521,0
0,0,-0.0614712830778373,0
0,0,-0.0668460665708507,0
0,0,-0.0722628773141453,0
0,0,-0.0777068175884041,0
0,0,-0.0831637737648029,0
0,0,-0.088618064033534,0
0,0,-0.0940572997648512,0
0,0,-0.0994636036955754,0
0,0,-0.104820980379704,0
0,0,-0.110116570733195,0
0,0,-0.115331556584282,0
0,0,-0.120451040213649,0
0,0,-0.125460751174372,0
0,0,-0.130341557658486,0
0,0,-0.135080914218148,0
0,0,-0.139658748136805,0
0,0,-0.144064866238083,0
0,0,-0.14828076398641,0
0,0,-0.152290916390079,0
0,0,-0.156084189364126,0
0,0,-0.159643019281569,0
0,0,-0.162957369784132,0
0,0,-0.166010147699125,0
0,0,-0.168792414394961,0
0,0,-0.171291467605694,0
0,0,-0.173495859610166,0
0,0,-0.175396338140592,0
0,0,-0.176981612293912,0
0,0,-0.178246507072888,0
0,0,-0.179177692939187,0
0,0,-0.179772817621336,0
0,0,-0.180024667486825,0
0,0,-0.179924774358359,0
0,0,-0.179472824599742,0
0,0,-0.178660506851775,0
0,0,-0.177489859749734,0
0,0,-0.175953356024912,0
0,0,-0.174055386584055,0
0,0,-0.171793599155691,0
0,0,-0.169170189193195,0
0,0,-0.166187508968035,0
0,0,-0.162849792568861,0
0,0,-0.159161430902418,0
0,0,-0.155129480783118,0
0,0,-0.150761312661572,0
0,0,-0.14606649244176,0
0,0,-0.141053174664782,0
0,0,-0.135735629777562,0
0,0,-0.13012263959359,0
0,0,-0.124232395012243,0
0,0,-0.118074932391797,0
0,0,-0.111669226722117,0
0,0,-0.105031116631108,0
0,0,-0.0981803611991255,0
0,0,-0.0911323285997792,0
0,0,-0.0839110120020732,0
0,0,-0.0765349159415794,0
0,0,-0.0690277199511041,0
0,0,-0.0614099672014952,0
0,0,-0.0537086304056178,0
0,0,-0.0459456640972025,0
0,0,-0.0381467864443299,0
0,0,-0.0303388133417704,0
0,0,-0.0225452675042325,0
0,0,-0.0147965716427405,0
0,0,-0.00711468029102291,0
0,0,0.000469513385600751,0
0,0,0.00793280030861809,0
0,0,0.0152477373108675,0
0,0,0.0223867244070903,0
0,0,0.0293289047902441,0
0,0,0.0360427580226177,0
0,0,0.0425108772953269,0
0,0,0.0487069171678964,0
0,0,0.0546084526523036,0
0,0,0.0601974496672713,0
0,0,0.0654506991342856,0
0,0,0.0703533033340311,0
0,0,0.0748855031861515,0
0,0,0.0790331850618218,0
0,0,0.0827828626046074,0
0,0,0.0861219903666643,0
0,0,0.0890395910811275,0
0,0,0.0915260988440152,0
0,0,0.0935761818399936,0
0,0,0.0951810582555712,0
0,0,0.0963391599097667,0
0,0,0.0970462527139331,0
0,0,0.0973032775766587,0
0,0,0.097110548134139,0
0,0,0.0964696325673553,0
0,0,0.0953869604183279,0
0,0,0.0938659816852143,0
0,0,0.0919148509091137,0
0,0,0.0895418794492235,0
0,0,0.0867567900276234,0
0,0,0.0835725985464528,0
0,0,0.0799982436373015,0
0,0,0.0760503480185641,0
0,0,0.0717400457752029,0
0,0,0.0670847437161028,0
0,0,0.0620976145615013,0
0,0,0.0567966923926755,0
0,0,0.0511982862918245,0
0,0,0.0453196462497343,0
0,0,0.0391795904381733,0
0,0,0.0327945847574378,0
0,0,0.0261845451059814,0
0,0,0.0193682896555725,0
0,0,0.0123635388512917,0
0,0,0.00519271768116192,0
0,0,-0.00212880568120621,0
0,0,-0.00957907670208391,0
0,0,-0.0171389635735084,0
0,0,-0.0247888640332204,0
0,0,-0.0325105871818459,0
0,0,-0.040284687575224,0
0,0,-0.0480917197691952,0
0,0,-0.0559139633186787,0
0,0,-0.0637335409604951,0
0,0,-0.071531164068583,0
0,0,-0.0792914644693313,0
0,0,-0.0869965648995621,0
0,0,-0.0946309403675661,0
0,0,-0.102175929519674,0
0,0,-0.10962149599761,0
0,0,-0.116949135265803,0
0,0,-0.124145517785917,0
0,0,-0.131197627655813,0
0,0,-0.138092605791449,0
0,0,-0.144818690835472,0
0,0,-0.15136459188482,0
0,0,-0.157717606673551,0
0,0,-0.163869110206271,0
0,0,-0.169810007033292,0
0,0,-0.175529476705848,0
0,0,-0.18102014877333,0
0,0,-0.186274495967031,0
0,0,-0.191284050109655,0
0,0,-0.196043636203967,0
0,0,-0.20054729516224,0
0,0,-0.204787813351963,0
0,0,-0.208763152137862,0
0,0,-0.21246735243221,0
0,0,-0.215897748327339,0
0,0,-0.219049792098406,0
0,0,-0.221924267835903,0
0,0,-0.224516000542591,0
0,0,-0.226825303854667,0
0,0,-0.22885155049974,0
0,0,-0.230590506389162,0
0,0,-0.232047189702069,0
0,0,-0.233216425441228,0
0,0,-0.234102604513382,0
0,0,-0.234703217828963,0
0,0,-0.235019049478463,0
0,0,-0.23505323582384,0
0,0,-0.234804992774607,0
0,0,-0.234276672602232,0
0,0,-0.233470313941991,0
0,0,-0.232385446339591,0
0,0,-0.231028185700855,0
0,0,-0.229396493390509,0
0,0,-0.227496485314377,0
0,0,-0.225327063745773,0
0,0,-0.222893874136227,0
0,0,-0.220198014212424,0
0,0,-0.217242620336328,0
0,0,-0.214030201597506,0
0,0,-0.21056389435792,0
0,0,-0.206845580434747,0
0,0,-0.202878553008046,0
0,0,-0.198665321167386,0
0,0,-0.194208707638531,0
0,0,-0.189509653330072,0
0,0,-0.18457270596685,0
0,0,-0.179398963275554,0
0,0,-0.173991718436242,0
0,0,-0.168350657812717,0
0,0,-0.162482054128903,0
0,0,-0.156386064202898,0
0,0,-0.150064726669976,0
0,0,-0.143522902891177,0
0,0,-0.136762474683678,0
0,0,-0.129785480682755,0
0,0,-0.122597723158034,0
0,0,-0.115203436198165,0
0,0,-0.107604658438421,0
0,0,-0.0998097012380004,0
0,0,-0.0918220145950602,0
0,0,-0.083650066686896,0
0,0,-0.0753006006917247,0
0,0,-0.0667811438782526,0
0,0,-0.0581042416943256,0
0,0,-0.0492782054991404,0
0,0,-0.0403158943767383,0
0,0,-0.0312311083197488,0
0,0,-0.0220385882293902,0
0,0,-0.0127529181887822,0
0,0,-0.00339197546110404,0
0,0,0.00602479450948468,0
0,0,0.015480612186491,0
0,0,0.0249517980371079,0
0,0,0.0344187497990767,0
0,0,0.0438588856662769,0
0,0,0.0532469579249202,0
0,0,0.0625616393136699,0
0,0,0.0717748593929728,0
0,0,0.0808618409033348,0
0,0,0.0897987474938509,0
0,0,0.0985540587268094,0
0,0,0.10710519279609,0
0,0,0.115423765625943,0
0,0,0.123479824959639,0
0,0,0.131249691264369,0
0,0,0.138702941829111,0
0,0,0.145814172121976,0
0,0,0.15255719352059,0
0,0,0.158904406039692,0
0,0,0.164831189237888,0
0,0,0.17031292267378,0
0,0,0.175325926814562,0
0,0,0.179847619854112,0
0,0,0.183857458621584,0
0,0,0.187335684036623,0
0,0,0.190262223382676,0
0,0,0.192622335758525,0
0,0,0.194399712081972,0
0,0,0.19558510008523,0
0,0,0.196159211142239,0
0,0,0.196120947526312,0
0,0,0.19545964560678,0
0,0,0.194171228113094,0
0,0,0.192252558683292,0
0,0,0.189703950953572,0
0,0,0.186528384467795,0
0,0,0.182727270588844,0
0,0,0.17831111612929,0
0,0,0.173286193813055,0
0,0,0.167664578633691,0
0,0,0.16146132512861,0
0,0,0.154687410564678,0
0,0,0.1473666712928,0
0,0,0.139513534577999,0
0,0,0.131152777679767,0
0,0,0.122306825586127,0
0,0,0.113001553283261,0
0,0,0.103263619847839,0
0,0,0.0931217229918069,0
0,0,0.0826072263347768,0
0,0,0.0717489844067924,0
0,0,0.0605819676437218,0
0,0,0.0491400487547466,0
0,0,0.0374556890861659,0
0,0,0.0255666817996132,0
0,0,0.0135089382395441,0
0,0,0.00131680156943559,0
0,0,-0.0109680145966289,0
0,0,-0.0233122648218584,0
0,0,-0.0356754900369542,0
0,0,-0.0480211516250667,0
0,0,-0.060311142788367,0
0,0,-0.0725081408195156,0
0,0,-0.0845752934654682,0
0,0,-0.0964746507464935,0
0,0,-0.108174221770586,0
0,0,-0.119635586103721,0
0,0,-0.130826752853893,0
0,0,-0.141714162948118,0
0,0,-0.152266139130585,0
0,0,-0.162453670053153,0
0,0,-0.172244608005721,0
0,0,-0.181615743909773,0
0,0,-0.190538693689561,0
0,0,-0.198988366449396,0
0,0,-0.206945003108919,0
0,0,-0.21438288550005,0
0,0,-0.221288527266355,0
0,0,-0.22763715114834,0
0,0,-0.233419504878219,0
0,0,-0.238619122555696,0
0,0,-0.243222988278632,0
0,0,-0.247223888414514,0
0,0,-0.250611472968872,0
0,0,-0.253381507853058,0
0,0,-0.255525838525973,0
0,0,-0.257047444531479,0
0,0,-0.257940523599948,0
0,0,-0.258209466638126,0
0,0,-0.257856469099386,0
0,0,-0.256883255982806,0
0,0,-0.255302372736233,0
0,0,-0.253113035269174,0
0,0,-0.250331866300026,0
0,0,-0.246966393097495,0
0,0,-0.243028847473229,0
0,0,-0.238534440782742,0
0,0,-0.233497286654858,0
0,0,-0.227935419170856,0
0,0,-0.221864049686246,0
0,0,-0.215304975916661,0
0,0,-0.208278113760553,0
0,0,-0.200803379116377,0
0,0,-0.192907274242706,0
0,0,-0.184609087765601,0
0,0,-0.175937987851302,0
0,0,-0.166918438123107,0
0,0,-0.157576470385294,0
0,0,-0.147942193712692,0
0,0,-0.138043521726755,0
0,0,-0.127909622593724,0
0,0,-0.117571859933212,0
0,0,-0.107059401911456,0
0,0,-0.0964067485100321,0
0,0,-0.0856421269865913,0
0,0,-0.0748012918674917,0
0,0,-0.0639132545008757,0
0,0,-0.053012358050218,0
0,0,-0.0421313774980142,0
0,0,-0.0313027741905638,0
0,0,-0.0205577549293812,0
0,0,-0.00993050605984347,0
0,0,0.000547608798436183,0
0,0,0.0108478919335122,0
0,0,0.0209356865457127,0
0,0,0.0307826085592886,0
0,0,0.0403590193537053,0
0,0,0.0496355939446258,0
0,0,0.0585861437096733,0
0,0,0.067180245937823,0
0,0,0.0753981415487199,0
0,0,0.0832101919218293,0
0,0,0.0905955402501091,0
0,0,0.0975334865446151,0
0,0,0.104002389907815,0
0,0,0.109985313985116,0
0,0,0.115462342878067,0
0,0,0.120421872047409,0
0,0,0.124849317410024,0
0,0,0.128731663063771,0
0,0,0.132063577193317,0
0,0,0.134831730260326,0
0,0,0.137036435900995,0
0,0,0.138667500938948,0
0,0,0.139728532190443,0
0,0,0.140216079657321,0
0,0,0.140133750155838,0
0,0,0.139483582321268,0
0,0,0.138272162513732,0
0,0,0.136507174820032,0
0,0,0.134194891964092,0
0,0,0.131349427574738,0
0,0,0.12797956346546,0
0,0,0.124100197355576,0
0,0,0.119728422417774,0
0,0,0.114875529555115,0
0,0,0.109563786937523,0
0,0,0.103808249102412,0
0,0,0.0976316546740026,0
0,0,0.0910507831887861,0
0,0,0.0840905687243554,0
0,0,0.0767724953601445,0
0,0,0.0691182039936866,0
0,0,0.0611518446120829,0
0,0,0.0528994490196124,0
0,0,0.0443823444776115,0
0,0,0.0356282877894372,0
0,0,0.0266617425783875,0
0,0,0.0175076429220542,0
0,0,0.00819390244189311,0
0,0,-0.00125391751211235,0
0,0,-0.0108107260442715,0
0,0,-0.0204473549883444,0
0,0,-0.0301402816296223,0
0,0,-0.0398609650742572,0
0,0,-0.0495843144265594,0
0,0,-0.0592849251546421,0
0,0,-0.0689355109094431,0
0,0,-0.0785123921581543,0
0,0,-0.0879901643688898,0
0,0,-0.0973429525554688,0
0,0,-0.10654817491177,0
0,0,-0.115581210996399,0
0,0,-0.124419635821331,0
0,0,-0.133039769853759,0
0,0,-0.141421069922838,0
0,0,-0.149541895131033,0
0,0,-0.1573817023075,0
0,0,-0.164921046008078,0
0,0,-0.172142048969588,0
0,0,-0.179027461201242,0
0,0,-0.185560816802746,0
0,0,-0.191725806691899,0
0,0,-0.197512237692328,0
0,0,-0.202904584812324,0
0,0,-0.207891243512631,0
0,0,-0.212466097887425,0
0,0,-0.21661738657935,0
0,0,-0.220340405045466,0
0,0,-0.223627939653259,0
0,0,-0.226478422221752,0
0,0,-0.22888558002702,0
0,0,-0.23085129488624,0
0,0,-0.232374625890825,0
0,0,-0.233454475314087,0
0,0,-0.234096645425656,0
0,0,-0.234303018042707,0
0,0,-0.234077199981495,0
0,0,-0.23342750260122,0
0,0,-0.232358316808626,0
0,0,-0.230878267599107,0
0,0,-0.228997234512841,0
0,0,-0.226722744818534,0
0,0,-0.22406671669164,0
0,0,-0.221041852398102,0
0,0,-0.217658658750489,0
0,0,-0.213932660740511,0
0,0,-0.209877031088404,0
0,0,-0.205508392512563,0
0,0,-0.200842583640893,0
0,0,-0.195894972647003,0
0,0,-0.190686729974133,0
0,0,-0.185233066977794,0
0,0,-0.179555154101225,0
0,0,-0.173671966334291,0
0,0,-0.167605458210721,0
0,0,-0.161376016083264,0
0,0,-0.155006221758041,0
0,0,-0.148517088860191,0
0,0,-0.141933708285406,0
0,0,-0.135277720931217,0
0,0,-0.128573590420923,0
0,0,-0.121845780377822,0
0,0,-0.11511640215374,0
0,0,-0.108411017098661,0
0,0,-0.101753932017786,0
0,0,-0.0951669446267457,0
0,0,-0.0886742049126404,0
0,0,-0.082299078772083,0
0,0,-0.0760641480111937,0
0,0,-0.0699887012560346,0
0,0,-0.064096574857511,0
0,0,-0.0584043915340182,0
0,0,-0.0529342626373825,0
0,0,-0.0476998313421356,0
0,0,-0.0427197590019471,0
0,0,-0.038009413790427,0
0,0,-0.0335786752477532,0
0,0,-0.0294447933647126,0
0,0,-0.0256146681376204,0
0,0,-0.0220984927428506,0
0,0,-0.0189025399043256,0
0,0,-0.0160340232545556,0
0,0,-0.0134952950650132,0
0,0,-0.0112890212433635,0
0,0,-0.0094159858800984,0
0,0,-0.00787446397613889,0
0,0,-0.00666304416860164,0
0,0,-0.00577561055166254,0
0,0,-0.00520573358330167,0
0,0,-0.00494698372149738,0
0,0,-0.00499167687944568,0
0,0,-0.00532538579212372,0
0,0,-0.00593854455554987,0
0,0,-0.00681860772188025,0
0,0,-0.00794973666320908,0
0,0,-0.00931766093261321,0
0,0,-0.0109059146297955,0
0,0,-0.0126969341277741,0
0,0,-0.014671273982388,0
0,0,-0.0168143501105179,0
0,0,-0.0191031102517483,0
0,0,-0.0215193635067035,0
0,0,-0.0240441348855189,0
0,0,-0.0266540584915822,0
0,0,-0.0293320411522052,0
0,0,-0.0320545601526782,0
0,0,-0.034801856412645,0
0,0,-0.0375515049440829,0
0,0,-0.040284687575224,0
0,0,-0.0429785088637509,0
0,0,-0.0456127392750144,0
0,0,-0.0481671492743637,0
0,0,-0.0506218229633448,0
0,0,-0.0529582558063864,0
0,0,-0.0551538659973674,0
0,0,-0.0571935989988733,0
0,0,-0.0590578525486468,0
0,0,-0.0607298471101951,0
0,0,-0.0621928031470256,0
0,0,-0.0634313524855278,0
0,0,-0.0644307542244836,0
0,0,-0.0651761106445775,0
0,0,-0.0656537785712773,0
0,0,-0.0658529375558177,0
0,0,-0.0657593171512741,0
0,0,-0.0653672719061162,0
0,0,-0.0646631586458131,0
0,0,-0.0636407046464421,0
0,0,-0.0622914417307073,0
0,0,-0.0606108221737655,0
0,0,-0.0585921027973999,0
0,0,-0.0562330881482369,0
0,0,-0.0535303282281201,0
0,0,-0.0504842934913431,0
0,0,-0.0470941998474158,0
0,0,-0.0433589495696518,0
0,0,-0.0392857562905622,0
0,0,-0.0348754041006364,0
0,0,-0.0301330679971114,0
0,0,-0.0250686275201651,0
0,0,-0.0196852190317583,0
0,0,-0.0139950743435396,0
0,0,-0.0080080729956884,0
0,0,-0.00173770134463658,0
0,0,0.00480569061514213,0
0,0,0.0116031278937843,0
0,0,0.0186420650434425,0
0,0,0.0259039975285467,0
0,0,0.033369793541133,0
0,0,0.0410209485456297,0
0,0,0.0488362920987986,0
0,0,0.05679230148593,0
0,0,0.0648670221732948,0
0,0,0.0730370882642823,0
0,0,0.0812758406822214,0
0,0,0.0895586589857162,0
0,0,0.0978582568257038,0
0,0,0.106149700124592,0
0,0,0.114400213899886,0
0,0,0.122588000435954,0
0,0,0.130678559751224,0
0,0,0.138646644131906,0
0,0,0.146461203594584,0
0,0,0.154092129064431,0
0,0,0.161510409193304,0
0,0,0.168685150815885,0
0,0,0.175588910765013,0
0,0,0.182188600421997,0
0,0,0.18845567889299,0
0,0,0.194362859828927,0
0,0,0.199877681883511,0
0,0,0.20497427007056,0
0,0,0.209621888042855,0
0,0,0.213794503996117,0
0,0,0.217465929307969,0
0,0,0.220609818537938,0
0,0,0.22320202169892,0
0,0,0.225218702440011,0
0,0,0.226638690317972,0
0,0,0.227437364891407,0
0,0,0.227601710258178,0
0,0,0.227110242338848,0
0,0,0.225946808869318,0
0,0,0.224103412126587,0
0,0,0.221560606666494,0
0,0,0.218316510671864,0
0,0,0.214357951422458,0
0,0,0.209685556190669,0
0,0,0.204293993161163,0
0,0,0.198182948697743,0
0,0,0.191357597797647,0
0,0,0.18382139045903,0
0,0,0.175581697132503,0
0,0,0.166648083722046,0
0,0,0.157035918401271,0
0,0,0.146756805709433,0
0,0,0.135828936545909,0
0,0,0.124273481353936,0
0,0,0.112109885577675,0
0,0,0.0993638673852073,0
0,0,0.0860581654007524,0
0,0,0.0722258682430021,0
0,0,0.0578920668076459,0
0,0,0.0430903201676698,0
0,0,0.0278540305779609,0
0,0,0.012217698020093,0
0,0,-0.00378292297957539,0
0,0,-0.0201111369860976,0
0,0,-0.0367253872034865,0
0,0,-0.053589919105384,0
0,0,-0.0706617645329213,0
0,0,-0.0879004644167974,0
0,0,-0.105264461961026,0
0,0,-0.12271220036962,0
0,0,-0.140198672848436,0
0,0,-0.157682636237683,0
0,0,-0.17512206328708,0
0,0,-0.1924705358396,0
0,0,-0.209689790279316,0
0,0,-0.226732624358712,0
0,0,-0.243562813097134,0
0,0,-0.260131429247987,0
0,0,-0.276404443283991,0
0,0,-0.292336377956708,0
0,0,-0.30789053783119,0
0,0,-0.323026777474335,0
0,0,-0.337707303724508,0
0,0,-0.351898087054431,0
0,0,-0.365558825212901,0
0,0,-0.378660350033677,0
0,0,-0.391168161535187,0
0,0,-0.403046818827268,0
0,0,-0.414274994648583,0
0,0,-0.42481317083842,0
0,0,-0.43464441104219,0
0,0,-0.443736097095494,0
0,0,-0.452069567644663,0
0,0,-0.459620202248301,0
0,0,-0.466368398644151,0
0,0,-0.472298788658601,0
0,0,-0.477388633667434,0
0,0,-0.481631504128629,0
0,0,-0.485005445508455,0
0,0,-0.487507321444953,0
0,0,-0.489125841035062,0
0,0,-0.48985065428431,0
0,0,-0.489683172555579,0
0,0,-0.488613829944887,0
0,0,-0.486646546904685,0
0,0,-0.483776618892033,0
0,0,-0.480016591354775,0
0,0,-0.47536332793095,0
0,0,-0.469828433159814,0
0,0,-0.463423668398723,0
0,0,-0.456157658643069,0
0,0,-0.448048594792228,0
0,0,-0.43911106092932,0
0,0,-0.429364659316603,0
0,0,-0.41883338312308,0
0,0,-0.407536050520519,0
0,0,-0.395503711492336,0
0,0,-0.382759888753241,0
0,0,-0.36933814137622,0
0,0,-0.355265128437943,0
0,0,-0.340579584008632,0
0,0,-0.325312244435506,0
0,0,-0.309501216516396,0
0,0,-0.293184607049131,0
0,0,-0.276403502375402,0
0,0,-0.259196479747335,0
0,0,-0.241606350505699,0
0,0,-0.223676710081757,0
0,0,-0.20545115390677,0
0,0,-0.186972963775804,0
0,0,-0.168289028300178,0
0,0,-0.14944341336545,0
0,0,-0.130483634855331,0
0,0,-0.111453601837281,0
0,0,-0.0924014574674032,0
0,0,-0.0733709539950586,0
0,0,-0.054407411850587,0
0,0,-0.0355567787367205,0
0,0,-0.0168623364485249,0
0,0,0.00163294685513038,0
0,0,0.0198862598334748,0
0,0,0.037856045690521,0
0,0,0.0555005908121844,0
0,0,0.0727838270359105,0
0,0,0.0896654521104971,0
0,0,0.106108613782899,0
0,0,0.122080537070622,0
0,0,0.137544212902523,0
0,0,0.152471257202851,0
0,0,0.166828110898622,0
0,0,0.180589683094146,0
0,0,0.193727746531772,0
0,0,0.206216583043416,0
0,0,0.218035335822037,0
0,0,0.229163461696787,0
0,0,0.239581358405411,0
0,0,0.249271148684727,0
0,0,0.258224364357442,0
0,0,0.266421716797492,0
0,0,0.273857090099054,0
0,0,0.280523741083911,0
0,0,0.286413358392865,0
0,0,0.29152327611825,0
0,0,0.295849730625712,0
0,0,0.299395701459114,0
0,0,0.302161502254652,0
0,0,0.304149642101896,0
0,0,0.305367177815257,0
0,0,0.30582038211866,0
0,0,0.305518036825594,0
0,0,0.30446986465814,0
0,0,0.30268794060985,0
0,0,0.300186064673352,0
0,0,0.296976782296491,0
0,0,0.293078754832938,0
0,0,0.288507036820105,0
0,0,0.28328217142884,0
0,0,0.27742297683091,0
0,0,0.270950937105749,0
0,0,0.263889731786166,0
0,0,0.256260217679202,0
0,0,0.248090935678705,0
0,0,0.239405878953678,0
0,0,0.230233431579872,0
0,0,0.220600095815858,0
0,0,0.210537862553642,0
0,0,0.200075429505168,0
0,0,0.189244003471953,0
0,0,0.178076673072686,0
0,0,0.166606840562255,0
0,0,0.15486618319647,0
0,0,0.142891239592179,0
0,0,0.130716352912857,0
0,0,0.118376650412471,0
0,0,0.105907259344986,0
0,0,0.0933450319634488,0
0,0,0.0807257227942162,0
0,0,0.0680838318188626,0
0,0,0.0554576226533152,0
0,0,0.0428792430076768,0
0,0,0.0303867996797775,0
0,0,0.018011813107327,0
0,0,0.00579035145288054,0
0,0,-0.00624669211824413,0
0,0,-0.0180666994416493,0
0,0,-0.02963767962533,0
0,0,-0.0409314054116356,0
0,0,-0.0519187086343262,0
0,0,-0.0625732438529266,0
0,0,-0.0728691360812568,0
0,0,-0.0827820785141172,0
0,0,-0.0922901166177789,0
0,0,-0.101373648129984,0
0,0,-0.110012757152278,0
0,0,-0.118192232329149,0
0,0,-0.125895294124104,0
0,0,-0.13311096527028,0
0,0,-0.1398292094094,0
0,0,-0.146038735638403,0
0,0,-0.151734682596249,0
0,0,-0.156911561649507,0
0,0,-0.161568118253391,0
0,0,-0.16570137286404,0
0,0,-0.169313991389119,0
0,0,-0.172409423826785,0
0,0,-0.174993472446668,0
0,0,-0.1770716258822,0
0,0,-0.178655175036441,0
0,0,-0.179751019905705,0
0,0,-0.180375312754094,0
0,0,-0.180540755847551,0
0,0,-0.180260992360606,0
0,0,-0.179554526828832,0
0,0,-0.178439236515408,0
0,0,-0.176933469137806,0
0,0,-0.175057454230678,0
0,0,-0.17283330314585,0
0,0,-0.170283440871344,0
0,0,-0.167427783305616,0
0,0,-0.164294087252022,0
0,0,-0.160901327700428,0
0,0,-0.157277731908484,0
0,0,-0.153443372592744,0
0,0,-0.149427574737546,0
0,0,-0.145249940605146,0
0,0,-0.140936815636019,0
0,0,-0.136512506635366,0
0,0,-0.131997713592131,0
0,0,-0.127419095582983,0
0,0,-0.122796568506379,0
0,0,-0.118153027804633,0
0,0,-0.113508703012397,0
0,0,-0.10888398048242,0
0,0,-0.104297835204565,0
0,0,-0.0997708103496808,0
0,0,-0.0953179604551803,0
0,0,-0.0909579468747331,0
0,0,-0.0867048832371647,0
0,0,-0.08257539226087,0
0,0,-0.0785799807584193,0
0,0,-0.0747343305396191,0
0,0,-0.0710454984188815,0
0,0,-0.0675268139345424,0
0,0,-0.0641839225381322,0
0,0,-0.0610254492250443,0
0,0,-0.0580582939915932,0
0,0,-0.0552843386549556,0
0,0,-0.0527104832114467,0
0,0,-0.0503376685696544,0
0,0,-0.0481668356381673,0
0,0,-0.0461995525979663,0
0,0,-0.0444326830870897,0
0,0,-0.0428668543779299,0
0,0,-0.0414970482913495,0
0,0,-0.04032059891968,0
0,0,-0.0393315471751964,0
0,0,-0.0385245612425639,0
0,0,-0.037892427489272,0
0,0,-0.0374265209199263,0
0,0,-0.0371202551744091,0
0,0,-0.0369620257134635,0
0,0,-0.0369403848159309,0
0,0,-0.0370481188493,0
0,0,-0.0372693891856671,0
0,0,-0.0375957276477364,0
0,0,-0.0380106683352111,0
0,0,-0.0385051157984041,0
0,0,-0.0390643291360968,0
0,0,-0.0396730969927778,0
0,0,-0.0403238920997394,0
0,0,-0.0409986803757048,0
0,0,-0.0416882095528882,0
0,0,-0.0423821296368174,0
0,0,-0.0430646019995874,0
0,0,-0.0437310789163559,0
0,0,-0.0443672899401976,0
0,0,-0.0449669623471904,0
0,0,-0.045521784778138,0
0,0,-0.0460251708729202,0
0,0,-0.0464714751800074,0
0,0,-0.0468555227021642,0
0,0,-0.0471729225326436,0
0,0,-0.0474232042171522,0
0,0,-0.0476029177575328,0
0,0,-0.0477123767899807,0
0,0,-0.0477525222230849,0
0,0,-0.0477247654197277,0
0,0,-0.0476308313789877,0
0,0,-0.0474758950981015,0
0,0,-0.0472623088485395,0
0,0,-0.0469985408075977,0
0,0,-0.0466880409734328,0
0,0,-0.046338650250948,0
0,0,-0.0459593072717335,0
0,0,-0.0455567552140057,0
0,0,-0.0451416577084328,0
0,0,-0.0447227965685065,0
0,0,-0.0443092672439143,0
0,0,-0.0439143992729911,0
0,0,-0.0435471312873277,0
0,0,-0.0432178132813954,0
0,0,-0.042941656610706,0
0,0,-0.0427250908172812,0
0,0,-0.0425836408928283,0
0,0,-0.0425276568318197,0
0,0,-0.0425671749925315,0
0,0,-0.0427164658218878,0
0,0,-0.0429832134066932,0
0,0,-0.0433804336490868,0
0,0,-0.0439183197254428,0
0,0,-0.0446043989044687,0
0,0,-0.0454499620892248,0
0,0,-0.0464630070027122,0
0,0,-0.0476496495507557,0
0,0,-0.0490164760934733,0
0,0,-0.0505716411719643,0
0,0,-0.0523154584224258,0
0,0,-0.0542548278411713,0
0,0,-0.0563916312453789,0
0,0,-0.0587249277264593,0
0,0,-0.0612575400101777,0
0,0,-0.0639877430974554,0
0,0,-0.0669136551711162,0
0,0,-0.0700318262330017,0
0,0,-0.0733389631030537,0
0,0,-0.0768308316926243,0
0,0,-0.0804995910968092,0
0,0,-0.0843402231364718,0
0,0,-0.0883428482714335,0
0,0,-0.0925013505958696,0
0,0,-0.0968027142076416,0
0,0,-0.10124035274663,0
0,0,-0.105798741221127,0
0,0,-0.110469254635739,0
0,0,-0.115238249815935,0
0,0,-0.120092083587183,0
0,0,-0.125017269593049,0
0,0,-0.129998282841826,0
0,0,-0.135021166522786,0
0,0,-0.140069454735632,0
0,0,-0.145128563397245,0
0,0,-0.150180772062542,0
0,0,-0.155210242103621,0
0,0,-0.160200507620184,0
0,0,-0.16513463225764,0
0,0,-0.16999473875281,0
0,0,-0.174764674841595,0
0,0,-0.179426876897009,0
0,0,-0.183965192654954,0
0,0,-0.188362685760838,0
0,0,-0.192601322133385,0
0,0,-0.196667929052356,0
0,0,-0.200545883799358,0
0,0,-0.204217622747406,0
0,0,-0.207671541357245,0
0,0,-0.210891330546676,0
0,0,-0.213863503959265,0
0,0,-0.216575202510971,0
0,0,-0.21901388075395,0
0,0,-0.221168404603238,0
0,0,-0.223025758156697,0
0,0,-0.224578100509424,0
0,0,-0.225814140758356,0
0,0,-0.226724312999515,0
0,0,-0.227301874054681,0
0,0,-0.227538983018952,0
0,0,-0.227428112623622,0
0,0,-0.226962990144767,0
0,0,-0.226140636038524,0
0,0,-0.224953209399991,0
0,0,-0.223400239774872,0
0,0,-0.221474983984952,0
0,0,-0.219179637483603,0
0,0,-0.216509182091687,0
0,0,-0.213464558717793,0
0,0,-0.210047805997195,0
0,0,-0.20625751256701,0
0,0,-0.202098226152084,0
0,0,-0.197570260388611,0
0,0,-0.192681456181495,0
0,0,-0.187433538529815,0
0,0,-0.181833093793689,0
0,0,-0.175888746968511,0
0,0,-0.169605045779124,0
0,0,-0.162991712947608,0
0,0,-0.156057530287456,0
0,0,-0.148813004611236,0
0,0,-0.14126707455054,0
0,0,-0.133432285553211,0
0,0,-0.125319928522311,0
0,0,-0.1169412943609,0
0,0,-0.108311437606391,0
0,0,-0.0994432173428274,0
0,0,-0.0903494926542481,0
0,0,-0.0810470430771474,0
0,0,-0.0715488845136639,0
0,0,-0.0618721101364869,0
0,0,-0.0520317744830295,0
0,0,-0.0420452843621777,0
0,0,-0.0319283215837375,0
0,0,-0.0216990770470841,0
0,0,-0.0113760552877888,0
0,0,-0.000975565388050548,0
0,0,0.00948247675367697,0
0,0,0.0199805075104107,0
0,0,0.0304990814379904,0
0,0,0.0410189099103548,0
0,0,0.0515216452100302,0
0,0,0.0619865873480727,0
0,0,0.0723942908803217,0
0,0,0.0827256239988146,0
0,0,0.0929587889879193,0
0,0,0.103077947219733,0
0,0,0.113056596435681,0
0,0,0.122880936643136,0
0,0,0.132528229217878,0
0,0,0.141977774170961,0
0,0,0.151212635147797,0
0,0,0.160211171250852,0
0,0,0.168955348398848,0
0,0,0.17742540751143,0
0,0,0.1856050395064,0
0,0,0.19347370121291,0
0,0,0.201016494911645,0
0,0,0.208216327429916,0
0,0,0.215056732867427,0
0,0,0.221523754413449,0
0,0,0.227601082985785,0
0,0,0.233276800408982,0
0,0,0.238533499874154,0
0,0,0.243364124566888,0
0,0,0.247752365404986,0
0,0,0.251687558757781,0
0,0,0.255161393266074,0
0,0,0.258159912119138,0
0,0,0.260677156229246,0
0,0,0.262700423330456,0
0,0,0.264225322516021,0
0,0,0.265241817427666,0
0,0,0.265743478523369,0
0,0,0.265725914896386,0
0,0,0.265181599278009,0
0,0,0.26410802257867,0
0,0,0.262498755256346,0
0,0,0.260355522310119,0
0,0,0.257673619197044,0
0,0,0.254452732280927,0
0,0,0.250695684287532,0
0,0,0.246399966127291,0
0,0,0.241573261887008,0
0,0,0.236213846567605,0
0,0,0.230332697435946,0
0,0,0.223932009945404,0
0,0,0.21702056590947,0
0,0,0.20960934259501,0
0,0,0.201704142271651,0
0,0,0.193321901293985,0
0,0,0.184471087839305,0
0,0,0.175168324626009,0
0,0,0.165429607100096,0
0,0,0.155270146617081,0
0,0,0.144709702257318,0
0,0,0.13376756264687,0
0,0,0.122464114138484,0
0,0,0.110820997629695,0
0,0,0.0988618926533074,0
0,0,0.0866109491964246,0
0,0,0.0740927877004429,0
0,0,0.0613329695153459,0
0,0,0.0483598787168829,0
0,0,0.0351984493826463,0
0,0,0.0218789474055621,0
0,0,0.00842693413561468,0
0,0,-0.00512559953519098,0
0,0,-0.0187512104396945,0
0,0,-0.0324208872297534,0
0,0,-0.046103893558148,0
0,0,-0.0597718453491282,0
0,0,-0.07339431989167,0
0,0,-0.0869432467462204,0
0,0,-0.100388987292246,0
0,0,-0.113702216545407,0
0,0,-0.126856432247133,0
0,0,-0.139820584414006,0
0,0,-0.152570052604631,0
0,0,-0.165075355016572,0
0,0,-0.177313282571315,0
0,0,-0.1892563921017,0
0,0,-0.20088084725682,0
0,0,-0.21216375259436,0
0,0,-0.223082996762491,0
0,0,-0.233615684318896,0
0,0,-0.243742526637514,0
0,0,-0.253445646455166,0
0,0,-0.262704186964809,0
0,0,-0.271504191355716,0
0,0,-0.279830134636178,0
0,0,-0.287666021360193,0
0,0,-0.295000717442799,0
0,0,-0.301823088799032,0
0,0,-0.308120433162951,0
0,0,-0.313887889173514,0
0,0,-0.319114479563858,0
0,0,-0.323797852062511,0
0,0,-0.327929068037884,0
0,0,-0.331509695670958,0
0,0,-0.334534089510202,0
0,0,-0.337004288190891,0
0,0,-0.338920134894928,0
0,0,-0.340284609166175,0
0,0,-0.341100847366593,0
0,0,-0.341374024493419,0
0,0,-0.341111040542967,0
0,0,-0.340317854602964,0
0,0,-0.339005600758373,0
0,0,-0.337183217640782,0
0,0,-0.33486058479037,0
0,0,-0.332053227198844,0
0,0,-0.328772278951169,0
0,0,-0.325032637766659,0
0,0,-0.320850769545612,0
0,0,-0.316241572007342,0
0,0,-0.311224020141716,0
0,0,-0.30581552075762,0
0,0,-0.300035989753505,0
0,0,-0.293903304392554,0
0,0,-0.287440516935179,0
0,0,-0.280666916007443,0
0,0,-0.27360320159829,0
0,0,-0.266273366876724,0
0,0,-0.258698425467887,0
0,0,-0.250900488723603,0
0,0,-0.242901981631896,0
0,0,-0.234726270089379,0
0,0,-0.226394994993583,0
0,0,-0.217931051786825,0
0,0,-0.209355767730443,0
0,0,-0.200692979175341,0
0,0,-0.191960563384699,0
0,0,-0.183181729437031,0
0,0,-0.174377334139378,0
0,0,-0.165563216119646,0
0,0,-0.156763525364935,0
0,0,-0.147993002776465,0
0,0,-0.139269368799315,0
0,0,-0.130612539331939,0
0,0,-0.122036628003165,0
0,0,-0.113558100713287,0
0,0,-0.105192952908309,0
0,0,-0.096954043672272,0
0,0,-0.0888570548149822,0
0,0,-0.0809145317842843,0
0,0,-0.0731383927556309,0
0,0,-0.0655424377216528,0
0,0,-0.0581374871311151,0
0,0,-0.0509335773422938,0
0,0,-0.0439415288039561,0
0,0,-0.0371718483286719,0
0,0,-0.0306312790946578,0
0,0,-0.0243300142782876,0
0,0,-0.0182758947844655,0
0,0,-0.0124744092466224,0
0,0,-0.00693465311444696,0
0,0,-0.00166054684038996,0
0,0,0.00334116639733173,0
0,0,0.00806593887387352,0
0,0,0.0125098501367844,0
0,0,0.0166672547345341,0
0,0,0.0205373685766326,0
0,0,0.0241156439382357,0
0,0,0.0274005126383625,0
0,0,0.0303893087693465,0
0,0,0.0330829732397755,0
0,0,0.0354802515048656,0
0,0,0.0375806731103223,0
0,0,0.0393875312362046,0
0,0,0.0409006690644154,0
0,0,0.0421233797750131,0
0,0,0.0430577020032727,0
0,0,0.0437088107464305,0
0,0,0.044080156002644,0
0,0,0.0441759718605603,0
0,0,0.0440055105879658,0
0,0,0.0435698699115468,0
0,0,0.0428795566438731,0
0,0,0.0419403730545733,0
0,0,0.040760316866649,0
0,0,0.039347856257395,0
0,0,0.0377114594041068,0
0,0,0.035861319483159,0
0,0,0.03380480694516,0
0,0,0.0315554081465432,0
0,0,0.029119709447428,0
0,0,0.0265122949309331,0
0,0,0.0237425736829435,0
0,0,0.0208235616055978,0
0,0,0.0177682746010352,0
0,0,0.0145883172085124,0
0,0,0.0112982735111493,0
0,0,0.00791178668347725,0
0,0,0.00444218626383219,0
0,0,0.000905310880118027,0
0,0,-0.0026851962931338,0
0,0,-0.00631396708231324,0
0,0,-0.00996688785859412,0
0,0,-0.0136265518130915,0
0,0,-0.0172790021350784,0
0,0,-0.0209082433785519,0
0,0,-0.0244990641880001,0
0,0,-0.0280362532079103,0
0,0,-0.0315056968094577,0
0,0,-0.0348888904570698,0
0,0,-0.0381754841562754,0
0,0,-0.0413465029172084,0
0,0,-0.0443904990187108,0
0,0,-0.0472936724681521,0
0,0,-0.0500386164566483,0
0,0,-0.0526165491707067,0
0,0,-0.0550110047100315,0
0,0,-0.0572099080810718,0
0,0,-0.0592019683807667,0
0,0,-0.060975110615566,0
0,0,-0.0625167893376237,0
0,0,-0.063817281824861,0
0,0,-0.064866551719001,0
0,0,-0.0656537785712773,0
0,0,-0.0661733169301605,0
0,0,-0.0664146599830792,0
0,0,-0.0663718486423079,0
0,0,-0.0660398647287087,0
0,0,-0.065413846881241,0
0,0,-0.0644890905569629,0
0,0,-0.0632632434844042,0
0,0,-0.0617352079368775,0
0,0,-0.0599034157334029,0
0,0,-0.0577705327816476,0
0,0,-0.0553351477187279,0
0,0,-0.0526046309952539,0
0,0,-0.0495800803379118,0
0,0,-0.046266200289643,0
0,0,-0.0426733408449201,0
0,0,-0.0388071474552737,0
0,0,-0.0346764019341943,0
0,0,-0.030293963365724,0
0,0,-0.0256697112900408,0
0,0,-0.0208171320635773,0
0,0,-0.0157517506780422,0
0,0,-0.0104876807622616,0
0,0,-0.00504311321561024,0
0,0,0.000565799697811231,0
0,0,0.00631616253568557,0
0,0,0.0121904116710301,0
0,0,0.0181659652977231,0
0,0,0.0242186734286629,0
0,0,0.0303272088025135,0
0,0,0.0364656964330941,0
0,0,0.042608261334224,0
0,0,0.0487294989740177,0
0,0,0.0548041616386863,0
0,0,0.0608027675257945,0
0,0,0.0667006961939463,0
0,0,0.0724703476578825,0
0,0,0.0780836514780499,0
0,0,0.083515516758758,0
0,0,0.0887366185156695,0
0,0,0.0937240613064672,0
0,0,0.0984502451458917,0
0,0,0.102891647319234,0
0,0,0.107025529202274,0
0,0,0.110825074900244,0
0,0,0.114275700330024,0
0,0,0.117350589596844,0
0,0,0.120035942708076,0
0,0,0.12231309831005,0
0,0,0.124167472319646,0
0,0,0.125583853381351,0
0,0,0.126550323319714,0
0,0,0.12705904122983,0
0,0,0.127096677573365,0
0,0,0.126660880078848,0
0,0,0.125745689658552,0
0,0,0.124344833588555,0
0,0,0.122460820958425,0
0,0,0.120090358588104,0
0,0,0.117237053293846,0
0,0,0.113902943710928,0
0,0,0.110094459381368,0
0,0,0.105817716210993,0
0,0,0.101079300559919,0
0,0,0.0958911306036008,0
0,0,0.0902627722460192,0
0,0,0.0842083391160007,0
0,0,0.0777394357528014,0
0,0,0.0708733121472083,0
0,0,0.0636275319262043,0
0,0,0.0560169928091061,0
0,0,0.0480631788753476,0
0,0,0.0397866332957755,0
0,0,0.0312074287869415,0
0,0,0.0223479903368686,0
0,0,0.0132327815688551,0
0,0,0.00388501156141419,0
0,0,-0.00566975833546979,0
0,0,-0.0154050258632249,0
0,0,-0.0252952296718663,0
0,0,-0.035311828867546,0
0,0,-0.0454275371012021,0
0,0,-0.0556145975694766,0
0,0,-0.0658449398328166,0
0,0,-0.0760881411801975,0
0,0,-0.0863172288987527,0
0,0,-0.0965017802774585,0
0,0,-0.106615606693937,0
0,0,-0.116626717256185,0
0,0,-0.1265109619771,0
0,0,-0.136237290873265,0
0,0,-0.145781240321383,0
0,0,-0.155115053518097,0
0,0,-0.164212698659127,0
0,0,-0.173050809847863,0
0,0,-0.181602571189536,0
0,0,-0.189847439513299,0
0,0,-0.197762676194934,0
0,0,-0.205325228974025,0
0,0,-0.212520356949355,0
0,0,-0.219324066951919,0
0,0,-0.225723813533872,0
0,0,-0.231699367160565,0
0,0,-0.237241475564212,0
0,0,-0.242333202390221,0
0,0,-0.246963884007926,0
0,0,-0.25112662042101,0
0,0,-0.254808552545432,0
0,0,-0.258006073564938,0
0,0,-0.260710244847938,0
0,0,-0.262919811849646,0
0,0,-0.264630383663318,0
0,0,-0.265839294381286,0
0,0,-0.266548896275021,0
0,0,-0.266757934799739,0
0,0,-0.266470173589794,0
0,0,-0.265688592189047,0
0,0,-0.264418836049031,0
0,0,-0.262664668804098,0
0,0,-0.260436910903013,0
0,0,-0.257740737343015,0
0,0,-0.254587282209065,0
0,0,-0.250986895495635,0
0,0,-0.246950711287689,0
0,0,-0.242492059123559,0
0,0,-0.237624895813976,0
0,0,-0.232364275896353,0
0,0,-0.226727292543378,0
0,0,-0.220730725291545,0
0,0,-0.214393235494522,0
0,0,-0.207735209505059,0
0,0,-0.200775308676824,0
0,0,-0.193537996633116,0
0,0,-0.186040993819015,0
0,0,-0.178312997946467,0
0,0,-0.170373454459632,0
0,0,-0.16224996334377,0
0,0,-0.153966204131687,0
0,0,-0.145547267719073,0
0,0,-0.137021851817875,0
0,0,-0.128413322324703,0
0,0,-0.119749279224817,0
0,0,-0.111056067958691,0
0,0,-0.10235924987631,0
0,0,-0.0936865817810302,0
0,0,-0.0850645659314253,0
0,0,-0.0765167250422036,0
0,0,-0.0680687772814483,0
0,0,-0.0597458135448496,0
0,0,-0.0515705724566261,0
0,0,-0.0435650085505068,0
0,0,-0.0357529581773973,0
0,0,-0.0281512008737905,0
0,0,-0.0207829457181994,0
0,0,-0.0136638745204311,0
0,0,-0.00681202136176151,0
0,0,-0.000243852142488343,0
0,0,0.00602746041715174,0
0,0,0.011986077689254,0
0,0,0.0176222769517382,0
0,0,0.0229231991205641,0
0,0,0.0278786510193567,0
0,0,0.0324829871965862,0
0,0,0.0367242894767998,0
0,0,0.0405994214980361,0
0,0,0.0441013264458825,0
0,0,0.0472273384126713,0
0,0,0.0499711846744808,0
0,0,0.0523349038665852,0
0,0,0.0543150459908277,0
0,0,0.0559114542291097,0
0,0,0.0571277353976867,0
0,0,0.0579645167689513,0
0,0,0.0584254051591586,0
0,0,0.0585157323836429,0
0,0,0.0582405166215421,0
0,0,0.0576069715053673,0
0,0,0.0566201152142567,0
0,0,0.0552909250150742,0
0,0,0.053627712267017,0
0,0,0.0516394156016757,0
0,0,0.0493370122859138,0
0,0,0.0467324204951842,0
0,0,0.0438358334058615,0
0,0,0.0406618351010652,0
0,0,0.0372206187571695,0
0,0,0.0335275525477845,0
0,0,0.0295959660112453,0
0,0,0.0254388750496919,0
0,0,0.0210716478367334,0
0,0,0.0165090252735887,0
0,0,0.0117663755338673,0
0,0,0.00685718497400334,0
0,0,0.00179838994858694,0
0,0,-0.0033946413687711,0
0,0,-0.00870622716826519,0
0,0,-0.0141216265486769,0
0,0,-0.0196235895192192,0
0,0,-0.0251975319967729,0
0,0,-0.0308287130801194,0
0,0,-0.0364986282336871,0
0,0,-0.042195359282024,0
0,0,-0.0479018130524407,0
0,0,-0.0536027781894256,0
0,0,-0.0592825728831715,0
0,0,-0.0649281812315397,0
0,0,-0.0705240782428218,0
0,0,-0.0760561502881926,0
0,0,-0.0815088723759432,0
0,0,-0.0868712672392096,0
0,0,-0.092127182613891,0
0,0,-0.0972639162340451,0
0,0,-0.102269863560414,0
0,0,-0.107131224600369,0
0,0,-0.111837649359438,0
0,0,-0.116376592389775,0
0,0,-0.120737546878811,0
0,0,-0.124912201467347,0
0,0,-0.12888801070754,0
0,0,-0.132657290512584,0
0,0,-0.136212827249967,0
0,0,-0.139543957289023,0
0,0,-0.142647387449691,0
0,0,-0.145514022282284,0
0,0,-0.148139627698153,0
0,0,-0.150518087791476,0
0,0,-0.152645638927897,0
0,0,-0.154519301563555,0
0,0,-0.156133587065016,0
0,0,-0.157488495432281,0
0,0,-0.158580263030996,0
0,0,-0.159408733043063,0
0,0,-0.159972023651305,0
0,0,-0.160271389400508,0
0,0,-0.160305262109689,0
0,0,-0.160075837232224,0
0,0,-0.159583428404305,0
0,0,-0.158829446988819,0
0,0,-0.157816402075331,0
0,0,-0.156545705026726,0
0,0,-0.155020962659259,0
0,0,-0.153246252243479,0
0,0,-0.151222201051779,0
0,0,-0.148956179534768,0
0,0,-0.146448814964838,0
0,0,-0.143706536884009,0
0,0,-0.140733736199028,0
0,0,-0.137535431089031,0
0,0,-0.134116639733158,0
0,0,-0.130483321219136,0
0,0,-0.126641591452786,0
0,0,-0.122598036794231,0
0,0,-0.118356734514017,0
0,0,-0.113926623243735,0
0,0,-0.109313191616818,0
0,0,-0.10452412372007,0
0,0,-0.0995644377326299,0
0,0,-0.0944436995584786,0
0,0,-0.089168025103441,0
0,0,-0.0837452552724207,0
0,0,-0.0781824468798298,0
0,0,-0.0724893226477482,0
0,0,-0.0666724689362952,0
0,0,-0.0607403539227656,0
0,0,-0.0547025435111415,0
0,0,-0.0485660945158362,0
0,0,-0.0423429251123014,0
0,0,-0.0360388375701666,0
0,0,-0.0296663773372756,0
0,0,-0.0232355807719059,0
0,0,-0.0167552296875481,0
0,0,-0.0102388104406353,0
0,0,-0.00369463439036599,0
0,0,0.00285989165437628,0
0,0,0.00941959269635362,0
0,0,0.0159658073818982,0
0,0,0.022487872080341,0
0,0,0.0289733981619351,0
0,0,0.0354071742711684,0
0,0,0.0417763413239993,0
0,0,0.0480677266001914,0
0,0,0.0542634528365649,0
0,0,0.0603547382196286,0
0,0,0.0663230782138104,0
0,0,0.0721562410074621,0
0,0,0.0778407402441501,0
0,0,0.0833605804778719,0
0,0,0.0887040003512725,0
0,0,0.0938584544165073,0
0,0,0.0988082608637697,0
0,0,0.103541501517607,0
0,0,0.108047669565449,0
0,0,0.112313905923255,0
0,0,0.116329233324159,0
0,0,0.120084713136574,0
0,0,0.123568113548848,0
0,0,0.126775200472336,0
0,0,0.129694212549682,0
0,0,0.132321856600826,0
0,0,0.134651232629455,0
0,0,0.136675597457351,0
0,0,0.138394637448319,0
0,0,0.139802236696533,0
0,0,0.140898865656288,0
0,0,0.141682485692309,0
0,0,0.142150744533125,0
0,0,0.142309130812169,0
0,0,0.142152626350302,0
0,0,0.141687660689545,0
0,0,0.140912665648917,0
0,0,0.139833286679949,0
0,0,0.138450778327425,0
0,0,0.136768276953307,0
0,0,0.134792839372006,0
0,0,0.13252399512923,0
0,0,0.129969585129881,0
0,0,0.127132432099724,0
0,0,0.124019122398878,0
0,0,0.120634203752187,0
0,0,0.1169817534302,0
0,0,0.113070239610213,0
0,0,0.108902485017991,0
0,0,0.104485860104143,0
0,0,0.0998266375925914,0
0,0,0.0949318742977487,0
0,0,0.0898051770358714,0
0,0,0.0844561117109404,0
0,0,0.0788906374106824,0
0,0,0.0731142427685294,0
0,0,0.0671358664160713,0
0,0,0.0609620947134266,0
0,0,0.0545985731121257,0
0,0,0.0480553379704445,0
0,0,0.0413394461027956,0
0,0,0.0344577975054945,0
0,0,0.02741933081013,0
0,0,0.0202332982844884,0
0,0,0.0129072271972763,0
0,0,0.00545115390676965,0
0,0,-0.00212833522691214,0
0,0,-0.00981885157402251,0
0,0,-0.0176133383201487,0
0,0,-0.0255008181984265,0
0,0,-0.033472195759168,0
0,0,-0.0415179050983916,0
0,0,-0.0496275962216248,0
0,0,-0.0577910759524938,0
0,0,-0.065998935205114,0
0,0,-0.0742398830764261,0
0,0,-0.0825038832081533,0
0,0,-0.0907783901524508,0
0,0,-0.0990547789139248,0
0,0,-0.107318779045652,0
0,0,-0.11556004055316,0
0,0,-0.123768056623879,0
0,0,-0.131927459084198,0
0,0,-0.140028838848234,0
0,0,-0.148057455014769,0
0,0,-0.156001389408349,0
0,0,-0.163848096581131,0
0,0,-0.171582208359502,0
0,0,-0.179194942929974,0
0,0,-0.186667952575071,0
0,0,-0.19399182820891,0
0,0,-0.201152456202666,0
0,0,-0.208134468382727,0
0,0,-0.214928455663212,0
0,0,-0.221518265780017,0
0,0,-0.227892607830085,0
0,0,-0.234038622729372,0
0,0,-0.239944549120525,0
0,0,-0.245597371101404,0
0,0,-0.250985954587047,0
0,0,-0.256099792764884,0
0,0,-0.260926810641362,0
0,0,-0.265457755948698,0
0,0,-0.269681024147635,0
0,0,-0.273588931151367,0
0,0,-0.277173479236892,0
0,0,-0.280424161591641,0
0,0,-0.283336273672672,0
0,0,-0.285902288211278,0
0,0,-0.288116246119732,0
0,0,-0.289974854217976,0
0,0,-0.291472467054478,0
0,0,-0.292607673266356,0
0,0,-0.293378434218336,0
0,0,-0.293783338547535,0
0,0,-0.293821758981561,0
0,0,-0.293497459154766,0
0,0,-0.292808870886171,0
0,0,-0.291761796445404,0
0,0,-0.290358588103936,0
0,0,-0.28860379358661,0
0,0,-0.28650368561735,0
0,0,-0.284062811920998,0
0,0,-0.281289170220557,0
0,0,-0.278189503694242,0
0,0,-0.274771810065056,0
0,0,-0.27104565523698,0
0,0,-0.267019664205406,0
0,0,-0.262703559692417,0
0,0,-0.258107221238189,0
0,0,-0.253243351108665,0
0,0,-0.248121201571631,0
0,0,-0.242752533984442,0
0,0,-0.237150207431139,0
0,0,-0.231327237813862,0
0,0,-0.225293975127081,0
0,0,-0.219064376181526,0
0,0,-0.212653965968905,0
0,0,-0.206073878574179,0
0,0,-0.199336502627095,0
0,0,-0.192458304027951,0
0,0,-0.185450573679807,0
0,0,-0.178327268393391,0
0,0,-0.171101247252743,0
0,0,-0.163787721613376,0
0,0,-0.156396257379272,0
0,0,-0.148944261359315,0
0,0,-0.141439574458409,0
0,0,-0.133898348940655,0
0,0,-0.126331405254818,0
0,0,-0.118750661576352,0
0,0,-0.111169133807394,0
0,0,-0.103599053759597,0
0,0,-0.096050771427429,0
0,0,-0.088538714075914,0
0,0,-0.0810708794280529,0
0,0,-0.0736612242945736,0
0,0,-0.0663193145794569,0
0,0,-0.059057225276255,0
0,0,-0.0518846791070467,0
0,0,-0.044812966974893,0
0,0,-0.0378514979656772,0
0,0,-0.0310103084376764,0
0,0,-0.0242992779310675,0
0,0,-0.0177278155317349,0
0,0,-0.0113048598712681,0
0,0,-0.0050388791269621,0
0,0,0.00106087443339664,0
0,0,0.00698640308680742,0
0,0,0.0127314341093474,0
0,0,0.0182860879608393,0
0,0,0.023644248735458,0
0,0,0.0288023096169483,0
0,0,0.0337510183375243,0
0,0,0.038487708989519,0
0,0,0.0430086179385789,0
0,0,0.0473071588245857,0
0,0,0.051383958919931,0
0,0,0.0552332159549869,0
0,0,0.0588569685650282,0
0,0,0.0622505122071129,0
0,0,0.0654161991527118,0
0,0,0.068353402129433,0
0,0,0.0710627484096684,0
0,0,0.0735445516296145,0
0,0,0.0758025754236245,0
0,0,0.0778376038821886,0
0,0,0.0796507347319939,0
0,0,0.0812469861521776,0
0,0,0.082627299051329,0
0,0,0.083796691608585,0
0,0,0.0847576729135155,0
0,0,0.0855124384194932,0
0,0,0.0860674176685383,0
0,0,0.086424806114024,0
0,0,0.0865883673903038,0
0,0,0.0865628060403194,0
0,0,0.0863523561527186,0
0,0,0.0859601540894632,0
0,0,0.0853913748477886,0
0,0,0.0846500956982443,0
0,0,0.0837397666389881,0
0,0,0.0826647785767658,0
0,0,0.0814295224183232,0
0,0,0.0800371345256212,0
0,0,0.0784913785330137,0
0,0,0.0767969589834423,0
0,0,0.0749570122388683,0
0,0,0.0729740473888609,0
0,0,0.0708535530668524,0
0,0,0.0685977247262151,0
0,0,0.0662131487270683,0
0,0,0.0637018637046864,0
0,0,0.0610695151105998,0
0,0,0.0583220620325349,0
0,0,0.0554649931039242,0
0,0,0.0525042674124934,0
0,0,0.0494474122269504,0
0,0,0.0463010139074129,0
0,0,0.0430758929026482,0
0,0,0.0397776946641859,0
0,0,0.0364178669131847,0
0,0,0.0330056619174306,0
0,0,0.0295533114885724,0
0,0,0.0260697542581991,0
0,0,0.0225672220379607,0
0,0,0.019058573911898,0
0,0,0.0155555712373654,0
0,0,0.0120699753717175,0
0,0,0.0086165272161729,0
0,0,0.00520698812808584,0
0,0,0.00185437400959576,0
0,0,-0.00142720151047182,0
0,0,-0.00462456571187986,0
0,0,-0.00772517314678267,0
0,0,-0.0107150670044528,0
0,0,-0.0135820154732421,0
0,0,-0.0163131594691079,0
0,0,-0.0188962671804027,0
0,0,-0.0213192636135754,0
0,0,-0.0235717987741527,0
0,0,-0.0256416408504871,0
0,0,-0.0275206353014786,0
0,0,-0.0291992162231458,0
0,0,-0.030668758620095,0
0,0,-0.0319228329503052,0
0,0,-0.0329551664898542,0
0,0,-0.0337621524224867,0
0,0,-0.0343393998414568,0
0,0,-0.0346851837476859,0
0,0,-0.0347999745954679,0
0,0,-0.034682988294313,0
0,0,-0.0343367339337898,0
0,0,-0.033764191057762,0
0,0,-0.032971632390151,0
0,0,-0.0319620374748212,0
0,0,-0.0307462267605381,0
0,0,-0.0293303161531264,0
0,0,-0.0277230874660784,0
0,0,-0.025936302056748,0
0,0,-0.0239809371919998,0
0,0,-0.0218690678653842,0
0,0,-0.0196119849799629,0
0,0,-0.0172259976179331,0
0,0,-0.0147233375909449,0
0,0,-0.0121193730726075,0
0,0,-0.00942915860033589,0
0,0,-0.00666806234773931,0
0,0,-0.00385380475989983,0
0,0,-0.00100191082852497,0
0,0,0.00187381945375553,0
0,0,0.00475268609799695,0
0,0,0.00762167320206109,0
0,0,0.0104619625941789,0
0,0,0.0132605383722124,0
0,0,0.0159982687281972,0
0,0,0.0186621377599945,0
0,0,0.0212364636577977,0
0,0,0.0237060350660949,0
0,0,0.026058776991335,0
0,0,0.0282786939875157,0
0,0,0.0303551224239687,0
0,0,0.0322764577614374,0
0,0,0.0340282727348997,0
0,0,0.0356046082566295,0
0,0,0.0369880575177419,0
0,0,0.0381756409743736,0
0,0,0.0391516768167182,0
0,0,0.03991255822852,0
0,0,0.0404485624876996,0
0,0,0.0407493395997844,0
0,0,0.0408108122942252,0
0,0,0.040624355575628,0
0,0,0.0401847944467573,0
0,0,0.0394830334579253,0
0,0,0.0385186021548374,0
0,0,0.0372822482697082,0
0,0,0.0357711490767727,0
0,0,0.0339824818502652,0
0,0,0.0319115420472444,0
0,0,0.0295561342143373,0
0,0,0.0269129651714846,0
0,0,0.0239826621910779,0
0,0,0.0207622457292549,0
0,0,0.0172515589679172,0
0,0,0.0134534246328299,0
0,0,0.00936674499730672,0
0,0,0.00499497005950444,0
0,0,0.000339668000404636,0
0,0,-0.00459288845607086,0
0,0,-0.0098000334022551,0
0,0,-0.0152742395694402,0
0,0,-0.0210106455965871,0
0,0,-0.0270007833064001,0
0,0,-0.0332350867948971,0
0,0,-0.0397080674286462,0
0,0,-0.0464052979426253,0
0,0,-0.0533186237957353,0
0,0,-0.0604344018134448,0
0,0,-0.0677407138203008,0
0,0,-0.0752234461874774,0
0,0,-0.0828677011956597,0
0,0,-0.0906603061246094,0
0,0,-0.0985821291663627,0
0,0,-0.106618899873997,0
0,0,-0.114752113711939,0
0,0,-0.122964050235109,0
0,0,-0.131237145816525,0
0,0,-0.13955226864822,0
0,0,-0.147889816467939,0
0,0,-0.156231127922012,0
0,0,-0.164557071202473,0
0,0,-0.172844907685106,0
0,0,-0.181078171469613,0
0,0,-0.189234594386069,0
0,0,-0.197295201444609,0
0,0,-0.205239135838189,0
0,0,-0.213047579395043,0
0,0,-0.220701400307207,0
0,0,-0.228180055403834,0
0,0,-0.235465667421746,0
0,0,-0.242539575007273,0
0,0,-0.249384371351529,0
0,0,-0.255979670101767,0
0,0,-0.262312925810142,0
0,0,-0.268365633941082,0
0,0,-0.27411897632282,0
0,0,-0.279564798414256,0
0,0,-0.284680047954974,0
0,0,-0.289458609039152,0
0,0,-0.293880252132138,0
0,0,-0.297940743145285,0
0,0,-0.301623929814492,0
0,0,-0.304918521236699,0
0,0,-0.307820753777552,0
0,0,-0.310316200172029,0
0,0,-0.312403449057249,0
0,0,-0.314069798167267,0
0,0,-0.315316345228771,0
0,0,-0.316133210701581,0
0,0,-0.316520551403797,0
0,0,-0.316477583244927,0
0,0,-0.315996622138168,0
0,0,-0.315082843080754,0
0,0,-0.313730914257353,0
0,0,-0.311947892482376,0
0,0,-0.309731739120549,0
0,0,-0.30708496326144,0
0,0,-0.304016189900444,0
0,0,-0.300523537220384,0
0,0,-0.296616884761437,0
0,0,-0.292298584795074,0
0,0,-0.287579300951964,0
0,0,-0.282462796866461,0
0,0,-0.276959265714938,0
0,0,-0.271077018856592,0
0,0,-0.26482295628774,0
0,0,-0.258209780274322,0
0,0,-0.251245331721244,0
0,0,-0.243943881075427,0
0,0,-0.236311544242698,0
0,0,-0.228366355304333,0
0,0,-0.220115527892843,0
0,0,-0.211573018818956,0
0,0,-0.202752000802909,0
0,0,-0.193665176110644,0
0,0,-0.184324462917617,0
0,0,-0.174744915761238,0
0,0,-0.164938452816963,0
0,0,-0.154917933168832,0
0,0,-0.144697784081866,0
0,0,-0.13428976691342,0
0,0,-0.123709249837106,0
0,0,-0.112966426029295,0
0,0,-0.102076350027404,0
0,0,-0.0910509400068843,0
0,0,-0.0799032118698757,0
0,0,-0.0686453974280262,0
0,0,-0.0572906694015743,0
0,0,-0.0458534550555413,0
0,0,-0.0343433202939085,0
0,0,-0.0227770446531695,0
0,0,-0.0111648213096975,0
0,0,0.000478138380994197,0
0,0,0.0121380344262769,0
0,0,0.0238035759230901,0
0,0,0.0354573560625482,0
0,0,0.0470868293968072,0
0,0,0.0586749027531768,0
0,0,0.070209030683813,0
0,0,0.0816694541083596,0
0,0,0.0930428434884811,0
0,0,0.104311007924803,0
0,0,0.11545638379034,0
0,0,0.126462191548602,0
0,0,0.137309142573526,0
0,0,0.147980614146717,0
0,0,0.15845684718782,0
0,0,0.168717612162184,0
0,0,0.17874675680571,0
0,0,0.188520758403686,0
0,0,0.198024405600602,0
0,0,0.207231980228374,0
0,0,0.216130152748668,0
0,0,0.224694929992481,0
0,0,0.232906396061357,0
0,0,0.240747614600706,0
0,0,0.248195690168211,0
0,0,0.255234313681673,0
0,0,0.261841216971168,0
0,0,0.268002443225968,0
0,0,0.273697762911422,0
0,0,0.27891023967294,0
0,0,0.28362466215501,0
0,0,0.287822996276354,0
0,0,0.29149410795201,0
0,0,0.294618865374015,0
0,0,0.297188486728876,0
0,0,0.299189956114455,0
0,0,0.300609787174318,0
0,0,0.301441236730248,0
0,0,0.301672386606793,0
0,0,0.301299159533404,0
0,0,0.300308853244135,0
0,0,0.298702565465675,0
0,0,0.296474964382689,0
0,0,0.293619149998863,0
0,0,0.290140924583824,0
0,0,0.286034329049847,0
0,0,0.281305322484657,0
0,0,0.275954061706353,0
0,0,0.269986035348367,0
0,0,0.263408300225112,0
0,0,0.256225404061432,0
0,0,0.248450205941367,0
0,0,0.240087724044056,0
0,0,0.23115489472409,0
0,0,0.221657990705391,0
0,0,0.21161724152261,0
0,0,0.201043781260708,0
0,0,0.189954859910473,0
0,0,0.178369766097966,0
0,0,0.166305122541582,0
0,0,0.153784922410326,0
0,0,0.140823122514923,0
0,0,0.127449518294007,0
0,0,0.113683868827934,0
0,0,0.0995490695590195,0
0,0,0.0850727204725243,0
0,0,0.0702800692822356,0
0,0,0.0551988727915111,0
0,0,0.0398545355322366,0
0,0,0.0242790483964175,0
0,0,0.00850110909599855,0
0,0,-0.00745058465707438,0
0,0,-0.023541376063129,0
0,0,-0.0397453901359851,0
0,0,-0.0560243632597149,0
0,0,-0.0723483431775894,0
0,0,-0.0886861230880932,0
0,0,-0.105002105282967,0
0,0,-0.121262260234929,0
0,0,-0.137434910688173,0
0,0,-0.153483831662045,0
0,0,-0.169377189082638,0
0,0,-0.18507546478924,0
0,0,-0.20055215652328,0
0,0,-0.215765864306868,0
0,0,-0.230687106337568,0
0,0,-0.245281382633807,0
0,0,-0.259514506850207,0
0,0,-0.273356526730037,0
0,0,-0.286772001383136,0
0,0,-0.299732389915655,0
0,0,-0.312204446890807,0
0,0,-0.324162140504311,0
0,0,-0.335573950318458,0
0,0,-0.346412119529891,0
0,0,-0.356653282241997,0
0,0,-0.366266231653263,0
0,0,-0.375232620046214,0
0,0,-0.383522338346024,0
0,0,-0.391121429741964,0
0,0,-0.398003862429755,0
0,0,-0.404150504601435,0
0,0,-0.40954943808155,0
0,0,-0.414180119699255,0
0,0,-0.41802937673431,0
0,0,-0.421084820556971,0
0,0,-0.423337982989941,0
0,0,-0.424776318585376,0
0,0,-0.425394809164136,0
0,0,-0.425189063819477,0
0,0,-0.424152339373183,0
0,0,-0.422288085823409,0
0,0,-0.41959034408243,0
0,0,-0.416067582327541,0
0,0,-0.411722936920704,0
0,0,-0.406561269222959,0
0,0,-0.400592929228776,0
0,0,-0.393827796478336,0
0,0,-0.386281239145248,0
0,0,-0.3779621958611,0
0,0,-0.368896227975879,0
0,0,-0.35909572411933,0
0,0,-0.348583422915672,0
0,0,-0.337385356169185,0
0,0,-0.325521910232616,0
0,0,-0.313023194180794,0
0,0,-0.299916023908488,0
0,0,-0.286233331216289,0
0,0,-0.272004911542831,0
0,0,-0.257265421687786,0
0,0,-0.242051400268002,0
0,0,-0.226397660901249,0
0,0,-0.210346387655907,0
0,0,-0.19393192369545,0
0,0,-0.177199903086415,0
0,0,-0.16019031444381,0
0,0,-0.142944714563618,0
0,0,-0.125507953421889,0
0,0,-0.107924096904176,0
0,0,-0.090236113169349,0
0,0,-0.0724880681029635,0
0,0,-0.0547265366801453,0
0,0,-0.0369940166054683,0
0,0,-0.0193347305825871,0
0,0,-0.00179509676852818,0
0,0,0.0155819166778399,0
0,0,0.0327547529605297,0
0,0,0.0496782484672991,0
0,0,0.0663116304926517,0
0,0,0.0826156945120722,0
0,0,0.0985460610038082,0
0,0,0.114069014076777,0
0,0,0.129143310571186,0
0,0,0.143734293687366,0
0,0,0.157806052080858,0
0,0,0.171327849404444,0
0,0,0.184265185676548,0
0,0,0.196589833639521,0
0,0,0.208274350126199,0
0,0,0.219289723788443,0
0,0,0.229615097819209,0
0,0,0.239223185869435,0
0,0,0.248097522038824,0
0,0,0.256218347247019,0
0,0,0.263566059231764,0
0,0,0.270129523908095,0
0,0,0.275892589011913,0
0,0,0.280846629547823,0
0,0,0.284976120524117,0
0,0,0.288281532395091,0
0,0,0.290749692440505,0
0,0,0.292379346115576,0
0,0,0.29316845478503,0
0,0,0.293115293449786,0
0,0,0.292221743927023,0
0,0,0.290489060761524,0
0,0,0.287924614403899,0
0,0,0.284532952578991,0
0,0,0.280322700282194,0
0,0,0.275306089325157,0
0,0,0.269491901521371,0
0,0,0.262897073225427,0
0,0,0.255532424886091,0
0,0,0.247420695127583,0
0,0,0.238576154396827,0
0,0,0.229019032228472,0
0,0,0.218776301335384,0
0,0,0.207863957163568,0
0,0,0.196311951969753,0
0,0,0.18414443574104,0
0,0,0.171388224372198,0
0,0,0.158075308755233,0
0,0,0.144229838877245,0
0,0,0.129889764717966,0
0,0,0.115081902172166,0
0,0,0.0998451421281628,0
0,0,0.0842070845712162,0
0,0,0.0682100703878032,0
0,0,0.0518865609242232,0
0,0,0.0352752902506972,0
0,0,0.0184137378926628,0
0,0,0.0013411083746353,0
0,0,-0.0159037074150655,0
0,0,-0.0332793094985506,0
0,0,-0.0507460228970104,0
0,0,-0.0682622908144582,0
0,0,-0.0857868700911036,0
0,0,-0.103277576658567,0
0,0,-0.120691755994176,0
0,0,-0.137990046755316,0
0,0,-0.155125873966863,0
0,0,-0.17206254219387,0
0,0,-0.188754731005996,0
0,0,-0.205162608606334,0
0,0,-0.221247284106564,0
0,0,-0.236965318893523,0
0,0,-0.252281428895146,0
0,0,-0.267153273224957,0
0,0,-0.281548076900459,0
0,0,-0.295421930854196,0
0,0,-0.308749744190478,0
0,0,-0.321488705568532,0
0,0,-0.333610744548807,0
0,0,-0.345084183875493,0
0,0,-0.355878914473762,0
0,0,-0.365968590903139,0
0,0,-0.375322633634502,0
0,0,-0.383921910859889,0
0,0,-0.391742115774097,0
0,0,-0.398757373390948,0
0,0,-0.404956079171185,0
0,0,-0.410313612673412,0
0,0,-0.414820251175548,0
0,0,-0.418456235597238,0
0,0,-0.42121607730505,0
0,0,-0.423085505852059,0
0,0,-0.424057934878148,0
0,0,-0.424127875749885,0
0,0,-0.423288898925247,0
0,0,-0.421544140766198,0
0,0,-0.418886858094519,0
0,0,-0.415325519087507,0
0,0,-0.410862162380436,0
0,0,-0.405503374333425,0
0,0,-0.399260759485731,0
0,0,-0.392141374651766,0
0,0,-0.384164508457592,0
0,0,-0.375339413170995,0
0,0,-0.365690709233371,0
0,0,-0.355235489817409,0
0,0,-0.343994141275856,0
0,0,-0.331995518138757,0
0,0,-0.319261104485547,0
0,0,-0.305823361662523,0
0,0,-0.291708164655867,0
0,0,-0.276949699810956,0
0,0,-0.261581526200776,0
0,0,-0.245636732444018,0
0,0,-0.22915358215661,0
0,0,-0.21217096622687,0
0,0,-0.194726677816434,0
0,0,-0.176862273721286,0
0,0,-0.158621192554591,0
0,0,-0.140044363839942,0
0,0,-0.121177892098171,0
0,0,-0.102066470487226,0
0,0,-0.0827549489831523,0
0,0,-0.0632914707420555,0
0,0,-0.0437232380114524,0
0,0,-0.0240971394026641,0
0,0,-0.00446163170799252,0
0,0,0.0151360828250466,0
0,0,0.0346464496774643,0
0,0,0.0540224234198421,0
0,0,0.0732196245304277,0
0,0,0.0921848916739783,0
0,0,0.110879490780272,0
0,0,0.129251358240752,0
0,0,0.147260975894706,0
0,0,0.164860671040323,0
0,0,0.18201108233499,0
0,0,0.19866814389315,0
0,0,0.21479249437219,0
0,0,0.230344929247595,0
0,0,0.24528765535773,0
0,0,0.259584290903845,0
0,0,0.27320159044915,0
0,0,0.286103329012995,0
0,0,0.29826253388251,0
0,0,0.309646743711398,0
0,0,0.320231808512557,0
0,0,0.329991539663609,0
0,0,0.338901473541258,0
0,0,0.346945614699501,0
0,0,0.354100910877923,0
0,0,0.360354816628677,0
0,0,0.365690709233371,0
0,0,0.370102315968081,0
0,0,0.373576777748766,0
0,0,0.376110330941073,0
0,0,0.377700936909727,0
0,0,0.378346557019452,0
0,0,0.378052523085584,0
0,0,0.376818835108122,0
0,0,0.374658665807303,0
0,0,0.371577503816561,0
0,0,0.367591344581895,0
0,0,0.36271304718735,0
0,0,0.356961116168495,0
0,0,0.350355781059981,0
0,0,0.342913507762104,0
0,0,0.334663934895398,0
0,0,0.325626664722122,0
0,0,0.315830865408515,0
0,0,0.305304450576032,0
0,0,0.294077686117599,0
0,0,0.282180524289947,0
0,0,0.269645896893669,0
0,0,0.25650814709224,0
0,0,0.242800363504351,0
0,0,0.228558927928755,0
0,0,0.213819908528003,0
0,0,0.198618432556064,0
0,0,0.182992449992669,0
0,0,0.166979126727057,0
0,0,0.150615628648471,0
0,0,0.133939435282347,0
0,0,0.116988653426515,0
0,0,0.0998007626064108,0
0,0,0.0824138696198651,0
0,0,0.0648640426294316,0
0,0,0.0471915838863131,0
0,0,0.0294313070082792,0
0,0,0.0116205347026688,0
0,0,-0.00620152850600175,0
0,0,-0.0240016371809436,0
0,0,-0.0417413708881316,0
0,0,-0.0593854455555007,0
0,0,-0.0768987339290852,0
0,0,-0.0942468928454094,0
0,0,-0.111394951868606,0
0,0,-0.12831154737906,0
0,0,-0.144964374848573,0
0,0,-0.16131971838606,0
0,0,-0.17735013482436,0
0,0,-0.193024730998155,0
0,0,-0.208314809195499,0
0,0,-0.223195748974998,0
0,0,-0.237637127625625,0
0,0,-0.251617147431751,0
0,0,-0.265109776589097,0
0,0,-0.278093687836326,0
0,0,-0.290544731186337,0
0,0,-0.302446440738833,0
0,0,-0.31377482332481,0
0,0,-0.324517490314523,0
0,0,-0.334655466718103,0
0,0,-0.344174168452433,0
0,0,-0.353061363705863,0
0,0,-0.361303722940057,0
0,0,-0.368893248432015,0
0,0,-0.375818178824382,0
0,0,-0.382073495938019,0
0,0,-0.387652927049005,0
0,0,-0.392550513069612,0
0,0,-0.396767038090332,0
0,0,-0.400296856659634,0
0,0,-0.403142791503282,0
0,0,-0.405305626711768,0
0,0,-0.406787400920366,0
0,0,-0.407594700489194,0
0,0,-0.407728779963038,0
0,0,-0.407202655244037,0
0,0,-0.406017580876974,0
0,0,-0.404188768217363,0
0,0,-0.401722960443419,0
0,0,-0.398633173457282,0
0,0,-0.394933834523975,0
0,0,-0.390636861818949,0
0,0,-0.385760289423482,0
0,0,-0.380317917330204,0
0,0,-0.374328720528979,0
0,0,-0.367810262646791,0
0,0,-0.360782773218292,0
0,0,-0.353265540869541,0
0,0,-0.345280990588562,0
0,0,-0.336848881455711,0
0,0,-0.327993520276188,0
0,0,-0.31873701840182,0
0,0,-0.309102741729217,0
0,0,-0.299115624335973,0
0,0,-0.288798718482503,0
0,0,-0.27817758551879,0
0,0,-0.267277786794818,0
0,0,-0.256121747298612,0
0,0,-0.244738321560215,0
0,0,-0.233148836840962,0
0,0,-0.2213819908528,0
0,0,-0.209461933582831,0
0,0,-0.197412344563861,0
0,0,-0.185260353326857,0
0,0,-0.17302916895033,0
0,0,-0.16074482323856,0
0,0,-0.148428329816688,0
0,0,-0.136106034125186,0
0,0,-0.123799263425393,0
0,0,-0.111530442705332,0
0,0,-0.0993215264987302,0
0,0,-0.0871930579764348,0
0,0,-0.07516416894641,0
0,0,-0.0632546184890107,0
0,0,-0.0514814997769261,0
0,0,-0.0398626900733359,0
0,0,-0.0284134007337518,0
0,0,-0.0171482158412941,0
0,0,-0.00608218993337561,0
0,0,0.00477448381362788,0
0,0,0.0154089463156764,0
0,0,0.0258110043963953,0
0,0,0.0359710921518031,0
0,0,0.0458818391312903,0
0,0,0.0555347771575621,0
0,0,0.0649228494162053,0
0,0,0.0740430763633568,0
0,0,0.0828871466398193,0
0,0,0.0914517670655335,0
0,0,0.0997334876423419,0
0,0,0.107728701553989,0
0,0,0.115432861075631,0
0,0,0.122844398026287,0
0,0,0.129959862407801,0
0,0,0.136777529221092,0
0,0,0.14329269392322,0
0,0,0.149505513332283,0
0,0,0.155411439723436,0
0,0,0.1610087480976,0
0,0,0.166294458910914,0
0,0,0.171264808529023,0
0,0,0.17591948331573,0
0,0,0.180252994637605,0
0,0,0.184263147041274,0
0,0,0.187948529163854,0
0,0,0.19130224100903,0
0,0,0.194323655304411,0
0,0,0.197009478869937,0
0,0,0.199355007162667,0
0,0,0.201357887911128,0
0,0,0.203013259754282,0
0,0,0.204320024965441,0
0,0,0.205273165365469,0
0,0,0.205868760501912,0
0,0,0.206106026284281,0
0,0,0.205980571805831,0
0,0,0.205490985703678,0
0,0,0.204632406616783,0
0,0,0.20340687318042,0
0,0,0.201810935396432,0
0,0,0.199843652356231,0
0,0,0.197506121786503,0
0,0,0.194797716414856,0
0,0,0.191720945330859,0
0,0,0.188275181262119,0
0,0,0.184467167386854,0
0,0,0.180296433250768,0
0,0,0.175767369760609,0
0,0,0.170887661003181,0
0,0,0.165661384249033,0
0,0,0.160094341767795,0
0,0,0.154193276737682,0
0,0,0.147971048242736,0
0,0,0.141430635826819,0
0,0,0.134585839482563,0
0,0,0.127444813751066,0
0,0,0.120018222262995,0
0,0,0.112320492283373,0
0,0,0.10436056244379,0
0,0,0.0961539577359545,0
0,0,0.0877122826991217,0
0,0,0.0790491805078242,0
0,0,0.0701811170623579,0
0,0,0.0611192264476856,0
0,0,0.0518829541079677,0
0,0,0.0424832773100678,0
0,0,0.0329401119524402,0
0,0,0.0232658466648317,0
0,0,0.0134797700733045,0
0,0,0.00359630944288014,0
0,0,-0.00636508978228145,0
0,0,-0.0163912548819434,0
0,0,-0.0264605449585724,0
0,0,-0.036558219110951,0
0,0,-0.0466653023492137,0
0,0,-0.0567648583187689,0
0,0,-0.0668372847573596,0
0,0,-0.0768651748560998,0
0,0,-0.0868301808975172,0
0,0,-0.0967133278917457,0
0,0,-0.106495954485116,0
0,0,-0.116157987961075,0
0,0,-0.125683903327915,0
0,0,-0.135051902870006,0
0,0,-0.144242854779384,0
0,0,-0.153241234064341,0
0,0,-0.162023204373971,0
0,0,-0.170574808897545,0
0,0,-0.178874720373729,0
0,0,-0.186906002447931,0
0,0,-0.194651091493167,0
0,0,-0.202091953428161,0
0,0,-0.209212122352617,0
0,0,-0.215993250549059,0
0,0,-0.222422478933449,0
0,0,-0.228481146152115,0
0,0,-0.234156549939115,0
0,0,-0.239434576665624,0
0,0,-0.244298603613246,0
0,0,-0.248743298966647,0
0,0,-0.252748903645472,0
0,0,-0.256310085834386,0
0,0,-0.259416338720819,0
0,0,-0.262059194127476,0
0,0,-0.264230811149453,0
0,0,-0.265925230699025,0
0,0,-0.267140414140915,0
0,0,-0.267867266025438,0
0,0,-0.268109236350749,0
0,0,-0.267861306937711,0
0,0,-0.26712786869307,0
0,0,-0.265908137526336,0
0,0,-0.264206817980449,0
0,0,-0.262029398688844,0
0,0,-0.259381054648755,0
0,0,-0.25627088130987,0
0,0,-0.252706719577093,0
0,0,-0.248702055806857,0
0,0,-0.244267239993633,0
0,0,-0.239417169856739,0
0,0,-0.23416752720598,0
0,0,-0.228533523396868,0
0,0,-0.22253491750976,0
0,0,-0.21618911635354,0
0,0,-0.209516976735251,0
0,0,-0.20254061000672,0
0,0,-0.195282127519773,0
0,0,-0.187765365625316,0
0,0,-0.180014787946648,0
0,0,-0.172055955833751,0
0,0,-0.163913960182317,0
0,0,-0.155614989614721,0
0,0,-0.147187585024813,0
0,0,-0.138659189579751,0
0,0,-0.130056619174306,0
0,0,-0.12140872833852,0
0,0,-0.112742803421458,0
0,0,-0.104089267134141,0
0,0,-0.0954741512808511,0
0,0,-0.0869259967554336,0
0,0,-0.0784741285422271,0
0,0,-0.0701436375369209,0
0,0,-0.0619633782695592,0
0,0,-0.053957500727244,0
0,0,-0.0461537617133321,0
0,0,-0.0385747430339444,0
0,0,-0.0312447514942804,0
0,0,-0.0241874666271483,0
0,0,-0.0174243725119829,0
0,0,-0.0109735032300605,0
0,0,-0.00485697013320918,0
0,0,0.000908290423980995,0
0,0,0.00630832163078265,0
0,0,0.0113249325878202,0
0,0,0.0159471460282288,0
0,0,0.0201625733222619,0
0,0,0.0239592962944666,0
0,0,0.027329630858038,0
0,0,0.0302658929261708,0
0,0,0.0327619665930405,0
0,0,0.0348136177699996,0
0,0,0.0364172396407922,0
0,0,0.0375740867502035,0
0,0,0.0382807091000759,0
0,0,0.0385414975971545,0
0,0,0.038358647694813,0
0,0,0.0377389025712678,0
0,0,0.0366853985884803,0
0,0,0.0352086425590203,0
0,0,0.0333172594782818,0
0,0,0.0310192470692656,0
0,0,0.0283316985046611,0
0,0,0.0252599455998017,0
0,0,0.0218257860703188,0
0,0,0.0180386290020957,0
0,0,0.0139193312021753,0
0,0,0.00948247675367697,0
0,0,0.00474813837315358,0
0,0,-0.000265179403824534,0
0,0,-0.00553693340641037,0
0,0,-0.0110434441017967,0
0,0,-0.016765422863922,0
0,0,-0.0226780924332913,0
0,0,-0.0287568323685103,0
0,0,-0.0349776495005738,0
0,0,-0.0413163938423806,0
0,0,-0.0477456222267703,0
0,0,-0.0542400869399539,0
0,0,-0.0607739129957511,0
0,0,-0.067318873136511,0
0,0,-0.073849562830347,0
0,0,-0.0803383820920006,0
0,0,-0.0867586718448005,0
0,0,-0.0930833025577815,0
0,0,-0.0992876537895488,0
0,0,-0.10534428237294,0
0,0,-0.111227470139874,0
0,0,-0.116914164829935,0
0,0,-0.122376923275962,0
0,0,-0.127595515943304,0
0,0,-0.13254422466388,0
0,0,-0.137203133539236,0
0,0,-0.141551856216622,0
0,0,-0.145565458618448,0
0,0,-0.149231708933064,0
0,0,-0.152528182172448,0
0,0,-0.155439039708695,0
0,0,-0.157948599731998,0
0,0,-0.160043219067826,0
0,0,-0.161707686360668,0
0,0,-0.16293165161605,0
0,0,-0.163706646656678,0
0,0,-0.164018871489921,0
0,0,-0.163866914752898,0
0,0,-0.163239799178744,0
0,0,-0.162136897495066,0
0,0,-0.160551936977943,0
0,0,-0.158488994897923,0
0,0,-0.155945091711144,0
0,0,-0.152921795598587,0
0,0,-0.149428202009938,0
0,0,-0.145463213218511,0
0,0,-0.141040001944545,0
0,0,-0.136162488640489,0
0,0,-0.130845884661857,0
0,0,-0.125099442276435,0
0,0,-0.118939627384517,0
0,0,-0.112380867251128,0
0,0,-0.10543978459466,0
0,0,-0.098137393040256,0
0,0,-0.0904912562148974,0
0,0,-0.0825261513780782,0
0,0,-0.0742632489730376,0
0,0,-0.0657292080764457,0
0,0,-0.0569477082211106,0
0,0,-0.0479466630284872,0
0,0,-0.0387544565743244,0
0,0,-0.029397904753392,0
0,0,-0.0199089984576942,0
0,0,-0.0103159649448826,0
0,0,-0.000650324652667789,0
0,0,0.00905655879933764,0
0,0,0.0187733217915214,0
0,0,0.0284703257033487,0
0,0,0.0381133841894423,0
0,0,0.0476744268102491,0
0,0,0.0571200513108816,0
0,0,0.0664212463431979,0
0,0,0.075547432378076,0
0,0,0.0844686571587854,0
0,0,0.0931568502457731,0
0,0,0.101582373018505,0
0,0,0.10972029139939,0
0,0,0.117543946311756,0
0,0,0.125027149133227,0
0,0,0.13214747487578,0
0,0,0.13888030309802,0
0,0,0.145206188355786,0
0,0,0.151101921570565,0
0,0,0.156551977750648,0
0,0,0.161537068269975,0
0,0,0.166040256773954,0
0,0,0.170049625087132,0
0,0,0.173548550491115,0
0,0,0.176529505717196,0
0,0,0.17897743622796,0
0,0,0.180888578389055,0
0,0,0.182253679932694,0
0,0,0.183067095407347,0
0,0,0.183326942995837,0
0,0,0.183028047700929,0
0,0,0.182172918612191,0
0,0,0.180758419367663,0
0,0,0.178791449963657,0
0,0,0.176273264944961,0
0,0,0.173211234762181,0
0,0,0.169614298046909,0
0,0,0.165485904797301,0
0,0,0.160845030003223,0
0,0,0.155695750935224,0
0,0,0.150056415310778,0
0,0,0.143941293576809,0
0,0,0.137366224361221,0
0,0,0.13035018265388,0
0,0,0.122913084353239,0
0,0,0.115075158993949,0
0,0,0.106858517927837,0
0,0,0.0982893497772792,0
0,0,0.0893902363483965,0
0,0,0.0801861117187812,0
0,0,0.070706144054673,0
0,0,0.0609785606137232,0
0,0,0.0510301772907007,0
0,0,0.04089220088712,0
0,0,0.0305952109321033,0
0,0,0.0201722960443418,0
0,0,0.00965168348148704,0
0,0,-0.000930715412004179,0
0,0,-0.0115418120174414,0
0,0,-0.0221516540780941,0
0,0,-0.0327254279761918,0
0,0,-0.0432284769120636,0
0,0,-0.0536308486289788,0
0,0,-0.0638983567815594,0
0,0,-0.0739997945682915,0
0,0,-0.0839019165523857,0
0,0,-0.0935783772933668,0
0,0,-0.102995147263956,0
0,0,-0.112126351477971,0
0,0,-0.120944546768254,0
0,0,-0.129422760421935,0
0,0,-0.137537783360502,0
0,0,-0.145266406505442,0
0,0,-0.152588557140203,0
0,0,-0.159480555731976,0
0,0,-0.165930797741506,0
0,0,-0.171918269543651,0
0,0,-0.177433248416333,0
0,0,-0.182462718457412,0
0,0,-0.186994134219042,0
0,0,-0.191024986611655,0
0,0,-0.194545709731269,0
0,0,-0.197554735396903,0
0,0,-0.200049084064694,0
0,0,-0.202031735278505,0
0,0,-0.203505198127906,0
0,0,-0.204471981702465,0
0,0,-0.204941808724261,0
0,0,-0.204922049643905,0
0,0,-0.204424936273046,0
0,0,-0.203460034515664,0
0,0,-0.202044594362547,0
0,0,-0.20019351353301,0
0,0,-0.197921846564468,0
0,0,-0.195252175263043,0
0,0,-0.192201122347128,0
0,0,-0.188791269622845,0
0,0,-0.185044257987726,0
0,0,-0.180985491973658,0
0,0,-0.176635828387683,0
0,0,-0.172022083124569,0
0,0,-0.167170287988596,0
0,0,-0.162104279330669,0
0,0,-0.156852284408439,0
0,0,-0.151443000933852,0
0,0,-0.145901049348304,0
0,0,-0.140253716000856,0
0,0,-0.134531423602535,0
0,0,-0.12875847895854,0
0,0,-0.12296075705505,0
0,0,-0.117168053330699,0
0,0,-0.111404831408783,0
0,0,-0.105695241276405,0
0,0,-0.100066255646432,0
0,0,-0.0945420245059644,0
0,0,-0.0891429342077513,0
0,0,-0.0838953301922669,0
0,0,-0.078817089722691,0
0,0,-0.0739329900585165,0
0,0,-0.0692585561914529,0
0,0,-0.0648148017466399,0
0,0,-0.0606189767148648,0
0,0,-0.0566889583593063,0
0,0,-0.0530361944011236,0
0,0,-0.0496787189215935,0
0,0,-0.0466303319133453,0
0,0,-0.043898874281283,0
0,0,-0.041496734655153,0
0,0,-0.039437399391389,0
0,0,-0.0377235343976577,0
0,0,-0.0363640783055494,0
0,0,-0.0353649902027895,0
0,0,-0.0347306609961241,0
0,0,-0.0344607770493577,0
0,0,-0.0345576906339605,0
0,0,-0.0350231267490121,0
0,0,-0.0358511263067849,0
0,0,-0.0370396506720049,0
0,0,-0.0385839953017301,0
0,0,-0.0404764761091551,0
0,0,-0.0427086249169844,0
0,0,-0.0452735417289041,0
0,0,-0.048155701553205,0
0,0,-0.0513472634849843,0
0,0,-0.0548303502610633,0
0,0,-0.0585950823412628,0
0,0,-0.0626229551900124,0
0,0,-0.0668975029070159,0
0,0,-0.0714032005005634,0
0,0,-0.0761185638912217,0
0,0,-0.08102822490538,0
0,0,-0.0861099153731135,0
0,0,-0.0913446603045563,0
0,0,-0.0967112892564704,0
0,0,-0.102190199966598,0
0,0,-0.10775692881164,0
0,0,-0.113393912164615,0
0,0,-0.11907700003842,0
0,0,-0.124784551535524,0
0,0,-0.130495709848882,0
0,0,-0.136187893172375,0
0,0,-0.141841028789451,0
0,0,-0.147434573529262,0
0,0,-0.152945318313296,0
0,0,-0.158357424513648,0
0,0,-0.163646271688923,0
0,0,-0.168796805301706,0
0,0,-0.17378534581919,0
0,0,-0.178598877339236,0
0,0,-0.183216543054801,0
0,0,-0.187620465702706,0
0,0,-0.191797315744616,0
0,0,-0.195729372735449,0
0,0,-0.199402366228282,0
0,0,-0.202799359868524,0
0,0,-0.205911885478879,0
0,0,-0.208723477159052,0
0,0,-0.211222687187883,0
0,0,-0.213400576933783,0
0,0,-0.21524428731271,0
0,0,-0.216747545600743,0
0,0,-0.217898276804329,0
0,0,-0.218694442288196,0
0,0,-0.219126946602654,0
0,0,-0.219190614750468,0
0,0,-0.218883721732558,0
0,0,-0.218202974368866,0
0,0,-0.217148059023196,0
0,0,-0.215715682515488,0
0,0,-0.213911176661076,0
0,0,-0.211733286915176,0
0,0,-0.209186404184534,0
0,0,-0.206275233012092,0
0,0,-0.20300212566932,0
0,0,-0.199376334424003,0
0,0,-0.195403661545772,0
0,0,-0.19109100703094,0
0,0,-0.186449191328273,0
0,0,-0.18148730988746,0
0,0,-0.176215242248677,0
0,0,-0.170646161132164,0
0,0,-0.164792768803862,0
0,0,-0.158668237984009,0
0,0,-0.152285584574745,0
0,0,-0.145660647203973,0
0,0,-0.138807853136715,0
0,0,-0.13174351145517,0
0,0,-0.124482676696752,0
0,0,-0.117042755670347,0
0,0,-0.109437391550484,0
0,0,-0.101684461600344,0
0,0,-0.0938015294469104,0
0,0,-0.0858016109923216,0
0,0,-0.0777027403178547,0
0,0,-0.0695199719609243,0
0,0,-0.0612688309132382,0
0,0,-0.0529665671655833,0
0,0,-0.0446261966200996,0
0,0,-0.0362638715408866,0
0,0,-0.0278937055567708,0
0,0,-0.0195321645680485,0
0,0,-0.0111914803863683,0
0,0,-0.00288827573012529,0
0,0,0.00536521758903152,0
0,0,0.0135539450336883,0
0,0,0.0216637929750194,0
0,0,0.0296825296013763,0
0,0,0.0375954140115402,0
0,0,0.0453899007576668,0
0,0,0.0530545421185968,0
0,0,0.060574910829309,0
0,0,0.0679411273496251,0
0,0,0.0751401757774059,0
0,0,0.082162019754376,0
0,0,0.0889948979231794,0
0,0,0.0956308125608158,0
0,0,0.102058629582323,0
0,0,0.108269096719914,0
0,0,0.114256098067766,0
0,0,0.120009754085699,0
0,0,0.125523164777401,0
0,0,0.130791625599927,0
0,0,0.135806668375984,0
0,0,0.140565313561708,0
0,0,0.14506332706845,0
0,0,0.149296631625663,0
0,0,0.15326318859807,0
0,0,0.156961272986593,0
0,0,0.160390884791232,0
0,0,0.163549985376712,0
0,0,0.166443122467878,0
0,0,0.169069198338042,0
0,0,0.171433858438735,0
0,0,0.173540239131918,0
0,0,0.175392574506238,0
0,0,0.176998548648502,0
0,0,0.178363650192142,0
0,0,0.179496817768745,0
0,0,0.180405265010824,0
0,0,0.181099185094753,0
0,0,0.18158767347022,0
0,0,0.181882177858382,0
0,0,0.181992264163222,0
0,0,0.181929850560193,0
0,0,0.181706384770453,0
0,0,0.181333314515161,0
0,0,0.180822244333574,0
0,0,0.180184778764948,0
0,0,0.179434247347618,0
0,0,0.178579745531272,0
0,0,0.177633034673266,0
0,0,0.176605876130952,0
0,0,0.175508776716903,0
0,0,0.174350831880806,0
0,0,0.173141921162838,0
0,0,0.171892708193667,0
0,0,0.170611504332492,0
0,0,0.169303798212744,0
0,0,0.167979783010798,0
0,0,0.166645104178183,0
0,0,0.165306504893117,0
0,0,0.163968532880443,0
0,0,0.162636676773593,0
0,0,0.161314229752627,0
0,0,0.160003544089016,0
0,0,0.158706815236133,0
0,0,0.15742294546729,0
0,0,0.156153032509176,0
0,0,0.154892999091239,0
0,0,0.153642688395382,0
0,0,0.152393318608114,0
0,0,0.151143007912257,0
0,0,0.149883601766712,0
0,0,0.148605691085597,0
0,0,0.147301591782104,0
0,0,0.145959542498881,0
0,0,0.14456950687765,0
0,0,0.143119253106762,0
0,0,0.141595451647884,0
0,0,0.13998461614458,0
0,0,0.138273573876614,0
0,0,0.136446643034179,0
0,0,0.134488612261764,0
0,0,0.13238552474864,0
0,0,0.130119660049727,0
0,0,0.127676277263806,0
0,0,0.12503906730868,0
0,0,0.122193916555522,0
0,0,0.119120438651584,0
0,0,0.115806715421413,0
0,0,0.11223816278189,0
0,0,0.108392355744992,0
0,0,0.104260826133422,0
0,0,0.0998266375925914,0
0,0,0.0950742651307901,0
0,0,0.0899914769363701,0
0,0,0.0845632184719174,0
0,0,0.0787781988343712,0
0,0,0.0726226180311018,0
0,0,0.0660864397038332,0
0,0,0.0591597843123879,0
0,0,0.051831047317509,0
0,0,0.0440934855409794,0
0,0,0.0359389444417,0
0,0,0.0273620922043372,0
0,0,0.0183539901973007,0
0,0,0.00891620660157133,0
0,0,-0.000956747216282583,0
0,0,-0.0112675371639291,0
0,0,-0.0220114586984252,0
0,0,-0.033190550455047,0
0,0,-0.0447979124374785,0
0,0,-0.0568324469190339,0
0,0,-0.0692825493604567,0
0,0,-0.0821432015826085,0
0,0,-0.095402328591938,0
0,0,-0.109048482667288,0
0,0,-0.123067550179832,0
0,0,-0.13744322204737,0
0,0,-0.152161384641079,0
0,0,-0.167199299336738,0
0,0,-0.182539559325463,0
0,0,-0.198159269164936,0
0,0,-0.214034906140448,0
0,0,-0.230142790719192,0
0,0,-0.246455166097809,0
0,0,-0.262947568653003,0
0,0,-0.279588477947063,0
0,0,-0.296349196268043,0
0,0,-0.313199614541115,0
0,0,-0.330108212328568,0
0,0,-0.34704205782981,0
0,0,-0.363968219244246,0
0,0,-0.380853451135089,0
0,0,-0.397663567156958,0
0,0,-0.414365008236871,0
0,0,-0.430922019848467,0
0,0,-0.447300886100663,0
0,0,-0.463465225194709,0
0,0,-0.479380380330933,0
0,0,-0.495012008345859,0
0,0,-0.510323570622639,0
0,0,-0.525283076269266,0
0,0,-0.539853202578403,0
0,0,-0.554001174567555,0
0,0,-0.567693119527539,0
0,0,-0.580894223840585,0
0,0,-0.593571242069905,0
0,0,-0.60569406514067,0
0,0,-0.61722787943511,0
0,0,-0.628142262242201,0
0,0,-0.638407731759507,0
0,0,-0.647988690278768,0
0,0,-0.656863183266255,0
0,0,-0.664993103924138,0
0,0,-0.672359006808258,0
0,0,-0.678929528299002,0
0,0,-0.684677068411112,0
0,0,-0.689582181700426,0
0,0,-0.693612877274941,0
0,0,-0.696754727869634,0
0,0,-0.698974644865815,0
0,0,-0.700263219177599,0
0,0,-0.700594732636904,0
0,0,-0.699949112527179,0
0,0,-0.698316636126342,0
0,0,-0.695672839811097,0
0,0,-0.69201066676703,0
0,0,-0.687309573823296,0
0,0,-0.68156579734554,0
0,0,-0.674764125978251,0
0,0,-0.666897346088918,0
0,0,-0.657961537225088,0
0,0,-0.647945565301801,0
0,0,-0.636853507589604,0
0,0,-0.62467391636734,0
0,0,-0.611416200720893,0
0,0,-0.597072362927261,0
0,0,-0.581654007525701,0
0,0,-0.565161761788605,0
0,0,-0.547600643895111,0
0,0,-0.528986962927418,0
0,0,-0.509322130248408,0
0,0,-0.488626689028928,0
0,0,-0.46690848017388,0
0,0,-0.444191026397975,0
0,0,-0.420488911784331,0
0,0,-0.395823463594286,0
0,0,-0.370221654540707,0
0,0,-0.343703086885851,0
0,0,-0.316301319702704,0
0,0,-0.28804113025076,0
0,0,-0.25896046850975,0
0,0,-0.229089286736404,0
0,0,-0.198464907638061,0
0,0,-0.167131397100277,0
0,0,-0.135124666467508,0
0,0,-0.102493329350154,0
0,0,-0.0692809811794762,0
0,0,-0.0355403128364237,0
0,0,-0.00131978111329911,0
0,0,0.0333224344755179,0
0,0,0.0683305066871156,0
0,0,0.103646099189015,0
0,0,0.139205857469599,0
0,0,0.174948465652524,0
0,0,0.210805551047035,0
0,0,0.246710779597652,0
0,0,0.282591387706872,0
0,0,0.318379316320138,0
0,0,0.353997881387495,0
0,0,0.389375573856227,0
0,0,0.424433043768715,0
0,0,0.459098625254143,0
0,0,0.493295477444461,0
0,0,0.526946289017323,0
0,0,0.559979550920013,0
0,0,0.592315599558714,0
0,0,0.623885905424573,0
0,0,0.654611118559971,0
0,0,0.684427257180897,0
0,0,0.713260930417458,0
0,0,0.741042040579819,0
0,0,0.767712094517404,0
0,0,0.793199583177495,0
0,0,0.817449933861967,0
0,0,0.840397439787731,0
0,0,0.861994741889172,0
0,0,0.882185385650987,0
0,0,0.900916837010326,0
0,0,0.918149734624574,0
0,0,0.933834523974743,0
0,0,0.947934980080181,0
0,0,0.96040887182708,0
0,0,0.97123266081892,0
0,0,0.980368130485203,0
0,0,0.987792855837907,0
0,0,0.993488896886612,0
0,0,0.997426787510693,0
0,0,0.999606072937666,0
0,0,1,0
0,0,0.998614386649134,0
0,0,0.99544026288986,0
0,0,0.990474194405828,0
0,0,0.983727691645437,0
0,0,0.975200299836204,0
0,0,0.964910429422839,0
0,0,0.952863004493623,0
0,0,0.939086675715071,0
0,0,0.92359712489699,0
0,0,0.906419897707555,0
0,0,0.887587455493064,0
0,0,0.867126457330188,0
0,0,0.845078930469208,0
0,0,0.821476865802129,0
0,0,0.796369033757448,0
0,0,0.769798088857839,0
0,0,0.741811860623211,0
0,0,0.712468685386043,0
0,0,0.681814197212872,0
0,0,0.649914730159178,0
0,0,0.616825013741186,0
0,0,0.582613107013454,0
0,0,0.54734079630662,0
0,0,0.511078336128616,0
0,0,0.473895667351178,0
0,0,0.435862260391747,0
0,0,0.397055269754572,0
0,0,0.357545577219976,0
0,0,0.317412219109383,0
0,0,0.27673078174606,0
0,0,0.235577949179959,0
0,0,0.194033855459191,0
0,0,0.152174400543218,0
0,0,0.110081443479229,0
0,0,0.0678313546809808,0
0,0,0.0255036409241918,0
0,0,-0.0168204660163419,0
0,0,-0.0590664775440403,0
0,0,-0.101154730065088,0
0,0,-0.143007284984746,0
0,0,-0.18455169234171,0
0,0,-0.225709072632654,0
0,0,-0.266409484985843,0
0,0,-0.306575931715127,0
0,0,-0.346142706037418,0
0,0,-0.385037357991411,0
0,0,-0.423191671704448,0
0,0,-0.460544644936383,0
0,0,-0.49702712090597,0
0,0,-0.532581547371219,0
0,0,-0.567143628911926,0
0,0,-0.600663654191003,0
0,0,-0.633081405058795,0
0,0,-0.664344347452451,0
0,0,-0.694408572304513,0
0,0,-0.723217938735874,0
0,0,-0.750735751311587,0
0,0,-0.776912298694568,0
0,0,-0.801716060447104,0
0,0,-0.825104382046523,0
0,0,-0.847043077147448,0
0,0,-0.86750846621707,0
0,0,-0.886460247004187,0
0,0,-0.903884619516169,0
0,0,-0.919749592861013,0
0,0,-0.934042464772775,0
0,0,-0.946742848898706,0
0,0,-0.95783427933851,0
0,0,-0.967314403820716,0
0,0,-0.975164560991655,0
0,0,-0.981388984939975,0
0,0,-0.985976071126417,0
0,0,-0.988937737726436,0
0,0,-0.990269750651384,0
0,0,-0.989984341712908,0
0,0,-0.988090763178797,0
0,0,-0.984600776406404,0
0,0,-0.979535081384673,0
0,0,-0.972905125834763,0
0,0,-0.964743057466776,0
0,0,-0.955069105815364,0
0,0,-0.943911498138177,0
0,0,-0.931306773052065,0
0,0,-0.917280178270814,0
0,0,-0.901879543314335,0
0,0,-0.885134349985063,0
0,0,-0.867094780074379,0
0,0,-0.847803644923053,0
0,0,-0.827305324052838,0
0,0,-0.805657056069527,0
0,0,-0.782903220494871,0
0,0,-0.7591062309319,0
0,0,-0.734316269171993,0
0,0,-0.708598414725847,0
0,0,-0.682009592563058,0
0,0,-0.654610648105677,0
0,0,-0.626469954044456,0
0,0,-0.597648669437643,0
0,0,-0.568215323794088,0
0,0,-0.538235310260686,0
0,0,-0.507778726527272,0
0,0,-0.476913945284598,0
0,0,-0.445707457406245,0
0,0,-0.414230771944929,0
0,0,-0.382553829772386,0
0,0,-0.350744062670785,0
0,0,-0.31887062742137,0
0,0,-0.287002994441582,0
0,0,-0.255207654605003,0
0,0,-0.223551412421405,0
0,0,-0.192099974673877,0
0,0,-0.160917166328331,0
0,0,-0.130066341896386,0
0,0,-0.0996096013448723,0
0,0,-0.0696040264614861,0
0,0,-0.0401079535787069,0
0,0,-0.0111775235756408,0
0,0,0.017138493119214,0
0,0,0.0447863078982218,0
0,0,0.0717231094206119,0
0,0,0.0978999704397885,0
0,0,0.123280509157001,0
0,0,0.147825677865831,0
0,0,0.171497840222745,0
0,0,0.194271905332051,0
0,0,0.21611384366647,0
0,0,0.237004993872333,0
0,0,0.256919794599655,0
0,0,0.275844916310102,0
0,0,0.293763893103375,0
0,0,0.310664963622122,0
0,0,0.326545148322477,0
0,0,0.341395194936657,0
0,0,0.355219023917112,0
0,0,0.368013498901881,0
0,0,0.379789440339731,0
0,0,0.390548102775445,0
0,0,0.400305952109321,0
0,0,0.409071456518654,0
0,0,0.416861865994231,0
0,0,0.423696625980211,0
0,0,0.429591104650206,0
0,0,0.434572431535179,0
0,0,0.438661306624075,0
0,0,0.441884232175467,0
0,0,0.444270062719398,0
0,0,0.445843732333461,0
0,0,0.446641152362112,0
0,0,0.446687100064844,0
0,0,0.446021564056665,0
0,0,0.444671203414244,0
0,0,0.442674752207803,0
0,0,0.44006639678272,0
0,0,0.436879382575784,0
0,0,0.433153384565806,0
0,0,0.428922745916261,0
0,0,0.424223691607801,0
0,0,0.419094485256355,0
0,0,0.413568999571102,0
0,0,0.40768408680509,0
0,0,0.401473776485597,0
0,0,0.394973195866589,0
0,0,0.388215433566757,0
0,0,0.38123389184099,0
0,0,0.374056170674545,0
0,0,0.366717554139488,0
0,0,0.359242035404822,0
0,0,0.351656116729119,0
0,0,0.34398818218813,0
0,0,0.336256579499327,0
0,0,0.328483733650733,0
0,0,0.320688462814117,0
0,0,0.312888016980264,0
0,0,0.305093687052235,0
0,0,0.297319743476955,0
0,0,0.289575438522209,0
0,0,0.281867358548115,0
0,0,0.274200364915714,0
0,0,0.266576653078378,0
0,0,0.258998261671383,0
0,0,0.251463465695649,0
0,0,0.243963796973881,0
0,0,0.236498785051785,0
0,0,0.22905557084532,0
0,0,0.221626940721975,0
0,0,0.214198153780532,0
0,0,0.206759173662714,0
0,0,0.199292907195834,0
0,0,0.191783515751986,0
0,0,0.184216415248051,0
0,0,0.176570748876986,0
0,0,0.168832716646163,0
0,0,0.16097801175038,0
0,0,0.15299597055897,0
0,0,0.144863540811518,0
0,0,0.136561277063863,0
0,0,0.128079299775828,0
0,0,0.119393458960312,0
0,0,0.110494972803821,0
0,0,0.101365493588884,0
0,0,0.0919963963201065,0
0,0,0.0823756060039376,0
0,0,0.0724921453735132,0
0,0,0.0623439757935584,0
0,0,0.0519205904515028,0
0,0,0.0412237143464254,0
0,0,0.0302483292991877,0
0,0,0.0189988262165361,0
0,0,0.00747755736994105,0
0,0,-0.00431171360624383,0
0,0,-0.0163580094451543,0
0,0,-0.0286555278771616,0
0,0,-0.0411882734562629,0
0,0,-0.0539458961879871,0
0,0,-0.0669087938100763,0
0,0,-0.0800578345145655,0
0,0,-0.0933770228554536,0
0,0,-0.10683562248552,0
0,0,-0.120416069777781,0
0,0,-0.134087942021213,0
0,0,-0.14782175741338,0
0,0,-0.161590700059513,0
0,0,-0.17536168134092,0
0,0,-0.1891025535475,0
0,0,-0.202781325787247,0
0,0,-0.216361459443312,0
0,0,-0.229811904532278,0
0,0,-0.243092358802945,0
0,0,-0.256173497270973,0
0,0,-0.269014390412769,0
0,0,-0.281583204154425,0
0,0,-0.293842615788603,0
0,0,-0.305756713970846,0
0,0,-0.317291939628168,0
0,0,-0.328409245054153,0
0,0,-0.339081657535933,0
0,0,-0.349268090731815,0
0,0,-0.358938121930776,0
0,0,-0.368062112512281,0
0,0,-0.376604307949972,0
0,0,-0.384540244620551,0
0,0,-0.391833070270974,0
0,0,-0.398464280365669,0
0,0,-0.404402668103121,0
